,Zahlen vom 07.11.2021,vor einer Woche,+/- in %
Fälle neu,495.0,324.0,52.8
Fälle total,62602,61387,2.0
7-Tages-Durchschnitt,173.57142857142858,137.71428571428572,26.0
Fälle pro 100'000 EW pro 14 Tage,289.2647058823529,187.50000000000003,54.3
Todesfälle neu,1.0,3.0,-66.7
Todesfälle total,742,740,0.3
Nachmeldungen Fälle,-2,0,
Nachmeldungen Todesfälle,0,2,-100.0
