,Zahlen vom 01.02.2022,vor einer Woche,+/- in %
Fälle neu,2845,3261,-12.8
Fälle total,152469,135080,12.9
7-Tages-Durchschnitt,2484.1428571428573,2458.714285714286,1.0
Fälle pro 100'000 EW pro 14 Tage,5088.235294117647,4224.705882352942,20.4
Todesfälle neu,0,1,-100.0
Todesfälle total,889,884,0.6
Nachmeldungen Fälle,-7,-20,
Nachmeldungen Todesfälle,1,0,
