,Zahlen vom 18.08.2021,vor einer Woche,+/- in %
Fälle neu,288,211,36.5
Fälle total,51497,49923,3.2
7-Tages-Durchschnitt,224.85714285714286,177.57142857142858,26.6
Fälle pro 100'000 EW pro 14 Tage,365.7352941176471,200.73529411764704,82.2
Todesfälle neu,0,0,0.0
Todesfälle total,706,706,0.0
Nachmeldungen Fälle,0,0,0.0
Nachmeldungen Todesfälle,0,0,0.0
