,Zahlen vom 03.01.2022,vor einer Woche,+/- in %
Fälle neu,1019,692,47.3
Fälle total,95077,88841,7.0
7-Tages-Durchschnitt,890.8571428571429,773.7142857142857,15.1
Fälle pro 100'000 EW pro 14 Tage,1590.1470588235293,1318.3823529411764,20.6
Todesfälle neu,1,0,
Todesfälle total,860,849,1.3
Nachmeldungen Fälle,5,-10,
Nachmeldungen Todesfälle,2,3,-33.3
