,Zahlen vom 04.11.2021,vor einer Woche,+/- in %
Fälle neu,229,149,53.7
Fälle total,62109,61065,1.7
7-Tages-Durchschnitt,149.14285714285714,107.71428571428571,38.5
Fälle pro 100'000 EW pro 14 Tage,245.58823529411765,161.32352941176472,52.2
Todesfälle neu,0,1,-100.0
Todesfälle total,741,737,0.5
Nachmeldungen Fälle,0,0,0.0
Nachmeldungen Todesfälle,0,0,0.0
