,Zahlen vom 20.12.2021,vor einer Woche,+/- in %
Fälle neu,497,492,1.0
Fälle total,84271,79876,5.5
7-Tages-Durchschnitt,627.8571428571429,640.4285714285714,-2.0
Fälle pro 100'000 EW pro 14 Tage,1365.7352941176473,1376.764705882353,-0.8
Todesfälle neu,0,4,-100.0
Todesfälle total,834,814,2.5
Nachmeldungen Fälle,10,3,233.3
Nachmeldungen Todesfälle,2,3,-33.3
