,Zahlen vom 24.02.2022,vor einer Woche,+/- in %
Fälle neu,1705,1292,32.0
Fälle total,189633,180573,5.0
7-Tages-Durchschnitt,1294.2857142857142,1435.142857142857,-9.8
Fälle pro 100'000 EW pro 14 Tage,2809.7058823529414,3412.794117647059,-17.7
Todesfälle neu,0,2,-100.0
Todesfälle total,918,909,1.0
Nachmeldungen Fälle,0,-10,
Nachmeldungen Todesfälle,1,0,
