,Zahlen vom 14.09.2021,vor einer Woche,+/- in %
Fälle neu,163,303,-46.2
Fälle total,57682,56496,2.1
7-Tages-Durchschnitt,169.42857142857142,212.85714285714286,-20.4
Fälle pro 100'000 EW pro 14 Tage,426.91176470588243,512.9411764705883,-16.8
Todesfälle neu,0,0,0.0
Todesfälle total,721,718,0.4
Nachmeldungen Fälle,0,1,-100.0
Nachmeldungen Todesfälle,0,1,-100.0
