,Zahlen vom 10.01.2022,vor einer Woche,+/- in %
Fälle neu,1020,1021,-0.1
Fälle total,104424,95083,9.8
7-Tages-Durchschnitt,1334.4285714285713,1137.142857142857,17.3
Fälle pro 100'000 EW pro 14 Tage,2291.323529411765,1591.0294117647056,44.0
Todesfälle neu,0,1,-100.0
Todesfälle total,866,861,0.6
Nachmeldungen Fälle,-9,5,
Nachmeldungen Todesfälle,2,2,0.0
