,Zahlen vom 27.02.2022,vor einer Woche,+/- in %
Fälle neu,3820.0,2889.0,32.2
Fälle total,193442,183462,5.4
7-Tages-Durchschnitt,1425.7142857142858,1300.7142857142858,9.6
Fälle pro 100'000 EW pro 14 Tage,2806.6176470588234,3026.911764705883,-7.3
Todesfälle neu,1.0,6.0,-83.3
Todesfälle total,920,915,0.5
Nachmeldungen Fälle,-11,-31,
Nachmeldungen Todesfälle,1,1,0.0
