,Zahlen vom 06.01.2022,vor einer Woche,+/- in %
Fälle neu,1520,1155,31.6
Fälle total,99843,91886,8.7
7-Tages-Durchschnitt,1136.7142857142858,844.5714285714286,34.6
Fälle pro 100'000 EW pro 14 Tage,1966.6176470588234,1450.8823529411761,35.5
Todesfälle neu,0,1,-100.0
Todesfälle total,861,853,0.9
Nachmeldungen Fälle,-21,-1,
Nachmeldungen Todesfälle,0,0,0.0
