,Zahlen vom 15.11.2021,vor einer Woche,+/- in %
Fälle neu,230,159,44.7
Fälle total,64524,62763,2.8
7-Tages-Durchschnitt,251.57142857142858,211.85714285714286,18.7
Fälle pro 100'000 EW pro 14 Tage,447.05882352941177,301.1764705882353,48.4
Todesfälle neu,0,0,0.0
Todesfälle total,747,743,0.5
Nachmeldungen Fälle,0,0,0.0
Nachmeldungen Todesfälle,1,0,
