,Zahlen vom 23.11.2021,vor einer Woche,+/- in %
Fälle neu,510,405,25.9
Fälle total,67714,64930,4.3
7-Tages-Durchschnitt,397.7142857142857,328.7142857142857,21.0
Fälle pro 100'000 EW pro 14 Tage,679.8529411764706,480.2941176470587,41.5
Todesfälle neu,0,1,-100.0
Todesfälle total,754,748,0.8
Nachmeldungen Fälle,0,0,0.0
Nachmeldungen Todesfälle,0,0,0.0
