,Zahlen vom 02.12.2021,vor einer Woche,+/- in %
Fälle neu,684,506,35.2
Fälle total,72537,68690,5.6
7-Tages-Durchschnitt,549.5714285714286,459.85714285714283,19.5
Fälle pro 100'000 EW pro 14 Tage,1001.4705882352941,749.7058823529411,33.6
Todesfälle neu,2,0,
Todesfälle total,774,756,2.4
Nachmeldungen Fälle,-2,0,
Nachmeldungen Todesfälle,3,1,200.0
