,Zahlen vom 07.07.2021,vor einer Woche,+/- in %
Fälle neu,21,9,133.3
Fälle total,47934,47842,0.2
7-Tages-Durchschnitt,13.142857142857142,7.714285714285714,70.4
Fälle pro 100'000 EW pro 14 Tage,20.294117647058826,15.441176470588236,31.4
Todesfälle neu,0,0,0.0
Todesfälle total,704,704,0.0
Nachmeldungen Fälle,0,0,0.0
Nachmeldungen Todesfälle,0,1,-100.0
