,Zahlen vom 31.05.2021,vor einer Woche,+/- in %
Fälle neu,33,39,-15.4
Fälle total,47397,47116,0.6
7-Tages-Durchschnitt,40.142857142857146,49.57142857142857,-19.0
Fälle pro 100'000 EW pro 14 Tage,107.94117647058826,157.64705882352945,-31.5
Todesfälle neu,0,0,0.0
Todesfälle total,699,699,0.0
Nachmeldungen Fälle,0,152,-100.0
Nachmeldungen Todesfälle,1,1,0.0
