,Zahlen vom 20.01.2022,vor einer Woche,+/- in %
Fälle neu,2254,1601,40.8
Fälle total,122710,109596,12.0
7-Tages-Durchschnitt,1873.4285714285713,1506.4285714285713,24.4
Fälle pro 100'000 EW pro 14 Tage,3368.0882352941176,2610.4411764705883,29.0
Todesfälle neu,1,1,0.0
Todesfälle total,876,871,0.6
Nachmeldungen Fälle,-9,-3,
Nachmeldungen Todesfälle,1,0,
