,Zahlen vom 30.01.2022,vor einer Woche,+/- in %
Fälle neu,6633.0,6893.0,-3.8
Fälle total,147417,129654,13.7
7-Tages-Durchschnitt,2537.5714285714284,2239.285714285714,13.3
Fälle pro 100'000 EW pro 14 Tage,4917.352941176471,3856.3235294117653,27.5
Todesfälle neu,3.0,3.0,0.0
Todesfälle total,887,882,0.6
Nachmeldungen Fälle,50,-24,
Nachmeldungen Todesfälle,0,1,-100.0
