,Zahlen vom 25.01.2022,vor einer Woche,+/- in %
Fälle neu,3310,2411,37.3
Fälle total,135048,117798,14.6
7-Tages-Durchschnitt,2464.285714285714,2017.2857142857142,22.2
Fälle pro 100'000 EW pro 14 Tage,4230.147058823529,3130.4411764705883,35.1
Todesfälle neu,0,0,0.0
Todesfälle total,882,874,0.9
Nachmeldungen Fälle,-20,-16,
Nachmeldungen Todesfälle,0,0,0.0
