,Zahlen vom 06.12.2021,vor einer Woche,+/- in %
Fälle neu,731,498,46.8
Fälle total,75009,70496,6.4
7-Tages-Durchschnitt,644.7142857142857,549.7142857142857,17.3
Fälle pro 100'000 EW pro 14 Tage,1147.9411764705883,877.794117647059,30.8
Todesfälle neu,2,1,100.0
Todesfälle total,785,764,2.7
Nachmeldungen Fälle,4,0,
Nachmeldungen Todesfälle,2,2,0.0
