,Zahlen vom 24.10.2021,vor einer Woche,+/- in %
Fälle neu,197.0,146.0,34.9
Fälle total,60635,60114,0.9
7-Tages-Durchschnitt,74.42857142857143,61.285714285714285,21.4
Fälle pro 100'000 EW pro 14 Tage,130.73529411764707,112.64705882352942,16.1
Todesfälle neu,0.0,0.0,0.0
Todesfälle total,734,733,0.1
Nachmeldungen Fälle,0,0,0.0
Nachmeldungen Todesfälle,1,0,
