,Zahlen vom 29.04.2021,vor einer Woche,+/- in %
Fälle neu,136,174,-21.8
Fälle total,44824,43791,2.4
7-Tages-Durchschnitt,147.57142857142858,162.57142857142858,-9.2
Fälle pro 100'000 EW pro 14 Tage,313.38235294117646,329.7058823529411,-5.0
Todesfälle neu,1,3,-66.7
Todesfälle total,684,679,0.7
Nachmeldungen Fälle,0,0,0.0
Nachmeldungen Todesfälle,0,1,-100.0
