,Zahlen vom 16.01.2022,vor einer Woche,+/- in %
Fälle neu,4338.0,3564.0,21.7
Fälle total,113993,103414,10.2
7-Tages-Durchschnitt,1511.2857142857142,1388.5714285714287,8.8
Fälle pro 100'000 EW pro 14 Tage,2931.029411764706,2244.558823529412,30.6
Todesfälle neu,3.0,5.0,-40.0
Todesfälle total,874,867,0.8
Nachmeldungen Fälle,5,0,
Nachmeldungen Todesfälle,1,1,0.0
