,Zahlen vom 05.01.2022,vor einer Woche,+/- in %
Fälle neu,1791,905,97.9
Fälle total,98344,90731,8.4
7-Tages-Durchschnitt,1087.5714285714287,824.5714285714286,31.9
Fälle pro 100'000 EW pro 14 Tage,1852.9411764705883,1374.705882352941,34.8
Todesfälle neu,0,2,-100.0
Todesfälle total,861,852,1.1
Nachmeldungen Fälle,-11,-1,
Nachmeldungen Todesfälle,1,0,
