,Zahlen vom 09.09.2021,vor einer Woche,+/- in %
Fälle neu,186,245,-24.1
Fälle total,56917,55323,2.9
7-Tages-Durchschnitt,227.71428571428572,250.71428571428572,-9.2
Fälle pro 100'000 EW pro 14 Tage,500.00000000000006,522.9411764705882,-4.4
Todesfälle neu,1,1,0.0
Todesfälle total,719,717,0.3
Nachmeldungen Fälle,0,11,-100.0
Nachmeldungen Todesfälle,0,0,0.0
