,Zahlen vom 13.02.2022,vor einer Woche,+/- in %
Fälle neu,3887.0,5531.0,-29.7
Fälle total,173582,162015,7.1
7-Tages-Durchschnitt,1652.4285714285713,2218.8571428571427,-25.5
Fälle pro 100'000 EW pro 14 Tage,3985.1470588235297,4757.941176470588,-16.2
Todesfälle neu,4.0,3.0,33.3
Todesfälle total,903,896,0.8
Nachmeldungen Fälle,-1098,-33,
Nachmeldungen Todesfälle,2,1,100.0
