,Zahlen vom 29.11.2021,vor einer Woche,+/- in %
Fälle neu,494,424,16.5
Fälle total,70489,67203,4.9
7-Tages-Durchschnitt,469.42857142857144,423.2857142857143,10.9
Fälle pro 100'000 EW pro 14 Tage,876.9117647058823,652.7941176470589,34.3
Todesfälle neu,1,2,-50.0
Todesfälle total,762,756,0.8
Nachmeldungen Fälle,0,0,0.0
Nachmeldungen Todesfälle,2,1,100.0
