,Zahlen vom 19.01.2022,vor einer Woche,+/- in %
Fälle neu,2670,1709,56.2
Fälle total,120465,107995,11.5
7-Tages-Durchschnitt,1781.4285714285713,1465.2857142857142,21.6
Fälle pro 100'000 EW pro 14 Tage,3261.3235294117644,2544.705882352941,28.2
Todesfälle neu,0,2,-100.0
Todesfälle total,874,870,0.5
Nachmeldungen Fälle,-83,-30,
Nachmeldungen Todesfälle,0,1,-100.0
