,Zahlen vom 12.08.2021,vor einer Woche,+/- in %
Fälle neu,199,84,136.9
Fälle total,50118,49094,2.1
7-Tages-Durchschnitt,146.28571428571428,90.57142857142857,61.5
Fälle pro 100'000 EW pro 14 Tage,222.20588235294122,112.05882352941177,98.3
Todesfälle neu,0,0,0.0
Todesfälle total,706,706,0.0
Nachmeldungen Fälle,5,0,
Nachmeldungen Todesfälle,0,1,-100.0
