,Zahlen vom 21.04.2021,vor einer Woche,+/- in %
Fälle neu,205,179,14.5
Fälle total,43617,42547,2.5
7-Tages-Durchschnitt,152.85714285714286,154.57142857142858,-1.1
Fälle pro 100'000 EW pro 14 Tage,337.05882352941177,319.2647058823529,5.6
Todesfälle neu,0,1,-100.0
Todesfälle total,675,672,0.4
Nachmeldungen Fälle,0,1,-100.0
Nachmeldungen Todesfälle,0,2,-100.0
