,Zahlen vom 03.02.2022,vor einer Woche,+/- in %
Fälle neu,2354,2825,-16.7
Fälle total,157460,140782,11.8
7-Tages-Durchschnitt,2382.5714285714284,2574.4285714285716,-7.5
Fälle pro 100'000 EW pro 14 Tage,5102.794117647059,4576.470588235295,11.5
Todesfälle neu,0,0,0.0
Todesfälle total,892,885,0.8
Nachmeldungen Fälle,-32,-20,
Nachmeldungen Todesfälle,2,1,100.0
