,Zahlen vom 31.01.2022,vor einer Woche,+/- in %
Fälle neu,2250,2166,3.9
Fälle total,149631,131820,13.5
7-Tages-Durchschnitt,2544.4285714285716,2337.4285714285716,8.9
Fälle pro 100'000 EW pro 14 Tage,5025.441176470588,4024.117647058824,24.9
Todesfälle neu,0,0,0.0
Todesfälle total,888,882,0.7
Nachmeldungen Fälle,-36,-23,
Nachmeldungen Todesfälle,1,4,-75.0
