,Zahlen vom 27.12.2021,vor einer Woche,+/- in %
Fälle neu,698,488,43.0
Fälle total,88847,84264,5.4
7-Tages-Durchschnitt,654.7142857142857,635.7142857142857,3.0
Fälle pro 100'000 EW pro 14 Tage,1319.264705882353,1364.7058823529414,-3.3
Todesfälle neu,0,1,-100.0
Todesfälle total,848,837,1.3
Nachmeldungen Fälle,-10,10,
Nachmeldungen Todesfälle,3,2,50.0
