,Zahlen vom 20.09.2021,vor einer Woche,+/- in %
Fälle neu,70,122,-42.6
Fälle total,58284,57520,1.3
7-Tages-Durchschnitt,109.14285714285714,146.85714285714286,-25.7
Fälle pro 100'000 EW pro 14 Tage,307.50000000000006,451.17647058823536,-31.8
Todesfälle neu,0,0,0.0
Todesfälle total,723,721,0.3
Nachmeldungen Fälle,0,0,0.0
Nachmeldungen Todesfälle,1,1,0.0
