,Zahlen vom 02.05.2021,vor einer Woche,+/- in %
Fälle neu,284.0,427.0,-33.5
Fälle total,45111,44218,2.0
7-Tages-Durchschnitt,127.57142857142857,153.28571428571428,-16.8
Fälle pro 100'000 EW pro 14 Tage,298.67647058823525,322.94117647058823,-7.5
Todesfälle neu,4.0,1.0,300.0
Todesfälle total,688,680,1.2
Nachmeldungen Fälle,3,-1,
Nachmeldungen Todesfälle,0,0,0.0
