,Zahlen vom 17.01.2022,vor einer Woche,+/- in %
Fälle neu,1492,1024,45.7
Fälle total,115471,104438,10.6
7-Tages-Durchschnitt,1576.142857142857,1400.7142857142858,12.5
Fälle pro 100'000 EW pro 14 Tage,2998.2352941176473,2293.3823529411766,30.7
Todesfälle neu,0,0,0.0
Todesfälle total,874,867,0.8
Nachmeldungen Fälle,-14,-9,
Nachmeldungen Todesfälle,0,2,-100.0
