,Zahlen vom 09.01.2022,vor einer Woche,+/- in %
Fälle neu,3570.0,2175.0,64.1
Fälle total,103413,94061,9.9
7-Tages-Durchschnitt,1336,1084.7142857142858,23.2
Fälle pro 100'000 EW pro 14 Tage,2244.7058823529414,1512.4999999999998,48.4
Todesfälle neu,2.0,7.0,-71.4
Todesfälle total,864,860,0.5
Nachmeldungen Fälle,0,1159,-100.0
Nachmeldungen Todesfälle,1,2,-50.0
