,Zahlen vom 21.10.2021,vor einer Woche,+/- in %
Fälle neu,97,56,73.2
Fälle total,60438,59968,0.8
7-Tages-Durchschnitt,67.14285714285714,52.57142857142857,27.7
Fälle pro 100'000 EW pro 14 Tage,121.17647058823529,117.20588235294119,3.4
Todesfälle neu,0,1,-100.0
Todesfälle total,733,733,0.0
Nachmeldungen Fälle,0,0,0.0
Nachmeldungen Todesfälle,0,1,-100.0
