,Zahlen vom 31.10.2021,vor einer Woche,+/- in %
Fälle neu,325.0,198.0,64.1
Fälle total,61389,60637,1.2
7-Tages-Durchschnitt,107.42857142857143,82.14285714285714,30.8
Fälle pro 100'000 EW pro 14 Tage,187.50000000000003,131.0294117647059,43.1
Todesfälle neu,0.0,0.0,0.0
Todesfälle total,737,734,0.4
Nachmeldungen Fälle,0,0,0.0
Nachmeldungen Todesfälle,2,1,100.0
