,Zahlen vom 26.07.2021,vor einer Woche,+/- in %
Fälle neu,48,31,54.8
Fälle total,48468,48210,0.5
7-Tages-Durchschnitt,36.857142857142854,31.142857142857142,18.3
Fälle pro 100'000 EW pro 14 Tage,65.29411764705881,46.029411764705884,41.9
Todesfälle neu,0,0,0.0
Todesfälle total,704,704,0.0
Nachmeldungen Fälle,0,0,0.0
Nachmeldungen Todesfälle,0,0,0.0
