,Zahlen vom 12.12.2021,vor einer Woche,+/- in %
Fälle neu,1846.0,1748.0,5.6
Fälle total,79376,74288,6.8
7-Tages-Durchschnitt,726.8571428571429,689.1428571428571,5.5
Fälle pro 100'000 EW pro 14 Tage,1378.9705882352944,1103.8235294117644,24.9
Todesfälle neu,4.0,9.0,-55.6
Todesfälle total,806,788,2.3
Nachmeldungen Fälle,-22,-3,
Nachmeldungen Todesfälle,3,3,0.0
