,Zahlen vom 14.02.2022,vor einer Woche,+/- in %
Fälle neu,1511,1486,1.7
Fälle total,175084,163501,7.1
7-Tages-Durchschnitt,1654.7142857142858,2111.4285714285716,-21.6
Fälle pro 100'000 EW pro 14 Tage,3876.9117647058824,4657.941176470588,-16.8
Todesfälle neu,0,0,0.0
Todesfälle total,905,896,1.0
Nachmeldungen Fälle,-9,1,
Nachmeldungen Todesfälle,2,2,0.0
