,Zahlen vom 12.07.2021,vor einer Woche,+/- in %
Fälle neu,22,17,29.4
Fälle total,48022,47897,0.3
7-Tages-Durchschnitt,17.857142857142858,14.714285714285714,21.4
Fälle pro 100'000 EW pro 14 Tage,28.52941176470588,17.352941176470587,64.4
Todesfälle neu,0,0,0.0
Todesfälle total,704,704,0.0
Nachmeldungen Fälle,0,0,0.0
Nachmeldungen Todesfälle,0,0,0.0
