,Zahlen vom 10.11.2021,vor einer Woche,+/- in %
Fälle neu,230,215,7.0
Fälle total,63314,61878,2.3
7-Tages-Durchschnitt,205.14285714285714,165.28571428571428,24.1
Fälle pro 100'000 EW pro 14 Tage,352.9411764705883,226.3235294117647,55.9
Todesfälle neu,0,0,0.0
Todesfälle total,742,741,0.1
Nachmeldungen Fälle,0,0,0.0
Nachmeldungen Todesfälle,0,1,-100.0
