,Zahlen vom 11.01.2022,vor einer Woche,+/- in %
Fälle neu,1924,1470,30.9
Fälle total,106361,96553,10.2
7-Tages-Durchschnitt,1401.142857142857,1207.4285714285713,16.0
Fälle pro 100'000 EW pro 14 Tage,2431.6176470588234,1695.1470588235297,43.4
Todesfälle neu,0,0,0.0
Todesfälle total,867,861,0.7
Nachmeldungen Fälle,13,16,-18.8
Nachmeldungen Todesfälle,1,0,
