,Zahlen vom 16.09.2021,vor einer Woche,+/- in %
Fälle neu,109,186,-41.4
Fälle total,57948,56920,1.8
7-Tages-Durchschnitt,146.85714285714286,204.42857142857142,-28.2
Fälle pro 100'000 EW pro 14 Tage,385.8823529411766,500.4411764705883,-22.9
Todesfälle neu,0,1,-100.0
Todesfälle total,721,719,0.3
Nachmeldungen Fälle,0,0,0.0
Nachmeldungen Todesfälle,0,0,0.0
