,Zahlen vom 31.08.2021,vor einer Woche,+/- in %
Fälle neu,324,338,-4.1
Fälle total,54768,53001,3.3
7-Tages-Durchschnitt,252.42857142857142,251.71428571428572,0.3
Fälle pro 100'000 EW pro 14 Tage,523.3823529411764,483.67647058823536,8.2
Todesfälle neu,0,1,-100.0
Todesfälle total,714,709,0.7
Nachmeldungen Fälle,0,0,0.0
Nachmeldungen Todesfälle,0,1,-100.0
