,Zahlen vom 23.02.2022,vor einer Woche,+/- in %
Fälle neu,1613,1600,0.8
Fälle total,187928,179281,4.8
7-Tages-Durchschnitt,1235.2857142857142,1508.4285714285713,-18.1
Fälle pro 100'000 EW pro 14 Tage,2824.411764705882,3562.5000000000005,-20.7
Todesfälle neu,0,1,-100.0
Todesfälle total,917,907,1.1
Nachmeldungen Fälle,-29,801,
Nachmeldungen Todesfälle,2,1,100.0
