,Zahlen vom 15.04.2021,vor einer Woche,+/- in %
Fälle neu,145,224,-35.3
Fälle total,42691,41547,2.8
7-Tages-Durchschnitt,163.42857142857142,167.71428571428572,-2.6
Fälle pro 100'000 EW pro 14 Tage,316.1764705882353,295.29411764705884,7.1
Todesfälle neu,0,1,-100.0
Todesfälle total,672,670,0.3
Nachmeldungen Fälle,0,0,0.0
Nachmeldungen Todesfälle,0,1,-100.0
