,Zahlen vom 22.08.2021,vor einer Woche,+/- in %
Fälle neu,630.0,529.0,19.1
Fälle total,52391,50651,3.4
7-Tages-Durchschnitt,248.57142857142858,225.14285714285714,10.4
Fälle pro 100'000 EW pro 14 Tage,441.1764705882353,278.5294117647059,58.4
Todesfälle neu,0.0,0.0,0.0
Todesfälle total,706,706,0.0
Nachmeldungen Fälle,0,4,-100.0
Nachmeldungen Todesfälle,0,0,0.0
