,Zahlen vom 05.09.2021,vor einer Woche,+/- in %
Fälle neu,642.0,694.0,-7.5
Fälle total,55965,54211,3.2
7-Tages-Durchschnitt,250.57142857142858,258.2857142857143,-3.0
Fälle pro 100'000 EW pro 14 Tage,524.5588235294117,522.6470588235294,0.4
Todesfälle neu,0.0,1.0,-100.0
Todesfälle total,716,713,0.4
Nachmeldungen Fälle,0,1,-100.0
Nachmeldungen Todesfälle,0,0,0.0
