,Zahlen vom 17.11.2021,vor einer Woche,+/- in %
Fälle neu,415,225,84.4
Fälle total,65344,63315,3.2
7-Tages-Durchschnitt,289.85714285714283,228.85714285714286,26.7
Fälle pro 100'000 EW pro 14 Tage,509.7058823529412,353.0882352941177,44.4
Todesfälle neu,0,0,0.0
Todesfälle total,747,743,0.5
Nachmeldungen Fälle,2,0,
Nachmeldungen Todesfälle,0,0,0.0
