,Zahlen vom 13.05.2021,vor einer Woche,+/- in %
Fälle neu,59,121,-51.2
Fälle total,46347,45657,1.5
7-Tages-Durchschnitt,98.57142857142857,116.28571428571429,-15.2
Fälle pro 100'000 EW pro 14 Tage,222.79411764705887,273.82352941176475,-18.6
Todesfälle neu,0,0,0.0
Todesfälle total,691,690,0.1
Nachmeldungen Fälle,119,2,5850.0
Nachmeldungen Todesfälle,0,0,0.0
