,Zahlen vom 14.07.2021,vor einer Woche,+/- in %
Fälle neu,24,21,14.3
Fälle total,48087,47935,0.3
7-Tages-Durchschnitt,21.714285714285715,16.428571428571427,32.2
Fälle pro 100'000 EW pro 14 Tage,36.029411764705884,20.441176470588236,76.3
Todesfälle neu,0,0,0.0
Todesfälle total,704,704,0.0
Nachmeldungen Fälle,0,0,0.0
Nachmeldungen Todesfälle,0,0,0.0
