,Zahlen vom 02.01.2022,vor einer Woche,+/- in %
Fälle neu,2167.0,1679.0,29.1
Fälle total,94053,88149,6.7
7-Tages-Durchschnitt,843.4285714285714,712.4285714285714,18.4
Fälle pro 100'000 EW pro 14 Tage,1511.3235294117646,1288.9705882352944,17.3
Todesfälle neu,4.0,4.0,0.0
Todesfälle total,857,849,0.9
Nachmeldungen Fälle,1159,711,63.0
Nachmeldungen Todesfälle,2,6,-66.7
