,Zahlen vom 02.02.2022,vor einer Woche,+/- in %
Fälle neu,2689,2877,-6.5
Fälle total,155138,137957,12.5
7-Tages-Durchschnitt,2454.4285714285716,2490.285714285714,-1.4
Fälle pro 100'000 EW pro 14 Tage,5090.14705882353,4396.470588235295,15.8
Todesfälle neu,0,1,-100.0
Todesfälle total,890,885,0.6
Nachmeldungen Fälle,-20,-36,
Nachmeldungen Todesfälle,1,0,
