,Zahlen vom 16.02.2022,vor einer Woche,+/- in %
Fälle neu,1613,2023,-20.3
Fälle total,179336,168729,6.3
7-Tages-Durchschnitt,1515.2857142857142,1954.4285714285713,-22.5
Fälle pro 100'000 EW pro 14 Tage,3571.764705882353,4523.970588235294,-21.0
Todesfälle neu,1,1,0.0
Todesfälle total,907,899,0.9
Nachmeldungen Fälle,801,-112,
Nachmeldungen Todesfälle,1,1,0.0
