,Zahlen vom 07.12.2021,vor einer Woche,+/- in %
Fälle neu,858,687,24.9
Fälle total,75842,71183,6.5
7-Tages-Durchschnitt,665.5714285714286,573.7142857142857,16.0
Fälle pro 100'000 EW pro 14 Tage,1195.1470588235295,919.2647058823529,30.0
Todesfälle neu,0,5,-100.0
Todesfälle total,790,769,2.7
Nachmeldungen Fälle,-25,0,
Nachmeldungen Todesfälle,5,2,150.0
