,Zahlen vom 21.09.2021,vor einer Woche,+/- in %
Fälle neu,131,163,-19.6
Fälle total,58415,57683,1.3
7-Tages-Durchschnitt,104.57142857142857,138.57142857142858,-24.5
Fälle pro 100'000 EW pro 14 Tage,282.20588235294116,427.0588235294118,-33.9
Todesfälle neu,0,0,0.0
Todesfälle total,723,721,0.3
Nachmeldungen Fälle,0,0,0.0
Nachmeldungen Todesfälle,0,0,0.0
