,Zahlen vom 05.12.2021,vor einer Woche,+/- in %
Fälle neu,1740.0,1308.0,33.0
Fälle total,74274,69998,6.1
7-Tages-Durchschnitt,610.8571428571429,524.1428571428571,16.5
Fälle pro 100'000 EW pro 14 Tage,1102.2058823529412,838.2352941176472,31.5
Todesfälle neu,4.0,7.0,-42.9
Todesfälle total,781,763,2.4
Nachmeldungen Fälle,-3,3,
Nachmeldungen Todesfälle,3,0,
