,Zahlen vom 11.11.2021,vor einer Woche,+/- in %
Fälle neu,277,229,21.0
Fälle total,63588,62107,2.4
7-Tages-Durchschnitt,211.57142857142858,173.57142857142858,21.9
Fälle pro 100'000 EW pro 14 Tage,371.32352941176475,245.58823529411768,51.2
Todesfälle neu,2,0,
Todesfälle total,744,741,0.4
Nachmeldungen Fälle,-3,0,
Nachmeldungen Todesfälle,0,0,0.0
