,Zahlen vom 10.08.2021,vor einer Woche,+/- in %
Fälle neu,194,105,84.8
Fälle total,49705,48943,1.6
7-Tages-Durchschnitt,108.85714285714286,74.14285714285714,46.8
Fälle pro 100'000 EW pro 14 Tage,174.5588235294118,101.61764705882354,71.8
Todesfälle neu,0,1,-100.0
Todesfälle total,706,706,0.0
Nachmeldungen Fälle,0,0,0.0
Nachmeldungen Todesfälle,0,0,0.0
