,Zahlen vom 19.09.2021,vor einer Woche,+/- in %
Fälle neu,266.0,478.0,-44.4
Fälle total,58214,57398,1.4
7-Tages-Durchschnitt,116.57142857142857,157.85714285714286,-26.2
Fälle pro 100'000 EW pro 14 Tage,330.4411764705883,468.67647058823536,-29.5
Todesfälle neu,1.0,2.0,-50.0
Todesfälle total,722,721,0.1
Nachmeldungen Fälle,0,3,-100.0
Nachmeldungen Todesfälle,0,0,0.0
