,Zahlen vom 28.11.2021,vor einer Woche,+/- in %
Fälle neu,1305.0,1052.0,24.0
Fälle total,69995,66779,4.8
7-Tages-Durchschnitt,459.42857142857144,405.2857142857143,13.4
Fälle pro 100'000 EW pro 14 Tage,837.7941176470589,613.8235294117648,36.5
Todesfälle neu,4.0,2.0,100.0
Todesfälle total,759,754,0.7
Nachmeldungen Fälle,3,0,
Nachmeldungen Todesfälle,0,0,0.0
