,Zahlen vom 03.11.2021,vor einer Woche,+/- in %
Fälle neu,214,100,114.0
Fälle total,61880,60916,1.6
7-Tages-Durchschnitt,137.71428571428572,102.28571428571429,34.6
Fälle pro 100'000 EW pro 14 Tage,226.32352941176472,147.64705882352942,53.3
Todesfälle neu,0,1,-100.0
Todesfälle total,741,736,0.7
Nachmeldungen Fälle,0,5,-100.0
Nachmeldungen Todesfälle,1,0,
