,Zahlen vom 12.09.2021,vor einer Woche,+/- in %
Fälle neu,477.0,643.0,-25.8
Fälle total,2666,1236,115.7
7-Tages-Durchschnitt,204.28571428571428,236.57142857142858,-13.6
Fälle pro 100'000 EW pro 14 Tage,468.52941176470597,524.8529411764706,-10.7
Todesfälle neu,1.0,1.0,0.0
Todesfälle total,720,718,0.3
Nachmeldungen Fälle,-54728,0,
Nachmeldungen Todesfälle,0,0,0.0
