,Zahlen vom 21.07.2021,vor einer Woche,+/- in %
Fälle neu,37,24,54.2
Fälle total,48289,48088,0.4
7-Tages-Durchschnitt,28.714285714285715,23.714285714285715,21.1
Fälle pro 100'000 EW pro 14 Tage,52.205882352941174,36.029411764705884,44.9
Todesfälle neu,0,0,0.0
Todesfälle total,704,704,0.0
Nachmeldungen Fälle,1,0,
Nachmeldungen Todesfälle,0,0,0.0
