,Zahlen vom 02.03.2022,vor einer Woche,+/- in %
Fälle neu,2410,1609,49.8
Fälle total,199925,187928,6.4
7-Tages-Durchschnitt,1713.857142857143,1235.2857142857142,38.7
Fälle pro 100'000 EW pro 14 Tage,3035.8823529411766,2824.411764705882,7.5
Todesfälle neu,2,0,
Todesfälle total,923,919,0.4
Nachmeldungen Fälle,-14,-29,
Nachmeldungen Todesfälle,1,2,-50.0
