,Zahlen vom 18.04.2021,vor einer Woche,+/- in %
Fälle neu,388.0,473.0,-18.0
Fälle total,43081,42022,2.5
7-Tages-Durchschnitt,151.28571428571428,174.57142857142858,-13.3
Fälle pro 100'000 EW pro 14 Tage,328.38235294117646,308.6764705882353,6.4
Todesfälle neu,2.0,1.0,100.0
Todesfälle total,674,671,0.4
Nachmeldungen Fälle,2,2,0.0
Nachmeldungen Todesfälle,0,0,0.0
