,Zahlen vom 16.05.2021,vor einer Woche,+/- in %
Fälle neu,220.0,272.0,-19.1
Fälle total,46568,45929,1.4
7-Tages-Durchschnitt,91.28571428571429,107.42857142857143,-15.0
Fälle pro 100'000 EW pro 14 Tage,213.6764705882353,251.02941176470588,-14.9
Todesfälle neu,0.0,1.0,-100.0
Todesfälle total,691,691,0.0
Nachmeldungen Fälle,1,0,
Nachmeldungen Todesfälle,0,0,0.0
