,Zahlen vom 17.10.2021,vor einer Woche,+/- in %
Fälle neu,146.0,132.0,10.6
Fälle total,60116,59747,0.6
7-Tages-Durchschnitt,52.714285714285715,51.57142857142857,2.2
Fälle pro 100'000 EW pro 14 Tage,112.94117647058823,134.85294117647058,-16.2
Todesfälle neu,0.0,1.0,-100.0
Todesfälle total,733,732,0.1
Nachmeldungen Fälle,0,0,0.0
Nachmeldungen Todesfälle,0,0,0.0
