,Zahlen vom 24.11.2021,vor einer Woche,+/- in %
Fälle neu,468,416,12.5
Fälle total,68182,65346,4.3
7-Tages-Durchschnitt,405.14285714285717,345.85714285714283,17.1
Fälle pro 100'000 EW pro 14 Tage,715.5882352941177,509.8529411764706,40.4
Todesfälle neu,0,3,-100.0
Todesfälle total,754,751,0.4
Nachmeldungen Fälle,0,2,-100.0
Nachmeldungen Todesfälle,0,0,0.0
