,Zahlen vom 01.08.2021,vor einer Woche,+/- in %
Fälle neu,150.0,91.0,64.8
Fälle total,48754,48420,0.7
7-Tages-Durchschnitt,47.714285714285715,37.857142857142854,26.0
Fälle pro 100'000 EW pro 14 Tage,84.55882352941177,61.4705882352941,37.6
Todesfälle neu,0.0,0.0,0.0
Todesfälle total,705,704,0.1
Nachmeldungen Fälle,0,0,0.0
Nachmeldungen Todesfälle,0,0,0.0
