,Zahlen vom 08.02.2022,vor einer Woche,+/- in %
Fälle neu,2396,2818,-15.0
Fälle total,167015,152438,9.6
7-Tages-Durchschnitt,2082.4285714285716,2479.714285714286,-16.0
Fälle pro 100'000 EW pro 14 Tage,4696.323529411764,5083.676470588235,-7.6
Todesfälle neu,0,1,-100.0
Todesfälle total,896,892,0.4
Nachmeldungen Fälle,-15,-7,
Nachmeldungen Todesfälle,0,1,-100.0
