Altersgruppen,Fälle pro 1000 Personen,woche1,woche2,woche3,woche4,woche5,woche6,woche7,woche8
0 - 9,0.1300178033149978,1.2990375261033549,0.8234460876616526,0.4710294102552112,0.3216229871476261,0.33530907170709956,0.30565588849490705,0.18020011336640043,0.1300178033149978
10 - 19,0.2872284572771213,2.6215482555579883,1.8187211741522642,1.03708307729977,0.8734570299164918,0.6780475057033684,0.5167757899371158,0.39199621423475983,0.2872284572771213
20 - 29,0.7060745529960487,5.038848549416549,3.4889522932492336,2.694257196084513,2.056574584783853,1.4660920459208542,1.1809650777259968,0.8890952420400449,0.7060745529960487
30 - 39,0.9821191573562413,6.270762449426092,4.55104847855988,3.2487954762996387,2.3599816606742117,1.8805852497124425,1.6376696186546333,1.2202086500486635,0.9821191573562413
40 - 49,0.8631043290882806,5.623078927020659,4.166538352377948,2.9505350497762337,2.2056185844589615,1.7087301712808485,1.4998206374320942,1.1152939257264183,0.8631043290882806
50 - 59,0.9098543694178087,5.7631807646625495,4.50462586280289,3.2291362772484833,2.459377927487224,1.9551862083935991,1.608025192651271,1.2446992515639566,0.9098543694178087
60 - 69,1.0224409770359137,5.088427188039199,4.101135850254266,3.0228689755844402,2.229934466599055,1.8091726085064195,1.5651927595878394,1.1868172311802112,1.0224409770359137
70 - 79,0.9667778732787755,4.277177388803572,3.8060089589893367,2.6925850038087247,2.161671873960408,1.6945769464212246,1.4678186531100512,1.2206928484236226,0.9667778732787755
80+,0.7178876211298983,4.822284628258588,4.010569749655785,3.3908734444859028,2.347863466066172,1.7652616580367408,1.485961914861583,1.1564754990846389,0.7178876211298983
