Altersgruppen,Fälle pro 1000 Personen,woche1,woche2,woche3,woche4,woche5,woche6,woche7,woche8
0 - 9,0.510986203372509,0.2554931016862545,0.2554931016862545,0.2554931016862545,0.0,0.0,0.0,0.0,0.510986203372509
10 - 19,0.7602635580334517,0.25342118601115055,1.0136847440446022,0.0,1.2671059300557526,2.2807906741003547,1.2671059300557526,0.5068423720223011,0.7602635580334517
20 - 29,1.7267429311461255,3.0218001295057197,2.374271530325923,1.5109000647528599,2.158428663932657,1.2950571983595942,2.158428663932657,2.158428663932657,1.7267429311461255
30 - 39,1.4179369018078696,6.026231832683446,3.7220843672456576,3.7220843672456576,3.544842254519674,3.544842254519674,2.835873803615739,1.772421127259837,1.4179369018078696
40 - 49,1.9597363263851773,3.206841261357563,2.850525565651167,3.206841261357563,3.206841261357563,3.3849991092107605,2.672367717797969,2.494209869944771,1.9597363263851773
50 - 59,1.7874329712635777,4.8123195380173245,6.324762821394198,5.224804069847381,5.637288601677437,2.199917503093634,3.024886566753747,4.262340162243916,1.7874329712635777
60 - 69,2.149826360178601,5.457251529684141,4.299652720357202,4.795766495783033,2.8113113940797088,2.645940135604432,2.149826360178601,3.142053911030263,2.149826360178601
70 - 79,1.5691548980049317,4.034969737726968,4.707464694014795,6.05245460659045,3.1383097960098634,1.7933198834342075,3.586639766868415,3.3624747814391394,1.5691548980049317
80+,1.6913319238900633,4.651162790697675,5.496828752642706,3.3826638477801265,4.2283298097251585,3.3826638477801265,2.1141649048625792,3.3826638477801265,1.6913319238900633
