Altersgruppen,Fälle pro 1000 Personen,woche1,woche2,woche3,woche4,woche5,woche6,woche7,woche8
0 - 9,0.231925638983419,0.38013177901672585,0.3495854753457389,0.3292212728984143,0.3269585837376005,0.3246958945767866,0.2522898414307436,0.2251375715009775,0.231925638983419
10 - 19,0.6181649697203939,1.0174692721951493,0.9837088501200241,1.0640353716091149,1.0523938467556235,0.8929049562627911,0.899889871174886,0.71828208346042,0.6181649697203939
20 - 29,1.414765717132482,2.1211755593870776,1.9421405580443152,1.935329443862797,2.0890660211027776,1.8419198779448338,1.8214865354002794,1.7173737900542163,1.414765717132482
30 - 39,1.6813325078070402,2.9092630265419452,2.749098176272175,2.616822727790673,2.599292246666619,2.3490844706232963,2.2853372665358256,2.1004703746821605,1.6813325078070402
40 - 49,1.8108082774592942,3.084097652585275,2.8667674791110036,2.864278965674275,3.0185667987514297,2.5872244697185245,2.581417938366158,2.210629436293641,1.8108082774592942
50 - 59,1.8915210013446029,3.633812610960514,3.144586357664391,3.003049202622745,3.1999704618111218,2.825358535151983,2.6938212878034973,2.3922856096712954,1.8915210013446029
60 - 69,1.7231342884555048,3.768095179965638,3.0608837419051533,2.9317495563534526,2.9468824687227926,2.734012834727411,2.515090035784293,2.161988747166362,1.7231342884555048
70 - 79,1.8765556807786699,4.283705129565625,3.2090848399285914,3.0666976515516846,2.824908086383352,2.72416243422988,2.447447709648344,2.3077470719955295,1.8765556807786699
80+,3.250089515177325,4.409019739950465,3.3581433386936506,3.4068734943970913,3.9873979579946055,4.101807888776597,4.065789947604489,3.67806740439885,3.250089515177325
