Altersgruppen,Fälle pro 1000 Personen,woche1,woche2,woche3,woche4,woche5,woche6,woche7,woche8
0 - 9,0.24511472730986586,0.13617484850548106,0.14979233335602912,0.14979233335602912,0.13617484850548106,0.14979233335602912,0.2723496970109621,0.24511472730986586,0.24511472730986586
10 - 19,1.2513304375341598,0.9061358340764607,0.6184736645283779,0.6472398814831861,0.8054540747346316,0.8917527255990564,1.049966918850502,1.1074993527601185,1.2513304375341598
20 - 29,2.2938654766978366,1.579382787234576,1.31615232269548,1.742334979568302,2.1434480683897816,2.7075133495449877,3.24650906264885,2.544561157211261,2.2938654766978366
30 - 39,3.247011952191235,1.703187250996016,1.5139442231075697,1.8027888446215141,2.9681274900398407,3.904382470119522,3.7549800796812747,3.50597609561753,3.247011952191235
40 - 49,3.170668732248903,1.5698424993545055,1.817712367673638,1.8280402788536019,2.5509940614510715,3.676736380067131,4.358378517944746,3.9246062483862634,3.170668732248903
50 - 59,3.8779154112264256,1.9622065989658892,1.859911468214113,2.4271844660194173,3.6919242644050145,5.654130863370904,5.961016255626232,5.365844585797715,3.8779154112264256
60 - 69,3.5370312836077717,1.828262791864828,2.174796262218292,2.664722892718017,3.764070453839352,5.030710035131324,6.142007026264847,5.377243505484788,3.5370312836077717
70 - 79,4.3816109266422485,2.105227124910143,1.9340704480881798,2.841200835244583,4.141991579091501,5.9220210180399135,7.0687707527470645,6.110293362544073,4.3816109266422485
80+,4.83899874544477,1.583129219188721,1.374036680805305,2.031184658581755,3.703924965649083,6.451998327259693,6.720831590895513,5.436405997968815,4.83899874544477
