Altersgruppen,Fälle pro 1000 Personen,woche1,woche2,woche3,woche4,woche5,woche6,woche7,woche8
0 - 9,0.5538631957906397,0.48463029631680976,0.8077171605280162,0.9231053263177328,0.48463029631680976,0.6230960952644696,0.576940828948583,0.48463029631680976,0.5538631957906397
10 - 19,0.7817271283742518,1.7100280933186758,2.2474654940759744,2.369610357884451,1.3680224746549408,0.8794430194210333,1.1481617197996825,0.9038719921827287,0.7817271283742518
20 - 29,1.7300387378239122,3.949001466771973,6.261988040166987,4.83282560457332,3.7233442400992893,2.482229493399526,1.9556959644965963,1.9368911956072061,1.7300387378239122
30 - 39,2.100735257340069,4.901715600460161,6.318878274062588,5.368545657646843,4.018072992213941,2.8843428533319995,2.2174427716367395,2.3508227879757917,2.100735257340069
40 - 49,2.177277143988196,4.030661820275668,5.5421600028790445,4.588476625760248,3.4008709108575954,2.591139741605787,2.0873070140713286,2.465181559722172,2.177277143988196
50 - 59,2.1248510994494705,4.780914973761308,5.730659025787966,5.199446250925598,3.766781494478607,3.2677634332442613,2.076559029007437,2.092656385821448,2.1248510994494705
60 - 69,1.909502456607093,4.655753180716171,5.792872621167585,6.028878542770709,3.9262803321246964,2.939346478147997,2.1884185457744216,2.360059216031239,1.909502456607093
70 - 79,1.8729986103558696,4.229351700803576,5.770044106096308,5.618995831067609,4.380399975832276,2.930336535556764,2.235514470424748,2.386562745453447,1.8729986103558696
80+,1.3943112102621305,3.253392823944971,5.995538204127161,4.880089235917456,5.158951477969882,3.3928239449711843,1.6266964119724856,1.7196504926566276,1.3943112102621305
