Altersgruppen,Fälle pro 1000 Personen,woche1,woche2,woche3,woche4,woche5,woche6,woche7,woche8
0 - 9,0.9590910767641743,13.83304437640636,22.391087830609763,20.915563097126416,16.56276513335055,10.365561252720498,4.500350437124203,1.4017484968091778,0.9590910767641743
10 - 19,1.4373397560407117,22.764353974050188,44.09136819205967,43.04249864035428,33.75806075673996,18.607722787662187,7.691710045839484,2.5639033486131617,1.4373397560407117
20 - 29,3.2751091703056767,20.773549594510293,42.233312538989395,40.76731129132876,31.752963194011226,15.689332501559575,7.797878976918279,5.552089831565814,3.2751091703056767
30 - 39,3.374281647071229,17.68861707175621,38.32973058469974,37.35435229609321,34.63911003321559,19.11214214161438,8.962935625032953,6.089523909948859,3.374281647071229
40 - 49,4.003471541756489,15.873904644586913,30.963912763515214,38.298944539320814,35.191354741174166,20.773257929953246,9.126795263025281,5.543268288585907,4.003471541756489
50 - 59,3.4684982771603954,13.120963877415969,24.553316751477535,31.85541838760468,31.558770508637014,17.89014900851151,9.17326518038473,5.65912876799854,3.4684982771603954
60 - 69,3.646619754422951,9.145038602888807,16.096407509757555,22.07914304435771,24.95655394433207,14.671946668186092,7.663599327654483,4.130936440557249,3.646619754422951
70 - 79,3.1475727371776765,4.640652112505548,9.240950728380614,15.657156692627415,18.23978047697833,12.670997941971672,6.012670997941972,3.954642669787337,3.1475727371776765
80+,2.5669716316724807,7.108536826169947,7.700914895017442,15.270190219179886,16.06002764430988,14.41453300862239,6.055420259329955,3.6859079839399724,2.5669716316724807
