Altersgruppen,Fälle pro 1000 Personen,woche1,woche2,woche3,woche4,woche5,woche6,woche7,woche8
0 - 9,8.405536933609945,19.792359287091855,36.6262432952442,39.559627419158005,25.618069281241056,16.608063612921033,10.59302944903245,8.231039355476657,8.405536933609945
10 - 19,20.997106526442675,36.39796679921554,48.506294305578116,51.065452773284925,38.8146882040923,27.4314948357736,18.217818052543972,16.364959069944838,20.997106526442675
20 - 29,27.581217838930236,32.79923401025301,33.8174070014083,32.915789291170505,28.614803098636592,22.05110322944822,16.45644974540859,17.295455114657646,27.581217838930236
30 - 39,24.119430837415443,28.440433387225212,37.2513533296333,39.63063954376905,32.59815158900606,24.109778560684667,17.343532572412187,16.58261142346951,24.119430837415443
40 - 49,20.303343301619588,25.168188820926243,32.83208917024629,34.96196764482383,29.288117874915624,21.661671426086393,15.550027174885578,14.622002751613223,20.303343301619588
50 - 59,17.052456722261184,17.162532166277042,19.600356859970947,19.746610946425587,17.471205264531307,14.120447168020544,10.97059600079747,11.125317429099482,17.052456722261184
60 - 69,11.670714044245125,9.787106905560156,11.539419803513516,12.333388125418049,11.307845709624694,9.566904753781946,7.718447254347958,7.7246501318628376,11.670714044245125
70 - 79,7.245402713224082,4.632929920824695,5.542678762252756,6.246036821744899,6.0111315238836225,5.617359637295357,4.922148582353317,4.914001577803214,7.245402713224082
80+,6.556997876885546,4.7480956339776865,5.498713693760924,5.90238910381877,5.972214039612559,5.972214039612559,5.049215669588404,4.93356811967994,6.556997876885546
