Altersgruppen,Fälle pro 1000 Personen,woche1,woche2,woche3,woche4,woche5,woche6,woche7,woche8
0 - 9,15.097900448218919,5.324705961648636,6.4705287635223945,15.064199777575574,29.2858827890675,28.072658645907055,11.020119300374079,13.716172951841742,15.097900448218919
10 - 19,26.47754137115839,11.27477723222404,22.22222222222222,32.98781596653937,50.918348790689215,52.4822695035461,26.041098381523913,27.750500090925623,26.47754137115839
20 - 29,17.395715223488693,16.500566927254283,30.25601241272304,26.436713015456228,28.10765650176046,30.882616220087126,26.854448887032284,23.184340872471207,17.395715223488693
30 - 39,20.704658548173338,12.802880648145832,16.12862894151184,20.82968667950289,32.38228601435323,33.55755044885099,30.106774024155435,23.18021554849841,20.704658548173338
40 - 49,16.952836339926105,9.86198652466855,12.850467289719626,15.974788089545749,26.814822864594653,32.98196044338187,25.99978265594436,20.131493153662248,16.952836339926105
50 - 59,11.462468221756389,8.407296730743498,10.592747870300165,12.688996922527988,17.595111725614377,18.08572320592302,14.896748583916864,14.718344409259176,11.462468221756389
60 - 69,7.71894810988495,5.752524066682319,5.429678328246067,6.046020192533459,8.599436487438366,10.595210143226108,9.890819441183377,10.066917116694059,7.71894810988495
70 - 79,4.936133362199611,3.377354405715523,1.9484736956051094,2.94436025113661,3.550552067547088,5.0227321931153925,4.416540376704915,6.23511582593635,4.936133362199611
80+,3.502496460242939,2.7572844474252927,3.502496460242939,4.247708473060586,2.7572844474252927,3.7260600640882333,4.843878083314703,5.738132498695879,3.502496460242939
