Altersgruppen,Fälle pro 1000 Personen,woche1,woche2,woche3,woche4,woche5,woche6,woche7,woche8
0 - 9,0.0,0.5092946269416857,0.5092946269416857,1.5278838808250572,0.7639419404125286,0.25464731347084285,0.0,0.25464731347084285,0.0
10 - 19,0.0,3.556910569105691,1.7784552845528454,0.7621951219512195,0.0,0.0,0.2540650406504065,0.0,0.0
20 - 29,0.20911752404851525,3.97323295692179,3.764115432873275,0.836470096194061,1.672940192388122,1.672940192388122,1.672940192388122,0.6273525721455457,0.20911752404851525
30 - 39,0.9064539521392314,5.4387237128353885,2.7193618564176942,3.2632342277012327,2.5380710659898473,1.4503263234227701,1.6316171138506164,1.4503263234227701,0.9064539521392314
40 - 49,0.3558085749866572,6.226650062266501,4.803415762319872,3.558085749866572,1.2453300124533002,1.9569471624266144,0.5337128624799857,0.5337128624799857,0.3558085749866572
50 - 59,0.8283860278889963,6.074830871185973,3.865801463481983,2.761286759629988,0.9664503658704957,1.104514703851995,2.0709650697224906,1.380643379814994,0.8283860278889963
60 - 69,1.0309278350515465,5.154639175257732,4.982817869415808,2.405498281786942,1.202749140893471,2.061855670103093,2.7491408934707904,0.1718213058419244,1.0309278350515465
70 - 79,0.6808896958692692,5.674080798910576,2.9505220154334997,2.9505220154334997,1.8157058556513845,1.5887426236949613,1.3617793917385383,1.5887426236949613,0.6808896958692692
80+,0.881445570736007,6.610841780520053,2.2036139268400174,2.2036139268400174,1.3221683561040105,1.3221683561040105,0.881445570736007,0.4407227853680035,0.881445570736007
