Altersgruppen,Fälle pro 1000 Personen,woche1,woche2,woche3,woche4,woche5,woche6,woche7,woche8
0 - 9,5.619240278714318,10.077170899827676,20.66007342473964,23.54461676781299,12.11882820109388,8.185360005993855,6.256087510301941,5.750355885217652,5.619240278714318
10 - 19,23.39994207935129,27.33854619171735,43.09296264118158,49.48354088232455,33.43952118930399,25.504392315860606,19.248962255043924,17.70441162274351,23.39994207935129
20 - 29,34.20440552743193,24.353536735531538,30.95118651282285,32.380170565968896,30.4799258144449,24.216719113421806,18.652802480959547,19.91456499597148,34.20440552743193
30 - 39,30.063203415202086,19.196651327826135,30.24338859012031,35.524200255031325,31.851194766313686,26.792149470532795,18.559073016577038,19.00260575483728,30.063203415202086
40 - 49,25.169627946862445,17.060584633438143,26.598865636612558,31.74412131971295,27.47145285772315,22.852758428741218,16.74464788096707,17.030495418917088,25.169627946862445
50 - 59,21.738846771141876,11.026005715255033,15.945300572830355,18.189647298302386,18.815976617038764,16.910891605882277,12.252567297780445,13.335595078095437,21.738846771141876
60 - 69,15.66597418519906,5.976909716309642,8.497088172189489,11.374859517079319,11.255661887409325,11.255661887409325,8.616285801859483,8.939822225249463,15.66597418519906
70 - 79,8.943762358026394,2.3221593783050536,3.6096932910286474,5.724927576217409,5.678944222191566,6.230744470501678,5.173127327907297,6.3457028555662855,8.943762358026394
80+,6.4835417785621114,2.340213304688099,4.143328473874012,3.8747794061229186,5.025703982199033,4.335149236553365,3.7596869485153075,3.6445944909076955,6.4835417785621114
