Altersgruppen,Fälle pro 1000 Personen,woche1,woche2,woche3,woche4,woche5,woche6,woche7,woche8
0 - 9,6.366530241018645,5.002273760800364,4.168561467333636,8.337122934667272,21.752311656813703,34.03061997877823,38.80551765954222,22.81340003031681,6.366530241018645
10 - 19,14.53579243513598,9.690528290090652,12.660206314473273,29.931228508909033,42.74773366677086,59.70615817442951,51.81306658330728,44.31072210065645,14.53579243513598
20 - 29,18.84950435566236,11.114448783418444,21.553018924601982,41.3787924301592,29.888855512165815,33.41844397717032,31.46590567738059,28.086512466206067,18.84950435566236
30 - 39,20.613536763512418,9.522263701780014,14.662121949899907,25.591083698533787,28.079857166044473,33.86896066655846,35.81669642374073,31.867121138343343,20.613536763512418
40 - 49,18.085598314751067,7.3472743153676205,8.94004007604172,17.00662796074603,23.583209166110052,30.87910394081077,32.57462878281868,27.025638390792786,18.085598314751067
50 - 59,10.827053324430029,5.294285986835829,7.106744252599446,12.973385481255367,15.024325097777353,17.790708766574454,17.59992368596776,17.695316226271107,10.827053324430029
60 - 69,9.13755535249877,3.30357770436494,4.849933225557039,7.3803331693259295,10.051310887748647,10.051310887748647,11.949110845575316,11.175933084979263,9.13755535249877
70 - 79,6.214798990095164,2.3305496212856864,1.6508059817440282,2.0392309186249755,2.816080792386871,4.175568071470188,4.952417945232084,5.1466304136725585,6.214798990095164
80+,3.1399768633283753,2.1484052222773093,1.6526194017517766,3.305238803503553,3.305238803503553,3.801024624029086,5.123120145430507,3.305238803503553,3.1399768633283753
