Altersgruppen,Fälle pro 1000 Personen,woche1,woche2,woche3,woche4,woche5,woche6,woche7,woche8
0 - 9,6.048108868240643,25.618069281241056,16.593237021314938,10.591888941985829,8.232179862523282,8.493355976199899,9.59850730437738,9.187924767593177,6.048108868240643
10 - 19,12.932343572321535,38.81586536990081,27.442089328050216,18.218995218352486,16.3708448989874,21.178390060953646,24.260210147640137,21.749315478082348,12.932343572321535
20 - 29,15.422864485702231,28.61383983185215,22.05110322944822,16.45837627897747,17.30316124893318,27.79602633186082,30.465238591549838,25.107548736482958,15.422864485702231
30 - 39,18.039300853422134,32.59815158900606,24.11299598626159,17.34674999798911,16.58985063101759,24.303628451694376,29.21020245650443,27.138984741359202,18.039300853422134
40 - 49,17.087301712808486,29.288117874915624,21.665000661685575,15.548362557085987,14.62449967831261,20.444003505685085,25.710854223593127,25.26473665330256,17.087301712808486
50 - 59,16.321186289987985,17.471975022881065,14.120447168020544,10.97059600079747,11.131475495897574,17.23565920950436,23.837876575406682,24.18349807444949,16.321186289987985
60 - 69,13.349626224939083,11.307845709624694,9.567938566701091,7.722582506024545,7.733954448135157,11.772027710321485,17.75056782174584,19.004582892670577,13.349626224939083
70 - 79,10.747256835676277,6.0111315238836225,5.617359637295357,4.924864250536683,4.919432914169949,7.307863081441531,12.379373413880051,14.455501740064388,10.747256835676277
80+,10.827229106524486,5.9765780980996706,5.978760127343227,5.0994023421901895,5.00339305547373,6.727196157882908,11.420741060771697,13.75114829288942,10.827229106524486
