Altersgruppen,Fälle pro 1000 Personen,woche1,woche2,woche3,woche4,woche5,woche6,woche7,woche8
0 - 9,0.07512583577492299,0.07512583577492299,0.30050334309969196,0.375629178874615,0.30050334309969196,0.225377507324769,0.07512583577492299,0.375629178874615,0.07512583577492299
10 - 19,0.6983240223463687,0.5431409062693978,0.7759155803848542,0.6983240223463687,1.0862818125387956,0.5431409062693978,0.4655493482309125,0.7759155803848542,0.6983240223463687
20 - 29,1.7440097057931452,1.6681831968456173,1.213224143160449,2.653927813163482,2.1231422505307855,2.426448286320898,2.653927813163482,2.1231422505307855,1.7440097057931452
30 - 39,2.7413459471081487,2.2575790152655344,1.6125564394753817,3.5476241668458397,3.1713609976349173,3.117609116319071,3.063857235003225,2.150075252633842,2.7413459471081487
40 - 49,3.1354407607298893,2.2102287329735284,2.4158314058082757,2.6214340786430226,3.238242097147263,3.28964276535595,3.9578514520688772,2.724235415060396,3.1354407607298893
50 - 59,3.3221014664705044,2.5627639884201034,1.8034265103697023,3.7966873902520053,5.267903753974657,4.508566275924256,3.464477243604955,2.8000569503108537,3.3221014664705044
60 - 69,4.437162946276196,1.7066011331831525,1.979657314492457,3.686258447675609,5.529387671513414,5.8707078981500445,5.8024438528227185,3.140146085057,4.437162946276196
70 - 79,3.975950349107835,2.52133436772692,1.939487975174554,4.072924747866563,4.751745539177658,5.915438324282389,5.333591931730023,2.812257564003103,3.975950349107835
80+,1.9020446980504042,1.4265335235378032,1.9020446980504042,3.962593120938342,5.072119194801078,5.864637818988746,3.3285782215882076,3.487081946425741,1.9020446980504042
