Altersgruppen,Fälle pro 1000 Personen,woche1,woche2,woche3,woche4,woche5,woche6,woche7,woche8
0 - 9,53.475935828877006,8.148714031066971,8.9126559714795,11.204481792717086,11.204481792717086,11.45912910618793,18.58925388337153,47.61904761904761,53.475935828877006
10 - 19,86.1280487804878,18.29268292682927,16.00609756097561,12.957317073170731,14.735772357723578,25.660569105691057,29.471544715447155,62.2459349593496,86.1280487804878
20 - 29,34.08615641990799,8.992053534086157,10.874111250522795,13.174404015056462,23.630280217482227,48.09703053115851,28.439983270598077,32.20409870347135,34.08615641990799
30 - 39,43.8723712835388,10.696156635242929,7.432922407541697,15.04713560551124,14.865844815083394,22.84263959390863,21.754894851341554,35.53299492385787,43.8723712835388
40 - 49,45.00978473581213,11.207970112079702,10.318448674613059,13.87653442447963,10.496352962106386,19.569471624266143,19.21366304927949,35.22504892367906,45.00978473581213
50 - 59,21.3999723871324,7.455474251000966,7.869667264945465,8.97418196879746,11.735468728427447,12.978047770260941,12.287726080353444,20.01932900731741,21.3999723871324
60 - 69,14.776632302405497,5.326460481099656,4.982817869415808,5.326460481099656,3.7800687285223367,5.154639175257732,6.8728522336769755,9.965635738831615,14.776632302405497
70 - 79,6.128007262823422,3.404448479346346,1.8157058556513845,2.2696323195642307,2.0426690876078077,1.8157058556513845,2.9505220154334997,4.5392646391284615,6.128007262823422
80+,10.136624063464081,5.288673424416042,2.644336712208021,1.762891141472014,3.085059497576025,1.762891141472014,2.644336712208021,3.9665050683120318,10.136624063464081
