Altersgruppen,Fälle pro 1000 Personen,woche1,woche2,woche3,woche4,woche5,woche6,woche7,woche8
0 - 9,0.15025167154984598,0.30050334309969196,0.375629178874615,0.30050334309969196,0.225377507324769,0.07512583577492299,0.375629178874615,0.07512583577492299,0.15025167154984598
10 - 19,1.1638733705772812,0.7759155803848542,0.6983240223463687,1.0862818125387956,0.5431409062693978,0.4655493482309125,0.7759155803848542,0.6983240223463687,1.1638733705772812
20 - 29,2.72975432211101,1.213224143160449,2.653927813163482,2.1231422505307855,2.426448286320898,2.653927813163482,2.1231422505307855,1.7440097057931452,2.72975432211101
30 - 39,2.31133089658138,1.6125564394753817,3.5476241668458397,3.1713609976349173,3.117609116319071,3.063857235003225,2.150075252633842,2.7413459471081487,2.31133089658138
40 - 49,3.238242097147263,2.4158314058082757,2.6214340786430226,3.238242097147263,3.28964276535595,3.9578514520688772,2.724235415060396,3.1354407607298893,3.238242097147263
50 - 59,2.8475155426890035,1.8034265103697023,3.7966873902520053,5.267903753974657,4.508566275924256,3.464477243604955,2.8000569503108537,3.3221014664705044,2.8475155426890035
60 - 69,2.662297767765718,1.979657314492457,3.686258447675609,5.529387671513414,5.8707078981500445,5.8024438528227185,3.140146085057,4.437162946276196,2.662297767765718
70 - 79,3.0062063615205585,1.939487975174554,4.072924747866563,4.751745539177658,5.915438324282389,5.333591931730023,2.812257564003103,3.975950349107835,3.0062063615205585
80+,3.962593120938342,1.9020446980504042,3.962593120938342,5.072119194801078,5.864637818988746,3.3285782215882076,3.487081946425741,2.060548422887938,3.962593120938342
