Altersgruppen,Fälle pro 1000 Personen,woche1,woche2,woche3,woche4,woche5,woche6,woche7,woche8
0 - 9,16.59965325168763,49.54074292670331,43.011545981039504,16.636541370024712,11.80419786786676,13.83304437640636,22.354199712272678,21.026227452137665,16.59965325168763
10 - 19,34.22422500194235,69.57501359645715,53.33695905524046,27.076373242172323,19.34581617589931,22.686659933183126,44.09136819205967,43.469815865123145,34.22422500194235
20 - 29,32.06487835308796,34.123518402994385,30.53649407361198,24.17342482844666,18.714909544603866,20.74235807860262,42.233312538989395,41.079226450405486,32.06487835308796
30 - 39,35.008172088364,40.62318764169347,36.721674487267364,25.72889755891812,18.95397268940792,17.63589392102072,38.32973058469974,37.48616017293194,35.008172088364
40 - 49,35.66729191746689,34.88339539180828,32.25174276995436,23.06895489795347,19.23346118312383,15.873904644586913,30.963912763515214,38.410929757272044,35.66729191746689
50 - 59,31.78696118476599,18.50626383405974,16.247176140382905,15.288775300641216,12.071286767222691,13.02968760696438,24.553316751477535,31.923875590443373,31.78696118476599
60 - 69,25.269935329477793,12.050938719694596,10.370074926640266,9.942736674168827,8.20489444745164,9.116549386057377,16.096407509757555,22.13612147802057,25.269935329477793
70 - 79,18.280133973608812,5.084540575440862,5.649489528267624,4.9634800855494134,4.640652112505548,4.600298615875065,9.20059723175013,15.657156692627415,18.280133973608812
80+,15.994207858882382,5.660501546764957,4.936483907062462,8.03001382215494,7.437635753307444,7.108536826169947,7.700914895017442,15.270190219179886,15.994207858882382
