Altersgruppen,Fälle pro 1000 Personen,woche1,woche2,woche3,woche4,woche5,woche6,woche7,woche8
0 - 9,0.0,3.4188034188034186,0.5698005698005698,0.5698005698005698,0.0,0.0,0.0,0.0,0.0
10 - 19,0.0,4.822182037371911,1.8083182640144664,0.0,0.0,0.6027727546714888,0.0,0.6027727546714888,0.0
20 - 29,0.0,2.4061597690086622,1.4436958614051971,1.4436958614051971,0.0,0.48123195380173245,0.0,0.48123195380173245,0.0
30 - 39,0.48146364949446313,8.184882041405874,4.814636494944632,3.370245546461242,0.48146364949446313,0.48146364949446313,0.48146364949446313,0.48146364949446313,0.48146364949446313
40 - 49,1.023017902813299,7.672634271099745,4.092071611253196,2.046035805626598,0.5115089514066495,2.046035805626598,2.046035805626598,0.5115089514066495,1.023017902813299
50 - 59,0.0,14.274061990212072,4.078303425774878,1.6313213703099512,2.039151712887439,1.6313213703099512,0.0,0.8156606851549756,0.0
60 - 69,0.5099439061703213,15.298317185109639,6.629270780214177,1.0198878123406425,2.039775624681285,1.5298317185109638,1.0198878123406425,1.0198878123406425,0.5099439061703213
70 - 79,2.8735632183908044,15.804597701149428,0.7183908045977011,1.4367816091954022,0.7183908045977011,0.7183908045977011,1.4367816091954022,2.155172413793103,2.8735632183908044
80+,0.0,8.298755186721992,3.1120331950207465,1.037344398340249,0.0,0.0,2.074688796680498,0.0,0.0
