Altersgruppen,Fälle pro 1000 Personen,woche1,woche2,woche3,woche4,woche5,woche6,woche7,woche8
0 - 9,0.6403127422235703,13.412866916051629,10.211303204933778,8.526269672766487,6.706433458025814,3.639672429481347,1.68503353216729,0.7414147541536077,0.6403127422235703
10 - 19,1.309328968903437,25.85924713584288,27.823240589198036,29.532642298599747,20.040007274049827,12.002182214948173,5.63738861611202,1.6730314602655028,1.309328968903437
20 - 29,3.0136659306558453,21.931133257743035,30.524556901593364,35.059974935847706,27.6899206301844,16.94814107537149,9.040997791967536,4.445903204630901,3.0136659306558453
30 - 39,3.3007426671000974,20.80468105323698,30.88194843839864,34.8578430146783,31.482083468780473,20.504613538046062,8.92700857692981,5.601260283563802,3.3007426671000974
40 - 49,3.2601608346011735,19.859813084112147,27.331014996739842,30.672679852206045,28.3362312540752,18.148228645946535,7.851554009997828,4.048033036296458,3.2601608346011735
50 - 59,3.6126845368181617,13.00120422817894,21.78760983007002,28.856875250880872,26.693724633156414,16.546987199500467,8.741804558226661,5.173721065072923,3.6126845368181617
60 - 69,3.1991077717774123,9.597323315332238,15.085700868748532,21.542615637473585,22.041559051420524,13.764968302418408,7.748297722470063,4.2850434374266255,3.1991077717774123
70 - 79,2.5113660965576963,5.715522840441654,9.266074907988742,15.154795410261961,17.146568521324962,11.301147434509634,5.932019917731111,3.7237497293786537,2.5113660965576963
80+,3.4279752589611743,5.141962888441762,8.271853342275877,16.17110067814293,18.928385125568226,12.14695580892764,7.67568373202176,4.769356882032938,3.4279752589611743
