Altersgruppen,Fälle pro 1000 Personen,woche1,woche2,woche3,woche4,woche5,woche6,woche7,woche8
0 - 9,37.57286414394111,10.299919138050395,9.142304485728266,6.598973771759449,7.0665816608747924,10.881577731828017,19.776392188439136,36.59544960498538,37.57286414394111
10 - 19,48.357971413705506,13.386729574407473,11.557413907978594,10.683956878062101,16.23076216777438,31.93768555076057,36.37913214627933,48.48039665779084,48.357971413705506
20 - 29,31.166496810623677,7.443162443383995,7.844844692496345,13.101391535196806,24.289735236491627,44.40659876278014,32.7645564060131,33.8106641339172,31.166496810623677
30 - 39,37.46048599213339,8.521351640484866,8.655679158321469,10.863637460485991,17.934734522172086,27.67307738712869,28.41228091342712,37.23124441977752,37.46048599213339
40 - 49,33.00188018580464,8.946488363905425,8.477066144420576,9.270256525926007,14.986554049723798,22.486489545784064,25.13323184713482,32.81793991894976,33.00188018580464
50 - 59,18.57965728818752,5.72700212222377,5.515318576039424,6.2819978924016375,11.638746248390243,17.019357113221446,17.146367240932054,19.58265241792644,18.57965728818752
60 - 69,11.669680231325978,4.167299877079644,3.794093413267748,4.085628656467068,7.314226402961667,9.272268071825186,9.774701150530397,11.528047861402905,11.669680231325978
70 - 79,5.937808482932704,2.6803644969835716,2.3028866194955104,2.2485732558281635,3.8562488203816327,4.696748123133827,4.628856418549644,5.538605259977705,5.937808482932704
80+,5.618725302156499,2.993744122158725,2.4329626065648533,2.3304072321177247,3.414875766165018,4.2025883230887064,4.745913604734131,5.474711372081808,5.618725302156499
