Altersgruppen,Fälle pro 1000 Personen,woche1,woche2,woche3,woche4,woche5,woche6,woche7,woche8
0 - 9,0.7008742484045889,0.995979195101258,0.4426574200450035,0.36888118337083625,0.4426574200450035,0.5533217750562544,0.8115386034158397,0.6639861300675053,0.7008742484045889
10 - 19,0.9711755108383187,1.4761867764742445,1.8258099603760392,1.9035040012431046,1.3207986947401136,0.776940408670655,1.0100225312718514,1.1265635925724498,0.9711755108383187
20 - 29,2.0898315658140985,5.396132252027449,2.8696194635059262,2.9943855271366187,2.526512788521522,1.8091079226450406,1.8091079226450406,1.4971927635683093,2.0898315658140985
30 - 39,2.3461802077292138,6.03680075921337,3.98059788052934,3.268835345600253,3.506089523909949,2.7943269889808615,3.084304318026045,2.425264933832446,2.3461802077292138
40 - 49,2.2397043590246084,4.591393936000448,3.4155491475125284,3.723508496878412,2.883619362244184,2.295696968000224,2.071726532097763,2.6876452308295304,2.2397043590246084
50 - 59,2.304725828902631,5.111471145289003,4.084613102708624,3.263126668644319,2.6013737078702963,2.1221732879994524,2.3960020993542206,2.167811423225247,2.304725828902631
60 - 69,2.336115780177203,5.298994330645851,3.27625993561437,2.5355402979972084,2.9343893336372187,2.4500726475029198,2.5355402979972084,1.9942451782000514,2.336115780177203
70 - 79,2.0176748315241517,5.286308058593277,3.1475727371776765,2.744037770872846,1.8562608450022196,2.25979581130705,2.824744764133812,2.66333077761188,2.0176748315241517
80+,1.6454946356874876,5.1997630487724615,4.804844336207464,3.6859079839399724,3.356809056802475,2.435332060817482,1.974593562824985,3.0935299150924767,1.6454946356874876
