Altersgruppen,Fälle pro 1000 Personen,woche1,woche2,woche3,woche4,woche5,woche6,woche7,woche8
0 - 9,0.3031681067151736,0.3031681067151736,0.37896013339396695,0.37896013339396695,0.5305441867515538,0.0757920266787934,0.3031681067151736,0.37896013339396695,0.3031681067151736
10 - 19,1.0940919037199124,0.859643638637074,0.6251953735542357,1.4066895904970305,0.5470459518599562,0.5470459518599562,0.7814942169427946,0.7033447952485152,1.0940919037199124
20 - 29,2.1027335536197054,2.1027335536197054,0.6758786422349055,1.4268549113848004,1.2015620306398318,1.6521477921297687,1.2015620306398318,2.628416942024632,2.1027335536197054
30 - 39,3.192122490937618,2.75929232267489,1.5149055889195477,2.0018395282151165,2.5428772385435265,2.2723583833793217,1.6231131309852296,3.5167451171346644,3.192122490937618
40 - 49,3.1341519806812927,2.4662179520115086,2.2093202486769767,2.1579407080100705,2.106561167343164,2.2093202486769767,2.414838411344603,2.620356574012228,3.1341519806812927
50 - 59,5.246589716684155,2.670991128493752,2.337117237432033,2.337117237432033,1.8124582657636175,2.5755985881904038,1.8124582657636175,3.8157016121339313,5.246589716684155
60 - 69,5.693399873480002,1.8977999578266675,2.53039994376889,1.8977999578266675,1.4057777465382724,1.7572221831728403,2.0383777324804946,3.795599915653335,5.693399873480002
70 - 79,4.75820547679161,1.9421246844047388,1.2623810448630801,1.1652748106428432,1.4565935133035541,2.5247620897261602,1.9421246844047388,4.078461837249951,4.75820547679161
80+,5.288382085605686,0.49578582052553294,1.487357461576599,1.6526194017517766,2.974714923153198,1.487357461576599,1.9831432821021318,4.131548504379442,5.288382085605686
