Altersgruppen,Fälle pro 1000 Personen,woche1,woche2,woche3,woche4,woche5,woche6,woche7,woche8
0 - 9,0.18705574261129815,0.0,0.18705574261129815,0.12470382840753212,0.12470382840753212,0.43646339942636236,0.18705574261129815,0.3117595710188303,0.18705574261129815
10 - 19,0.8462439786486134,0.9113396693138914,0.4556698346569457,0.7811482879833355,0.5207655253222236,0.9113396693138914,0.8462439786486134,1.4972008853013932,0.8462439786486134
20 - 29,1.0508849557522124,1.1061946902654867,0.9402654867256637,1.7146017699115044,1.991150442477876,2.3783185840707963,2.101769911504425,1.1061946902654867,1.0508849557522124
30 - 39,2.0236542699105096,1.079282277285605,1.3491028466070063,1.5289832261546072,3.7325178756127175,2.968026262535414,2.968026262535414,1.888743985249809,2.0236542699105096
40 - 49,2.4196031850776474,1.4077691258633585,1.3637763406801287,2.9915093924596365,2.683559896177027,4.179314592406845,3.2114733183757864,2.2876248295279575,2.4196031850776474
50 - 59,1.694915254237288,1.584377302873987,1.7686072218128224,3.168754605747974,4.053058216654384,5.01105379513633,4.495210022107591,2.800294767870302,1.694915254237288
60 - 69,2.2500489141068285,1.076110350225005,1.3695949911954608,2.5924476619056938,5.087067110154568,4.597926041870475,3.913128546272745,3.3750733711602425,2.2500489141068285
70 - 79,1.9690781796966161,1.677362893815636,1.6044340723453907,3.646441073512252,6.053092182030338,3.865227537922987,3.5735122520420073,2.4795799299883314,1.9690781796966161
80+,2.1397105097545626,2.265575833857772,2.3914411579609816,2.7690371302706107,4.153555695405916,3.524229074889868,4.405286343612335,3.3983637507866584,2.1397105097545626
