Altersgruppen,Fälle pro 1000 Personen,woche1,woche2,woche3,woche4,woche5,woche6,woche7,woche8
0 - 9,10.201835532040834,7.067722167921415,10.882718238874638,19.792359287091855,36.62852430933745,39.58471857418371,25.61692877419443,16.609204119967657,10.201835532040834
10 - 19,17.609223329542857,16.23429366519992,31.95534303788826,36.39561246759851,48.511002968812164,51.13372839017867,38.841763017688095,27.455038151943853,17.609223329542857
20 - 29,15.969036752480893,24.2935883036294,44.42104776454677,32.79827074346857,33.823186602114944,32.990924100356985,28.665856238212022,22.0780746994126,15.969036752480893
30 - 39,16.82472269813309,17.93795194774901,27.69962114813832,28.438824674436752,37.2489402604506,39.69177062973062,32.63756505232338,24.123452619386597,16.82472269813309
40 - 49,15.004032536619512,14.990715594222777,22.49148339918284,25.16652420312665,32.83292147914609,35.005247707613215,29.30726097961093,21.670826823984147,15.004032536619512
50 - 59,10.56108455872448,11.639516006740003,17.032443005167387,17.16176240792728,19.60112661832071,19.777401280416036,17.492758498324623,14.125835476468874,10.56108455872448
60 - 69,7.482737908782551,7.314226402961667,9.282606201016652,9.78917453139845,11.537352177675224,12.351996757962686,11.318183838816159,9.570006192539386,7.482737908782551
70 - 79,4.809448352743571,3.8589644885650003,4.695390289042144,4.632929920824695,5.544036596344439,6.258257328570051,6.016562860250358,5.622790973662092,4.809448352743571
80+,4.9008376810266014,3.417057795408574,4.196042235358038,4.750277663221243,5.498713693760924,5.939483600959219,5.9918523028045625,5.952575776420555,4.9008376810266014
