Altersgruppen,Fälle pro 1000 Personen,woche1,woche2,woche3,woche4,woche5,woche6,woche7,woche8
0 - 9,1.5776852202448568,20.951659724851698,11.296226176953175,5.1117001135933355,2.966048214060331,5.1117001135933355,4.228196390256216,3.0291556228701246,1.5776852202448568
10 - 19,4.392578509145742,39.270963089228346,23.798596997312007,13.833344260145545,19.078214121812103,14.488952992853864,14.357831246312202,9.440765750999802,4.392578509145742
20 - 29,6.791632708503124,22.167889160554196,16.843249117087748,16.951915240423798,33.30616680249932,27.275196957348545,17.060581363759848,11.681608258625374,6.791632708503124
30 - 39,7.455177460665935,28.448591291620932,18.7980241492865,17.15148188803513,28.72301500182949,26.07025246981339,20.032930845225025,14.590193926088547,7.455177460665935
40 - 49,7.318141980718668,26.599474145486415,18.843120070113933,13.540753724802803,21.253286590709905,22.91849255039439,19.36897458369851,12.532865907099035,7.318141980718668
50 - 59,6.9839627521986545,16.850195846574533,13.007168723671569,12.933264355923434,20.730175153351563,24.573202276254523,19.80637055649989,13.118025275293771,6.9839627521986545
60 - 69,5.9405940594059405,10.408733181010408,8.631632394008632,8.225437928408226,13.505965981213507,21.78217821782178,18.075653719218074,11.779639502411781,5.9405940594059405
70 - 79,4.9688519727083955,6.377929397804806,4.375556214773064,5.784633639869475,7.638682883417384,14.090774250964106,11.940077128448532,9.121922278255711,4.9688519727083955
80+,5.046583850931677,6.987577639751553,4.787784679089027,5.822981366459627,8.281573498964804,13.457556935817806,11.645962732919253,9.446169772256727,5.046583850931677
