Altersgruppen,Fälle pro 1000 Personen,woche1,woche2,woche3,woche4,woche5,woche6,woche7,woche8
0 - 9,0.0,0.0,0.0,0.0,0.0,0.5698005698005698,0.0,0.0,0.0
10 - 19,1.2055455093429777,0.0,0.0,0.0,0.0,0.0,0.0,4.822182037371911,1.2055455093429777
20 - 29,2.4061597690086622,0.0,0.48123195380173245,0.9624639076034649,0.9624639076034649,1.4436958614051971,1.4436958614051971,4.331087584215592,2.4061597690086622
30 - 39,3.370245546461242,0.0,0.0,2.888781896966779,1.9258545979778525,1.4443909484833894,2.888781896966779,0.48146364949446313,3.370245546461242
40 - 49,4.092071611253196,0.0,1.023017902813299,0.0,0.5115089514066495,1.023017902813299,1.023017902813299,1.5345268542199488,4.092071611253196
50 - 59,2.039151712887439,0.4078303425774878,0.4078303425774878,2.039151712887439,2.039151712887439,2.446982055464926,2.446982055464926,3.2626427406199023,2.039151712887439
60 - 69,3.0596634370219276,1.0198878123406425,0.0,0.5099439061703213,2.5497195308516063,1.5298317185109638,1.5298317185109638,2.039775624681285,3.0596634370219276
70 - 79,2.8735632183908044,0.7183908045977011,0.0,0.7183908045977011,1.4367816091954022,0.7183908045977011,0.7183908045977011,2.8735632183908044,2.8735632183908044
80+,1.037344398340249,0.0,0.0,0.0,0.0,5.186721991701245,0.0,1.037344398340249,1.037344398340249
