Altersgruppen,Fälle pro 1000 Personen,woche1,woche2,woche3,woche4,woche5,woche6,woche7,woche8
0 - 9,0.44411547002220575,0.07401924500370095,0.07401924500370095,0.07401924500370095,0.1480384900074019,0.25906735751295334,0.2775721687638786,0.3700962250185048,0.44411547002220575
10 - 19,0.8232501148721091,0.5169244907336499,0.44034308469903505,0.45948843620768876,0.6509419512942257,0.6126512482769183,0.8615408178894164,0.8998315209067238,0.8232501148721091
20 - 29,1.4314298907187932,0.9542865938125288,0.8927197167923657,1.5853470832692012,2.370324765276281,2.047098660920425,2.2933661690010774,2.2010158534708326,1.4314298907187932
30 - 39,2.308120511045036,1.0047112812784271,1.2083689734294596,2.1451943573242094,3.054865382265488,2.891939228544662,2.7425902543005716,3.4893351255210243,2.308120511045036
40 - 49,2.007069678269726,1.3180756096099695,1.872266490923252,2.052004074051884,3.2053202324606076,3.504882871008328,3.355101551734468,3.60972979450003,2.007069678269726
50 - 59,2.25133836830325,1.5183444809487034,1.6492362465477297,3.0105106087776017,3.9660204976504927,3.9005746148509797,3.6780586133326354,3.4424534352543885,2.25133836830325
60 - 69,2.450777459471096,1.5565748729073177,1.920879630396264,3.2290648959247545,4.189504711122886,4.686283925880541,3.974233718061236,3.659606882048055,2.450777459471096
70 - 79,2.767820681519125,1.6107808884250647,2.3594536957212218,4.31054040564454,5.059213212940696,5.218022596306548,5.649076636871001,3.811425200780435,2.767820681519125
80+,2.395209580838323,1.4221556886227547,2.095808383233533,3.480538922155689,5.014970059880239,4.790419161676646,4.303892215568863,3.2934131736526946,2.395209580838323
