Altersgruppen,Fälle pro 1000 Personen,woche1,woche2,woche3,woche4,woche5,woche6,woche7,woche8
0 - 9,0.1515840533575868,0.5305441867515538,0.9095043201455206,0.6063362134303472,0.1515840533575868,0.5305441867515538,0.37896013339396695,0.3031681067151736,0.1515840533575868
10 - 19,0.3907471084713973,1.5629884338855893,1.328540168802751,1.015942482025633,0.9377930603313536,1.6411378555798686,1.4848390121913098,1.015942482025633,0.3907471084713973
20 - 29,0.5256833884049263,3.9801742264944426,2.177831180534695,1.5019525382997898,1.7272454190447581,2.4031240612796636,1.0513667768098527,1.0513667768098527,0.5256833884049263
30 - 39,1.0820754206568197,5.1939620191527345,4.003679056430233,2.8133960937077314,2.9757074068062543,3.5708488881675056,2.3264621544121624,0.7574527944597739,1.0820754206568197
40 - 49,1.0789703540050353,4.675538200688486,3.3396701433489184,2.877254277346761,2.877254277346761,2.877254277346761,2.31207933001079,1.3872475980064738,1.0789703540050353
50 - 59,1.2401030239435278,4.626538204712391,4.197271773347325,3.2433463703138417,2.8140799389487743,2.9571687494037966,2.4802060478870556,2.003243346370314,1.2401030239435278
60 - 69,1.0543333099037042,4.498488788922471,4.568777676249385,3.444155479018767,2.881844380403458,1.8977999578266675,3.162999929711113,1.265199971884445,1.0543333099037042
70 - 79,0.5826374053214216,3.4958244319285297,2.6218683239463973,3.3987181977082925,2.7189745581666345,1.9421246844047388,2.0392309186249755,0.8739561079821324,0.5826374053214216
80+,0.16526194017517767,3.801024624029086,3.4705007436787305,1.3220955214014214,1.8178813419269542,1.1568335812262438,1.6526194017517766,1.3220955214014214,0.16526194017517767
