Altersgruppen,Fälle pro 1000 Personen,woche1,woche2,woche3,woche4,woche5,woche6,woche7,woche8
0 - 9,36.59544960498538,9.510688261787426,10.299919138050395,9.142304485728266,6.598973771759449,7.067722167921415,10.882718238874638,19.77525168139251,36.59544960498538
10 - 19,48.46273917066315,14.638056828856572,13.386729574407473,11.557413907978594,10.683956878062101,16.23076216777438,31.927091058483953,36.37324631723677,48.46273917066315
20 - 29,33.798141665719456,6.827634968125502,7.443162443383995,7.844844692496345,13.099465001627921,24.289735236491627,44.40081916207349,32.763593139228654,33.798141665719456
30 - 39,37.222396499440976,7.881888307071097,8.521351640484866,8.654874801927239,10.862833104091761,17.935538878566316,27.669859961551765,28.41147655703289,37.222396499440976
40 - 49,32.80711990325241,8.555303181001385,8.946488363905425,8.476233835520778,9.26942421702621,14.984889431924206,22.486489545784064,25.131567229335225,32.80711990325241
50 - 59,19.576494351128353,5.638479912001226,5.72700212222377,5.515318576039424,6.2819978924016375,11.637976490040481,17.018587354871684,17.144827724232535,19.576494351128353
60 - 69,11.527014048483759,4.004991248773639,4.167299877079644,3.794093413267748,4.084594843547922,7.3131925900425205,9.272268071825186,9.774701150530397,11.527014048483759
70 - 79,5.534531757702654,2.9709409926038775,2.6803644969835716,2.3028866194955104,2.2485732558281635,3.854890986289949,4.696748123133827,4.6274985844579595,5.534531757702654
80+,5.4616191966204735,3.783638708325969,2.993744122158725,2.4329626065648533,2.3304072321177247,3.414875766165018,4.204770352332262,4.745913604734131,5.4616191966204735
