Altersgruppen,Fälle pro 1000 Personen,woche1,woche2,woche3,woche4,woche5,woche6,woche7,woche8
0 - 9,1.4017484968091778,11.80419786786676,13.83304437640636,22.354199712272678,20.952451215463498,16.56276513335055,10.365561252720498,4.500350437124203,1.4017484968091778
10 - 19,2.641597389480227,19.34581617589931,22.764353974050188,44.09136819205967,43.04249864035428,33.75806075673996,18.607722787662187,7.691710045839484,2.641597389480227
20 - 29,5.583281347473488,18.714909544603866,20.773549594510293,42.233312538989395,40.76731129132876,31.752963194011226,15.689332501559575,7.797878976918279,5.583281347473488
30 - 39,6.063162334581115,18.95397268940792,17.68861707175621,38.32973058469974,37.35435229609321,34.63911003321559,19.11214214161438,8.962935625032953,6.063162334581115
40 - 49,5.571264593073715,19.23346118312383,15.873904644586913,30.963912763515214,38.298944539320814,35.191354741174166,20.773257929953246,9.126795263025281,5.571264593073715
50 - 59,5.590671565159848,12.071286767222691,13.120963877415969,24.553316751477535,31.878237455217583,31.558770508637014,17.89014900851151,9.150446112771832,5.590671565159848
60 - 69,4.159425657388678,8.20489444745164,9.145038602888807,16.096407509757555,22.07914304435771,24.95655394433207,14.671946668186092,7.635110110823054,4.159425657388678
70 - 79,3.954642669787337,4.640652112505548,4.640652112505548,9.240950728380614,15.657156692627415,18.23978047697833,12.670997941971672,6.012670997941972,3.954642669787337
80+,3.7517277693674718,7.437635753307444,7.108536826169947,7.700914895017442,15.270190219179886,16.06002764430988,14.41453300862239,6.055420259329955,3.7517277693674718
