Altersgruppen,Fälle pro 1000 Personen,woche1,woche2,woche3,woche4,woche5,woche6,woche7,woche8
0 - 9,16.56276513335055,49.54074292670331,43.011545981039504,16.636541370024712,11.80419786786676,13.83304437640636,22.354199712272678,21.026227452137665,16.56276513335055
10 - 19,33.95229585890762,69.57501359645715,53.33695905524046,27.076373242172323,19.34581617589931,22.764353974050188,44.130215212493205,43.43096884468961,33.95229585890762
20 - 29,31.94011228945727,34.123518402994385,30.53649407361198,24.17342482844666,18.714909544603866,20.74235807860262,42.233312538989395,41.048034934497814,31.94011228945727
30 - 39,34.82364106078979,40.62318764169347,36.721674487267364,25.72889755891812,18.95397268940792,17.662255496388465,38.32973058469974,37.45979859756419,34.82364106078979
40 - 49,35.41532517707663,34.88339539180828,32.25174276995436,23.06895489795347,19.23346118312383,15.873904644586913,30.963912763515214,38.35493714829642,35.41532517707663
50 - 59,31.695684914314405,18.50626383405974,16.247176140382905,15.288775300641216,12.071286767222691,13.120963877415969,24.553316751477535,31.946694658056273,31.695684914314405
60 - 69,25.212956895814933,12.050938719694596,10.370074926640266,9.942736674168827,8.20489444745164,9.145038602888807,16.096407509757555,22.10763226118914,25.212956895814933
70 - 79,18.320487470239296,5.084540575440862,5.649489528267624,4.9634800855494134,4.640652112505548,4.640652112505548,9.240950728380614,15.657156692627415,18.320487470239296
80+,16.06002764430988,5.660501546764957,4.936483907062462,8.03001382215494,7.437635753307444,7.108536826169947,7.700914895017442,15.270190219179886,16.06002764430988
