Altersgruppen,Fälle pro 1000 Personen,woche1,woche2,woche3,woche4,woche5,woche6,woche7,woche8
0 - 9,0.2622312130066682,0.31842361579381134,0.24350041207762044,0.31842361579381134,0.1311156065033341,0.18730800929047725,0.18730800929047725,0.05619240278714318,0.2622312130066682
10 - 19,0.6950477845351868,2.4326672458731537,2.6450429578144607,1.023264793899025,0.926730379380249,0.8108890819577179,0.7915821990539628,0.7336615503426971,0.6950477845351868
20 - 29,1.140146850914398,7.129718307718035,5.746340128608565,3.4660464267797693,1.7330232133898846,2.1890819537556436,2.128274121706876,1.4289840531460452,1.140146850914398
30 - 39,2.092920108665521,6.75001386039807,5.072905693851528,3.4512391195875143,2.494871652713866,2.162222099018684,2.3839884681488055,1.9265953318179299,2.092920108665521
40 - 49,1.6097729768764386,4.7240066798056235,4.528426785418767,3.339902811837097,2.5274940197686138,1.880575907565933,2.3319141253817572,1.880575907565933,1.6097729768764386
50 - 59,1.839842373788118,4.658324308101831,5.532575648838029,4.058092044312799,2.4922687474718477,2.153007033156308,1.9833761759985384,2.022521758419562,1.839842373788118
60 - 69,1.6687668153798998,4.3592275993597385,5.278752171099684,3.8143241494397713,2.7756019480298333,2.0433879371998773,2.0093314715798796,1.685795048189899,1.6687668153798998
70 - 79,1.4714673288269648,3.540718259989884,4.966202234791005,3.402768197912356,2.8049845955764017,1.90830919207247,1.632409067917414,1.5404423598657284,1.4714673288269648
80+,1.4962019488989486,3.2993171180848613,5.217524744878386,3.7980511010511777,3.030768050333768,1.6496585590424306,1.6112944065065602,1.7263868641141717,1.4962019488989486
