Altersgruppen,Fälle pro 1000 Personen,woche1,woche2,woche3,woche4,woche5,woche6,woche7,woche8
0 - 9,39.14334234714069,10.299919138050395,9.142304485728266,6.598973771759449,7.0665816608747924,10.883858745921263,19.77753269548576,36.6011521402185,39.14334234714069
10 - 19,50.38387377015602,13.386729574407473,11.557413907978594,10.683956878062101,16.23076216777438,31.93886271656908,36.380309312087846,48.48039665779084,50.38387377015602
20 - 29,32.49195190601599,7.443162443383995,7.844844692496345,13.102354801981248,24.29069850327607,44.41045182991791,32.766482939581984,33.81451720105497,32.49195190601599
30 - 39,39.130329866557275,8.521351640484866,8.655679158321469,10.863637460485991,17.93634323496055,27.681925307465235,28.413085269821355,37.23687491453713,39.130329866557275
40 - 49,34.50003620543714,8.946488363905425,8.477066144420576,9.271921143725598,14.987386358623594,22.48981878138325,25.136561082734,32.81877222784956,34.50003620543714
50 - 59,19.446405190018698,5.72700212222377,5.515318576039424,6.2819978924016375,11.638746248390243,17.022436146620493,17.146367240932054,19.584961692975725,19.446405190018698
60 - 69,12.16074136792058,4.167299877079644,3.794093413267748,4.085628656467068,7.315260215880814,9.272268071825186,9.77676877636869,11.530115487241197,12.16074136792058
70 - 79,6.178145117160715,2.6803644969835716,2.3028866194955104,2.2472154217364797,3.8562488203816327,4.695390289042144,4.630214252641327,5.544036596344439,6.178145117160715
80+,5.806379817102309,2.993744122158725,2.4329626065648533,2.3325892613612806,3.414875766165018,4.20040629384515,4.745913604734131,5.479075430568921,5.806379817102309
