Altersgruppen,Fälle pro 1000 Personen,woche1,woche2,woche3,woche4,woche5,woche6,woche7,woche8
0 - 9,3.988603988603989,1.1396011396011396,2.2792022792022792,8.547008547008549,12.535612535612534,11.396011396011396,7.407407407407407,4.5584045584045585,3.988603988603989
10 - 19,19.891500904159134,27.124773960217,27.124773960217,29.535864978902953,37.3719107896323,40.988547317661244,23.508137432188065,18.083182640144667,19.891500904159134
20 - 29,37.0548604427334,33.205004812319544,31.76130895091434,29.355149181905677,31.76130895091434,25.98652550529355,20.692974013474494,22.617901828681426,37.0548604427334
30 - 39,42.85026480500722,23.11025517573423,25.51757342320655,34.66538276360135,28.406355320173326,30.33220991815118,23.591718825228696,22.147327876745305,42.85026480500722
40 - 49,37.851662404092075,19.437340153452684,23.017902813299234,32.22506393861892,27.10997442455243,30.69053708439898,22.506393861892583,13.81074168797954,37.851662404092075
50 - 59,35.48123980424143,18.35236541598695,15.905383360522023,14.68189233278956,15.905383360522023,18.35236541598695,15.905383360522023,13.05057096247961,35.48123980424143
60 - 69,20.39775624681285,2.039775624681285,9.688934217236104,10.708822029576748,9.688934217236104,14.278429372768995,18.357980622131564,10.198878123406425,20.39775624681285
70 - 79,6.4655172413793105,4.310344827586206,7.183908045977011,7.902298850574714,7.902298850574714,8.620689655172413,11.494252873563218,4.310344827586206,6.4655172413793105
80+,3.1120331950207465,12.448132780082986,4.149377593360996,4.149377593360996,5.186721991701245,3.1120331950207465,8.298755186721992,4.149377593360996,3.1120331950207465
