Altersgruppen,Fälle pro 1000 Personen,woche1,woche2,woche3,woche4,woche5,woche6,woche7,woche8
0 - 9,9.611052881890231,36.6262432952442,39.559627419158005,25.618069281241056,16.595518035408183,10.59302944903245,8.232179862523282,8.492215469153276,9.611052881890231
10 - 19,24.34261175423603,48.506294305578116,51.068984270710466,38.81586536990081,27.439734996433188,18.217818052543972,16.366136235753352,21.178390060953646,24.34261175423603
20 - 29,30.626104144551668,33.81837026819274,32.91675255795494,28.614803098636592,22.05110322944822,16.45644974540859,17.29738164822653,27.79120999793861,30.626104144551668
30 - 39,29.28983373953331,37.249744616844836,39.63063954376905,32.597347232611824,24.11219162986736,17.345141285200647,16.585024492652202,24.302019738905912,29.28983373953331
40 - 49,25.789923569073732,32.83208917024629,34.96196764482383,29.288117874915624,21.663336043885984,15.550027174885578,14.621170442713428,20.442338887885494,25.789923569073732
50 - 59,23.904845551835912,19.60112661832071,19.747380704775352,17.471205264531307,14.121216926370304,10.97059600079747,11.126856945799005,17.233349934455077,23.904845551835912
60 - 69,17.790886525592555,11.53838599059437,12.333388125418049,11.307845709624694,9.56897237962024,7.721548693105398,7.727751570620278,11.769960084483193,17.790886525592555
70 - 79,12.411961432080458,5.542678762252756,6.246036821744899,6.0111315238836225,5.617359637295357,4.924864250536683,4.915359411894898,7.302431745074796,12.411961432080458
80+,11.368372358926354,5.498713693760924,5.90238910381877,5.972214039612559,5.9765780980996706,5.097220312946634,4.968480587576835,6.701011806960237,11.368372358926354
