Altersgruppen,Fälle pro 1000 Personen,woche1,woche2,woche3,woche4,woche5,woche6,woche7,woche8
0 - 9,0.386631888805125,0.8405536933609945,0.5280547625863506,0.5155091850735,0.541740847145824,0.5063851287005178,0.5360383119127101,0.4744509313950796,0.386631888805125
10 - 19,0.8487365479377232,1.9329062575780047,1.2795792338534053,1.2160122801937143,1.2054177879170993,0.9923507765762839,0.924075159682542,0.9099491699803884,0.8487365479377232
20 - 29,1.2445406854991745,5.384661325031257,3.358911277349552,2.4900446377827907,2.2684932773611113,1.8523620264821306,1.5373737879695686,1.4371940423875915,1.2445406854991745
30 - 39,1.883802675289367,5.887888805772062,3.9405419753384328,2.98496657899182,2.6897677823089854,2.4621349227415683,2.171762264424121,2.0567393000490655,1.883802675289367
40 - 49,1.8552165376449155,4.69172526814912,3.325906363584155,2.6359222856534084,2.5901452961646374,2.3387880084262953,2.019181390904695,2.079939940589791,1.8552165376449155
50 - 59,1.9128494991567297,5.3398136722938565,3.714084037598077,2.732642141652471,2.5625255463552326,2.263859306647864,2.1437770040851074,2.057564068911846,1.9128494991567297
60 - 69,2.0252395086080432,5.19490991871129,3.750673270663594,2.516300645202643,2.5535179102919177,2.197886266105513,2.180311446480022,2.007664688982552,2.0252395086080432
70 - 79,1.9783642715831122,5.166558718856378,3.5833241679532146,2.4101555127385206,2.3436216422460205,2.050329478442347,2.0068787875084695,2.025888464792041,1.9783642715831122
80+,1.8438147108047542,5.444162962672026,3.6876294216095085,2.4896953668973074,2.280220559515939,2.1231144539799125,1.8045381844207475,1.9049115296243202,1.8438147108047542
