Altersgruppen,Fälle pro 1000 Personen,woche1,woche2,woche3,woche4,woche5,woche6,woche7,woche8
0 - 9,7.407407407407407,2.849002849002849,0.0,1.1396011396011396,2.2792022792022792,8.547008547008549,12.535612535612534,11.396011396011396,7.407407407407407
10 - 19,23.508137432188065,7.2332730560578655,27.727546714888486,27.124773960217,27.124773960217,29.535864978902953,37.3719107896323,40.988547317661244,23.508137432188065
20 - 29,20.692974013474494,14.436958614051973,43.79210779595765,33.205004812319544,31.76130895091434,29.355149181905677,31.76130895091434,25.98652550529355,20.692974013474494
30 - 39,23.591718825228696,5.777563793933558,19.74000962927299,23.11025517573423,25.51757342320655,34.66538276360135,28.406355320173326,30.33220991815118,23.591718825228696
40 - 49,22.506393861892583,6.138107416879795,7.672634271099745,19.437340153452684,23.017902813299234,32.22506393861892,27.62148337595908,30.69053708439898,22.506393861892583
50 - 59,15.905383360522023,7.34094616639478,9.787928221859705,18.35236541598695,15.905383360522023,14.68189233278956,15.905383360522023,18.35236541598695,15.905383360522023
60 - 69,18.357980622131564,4.07955124936257,5.099439061703213,2.039775624681285,9.688934217236104,10.708822029576748,9.688934217236104,14.278429372768995,18.357980622131564
70 - 79,11.494252873563218,2.155172413793103,6.4655172413793105,4.310344827586206,7.183908045977011,7.902298850574714,7.902298850574714,8.620689655172413,11.494252873563218
80+,8.298755186721992,3.1120331950207465,0.0,12.448132780082986,4.149377593360996,4.149377593360996,5.186721991701245,3.1120331950207465,8.298755186721992
