Altersgruppen,Fälle pro 1000 Personen,woche1,woche2,woche3,woche4,woche5,woche6,woche7,woche8
0 - 9,0.28320589068252616,0.28320589068252616,0.28320589068252616,0.0,0.0,0.0,1.1328235627301046,0.28320589068252616,0.28320589068252616
10 - 19,0.5285412262156448,0.2642706131078224,0.0,0.2642706131078224,0.5285412262156448,0.5285412262156448,0.2642706131078224,0.2642706131078224,0.5285412262156448
20 - 29,0.45187528242205155,2.485314053321283,2.7112516945323093,1.3556258472661546,0.22593764121102577,0.6778129236330773,1.1296882060551288,0.45187528242205155,0.45187528242205155
30 - 39,1.1044842058758562,3.7552462999779106,3.3134526176275676,1.9880715705765406,0.6626905235255136,0.2208968411751712,1.5462778882261983,0.8835873647006848,1.1044842058758562
40 - 49,1.0584250635055037,3.5986452159187126,1.6934801016088061,1.0584250635055037,0.8467400508044031,0.6350550381033022,1.4817950889077054,0.6350550381033022,1.0584250635055037
50 - 59,0.544069640914037,1.9949220166848025,2.7203482045701852,0.9067827348567282,0.7254261878853826,1.2694958287994198,1.2694958287994198,0.544069640914037,0.544069640914037
60 - 69,1.4814814814814814,2.5396825396825395,2.5396825396825395,0.4232804232804233,0.6349206349206349,0.4232804232804233,0.8465608465608466,0.8465608465608466,1.4814814814814814
70 - 79,0.2847380410022779,2.277904328018223,1.9931662870159454,1.7084282460136675,0.2847380410022779,1.1389521640091116,1.1389521640091116,0.2847380410022779,0.2847380410022779
80+,0.0,2.890173410404624,4.335260115606936,0.9633911368015414,0.4816955684007707,0.4816955684007707,0.9633911368015414,0.4816955684007707,0.0
