Altersgruppen,Fälle pro 1000 Personen,woche1,woche2,woche3,woche4,woche5,woche6,woche7,woche8
0 - 9,24.52638700947226,10.148849797023004,10.994587280108254,14.039242219215154,3.3829499323410013,2.875507442489851,5.412719891745603,13.024357239512856,24.52638700947226
10 - 19,48.562178632641405,22.852789944772425,22.852789944772425,20.377071034088747,12.18815463721196,11.807274804799086,16.187392877547133,27.804227766139785,48.562178632641405
20 - 29,26.704262730137668,13.10333388621662,10.947089069497428,9.454304196384143,9.288439210482666,13.435063858019573,27.699452645546526,23.552827998009622,26.704262730137668
30 - 39,24.24749163879599,14.910813823857302,15.189520624303231,13.795986622073578,10.590858416945373,13.935340022296543,13.656633221850614,14.771460423634336,24.24749163879599
40 - 49,26.63058957561948,17.373967530618057,14.240956992309883,14.098547422386785,11.677584733694106,11.677584733694106,8.54457419538593,18.086015380233555,26.63058957561948
50 - 59,15.051311288483467,11.174458380843785,7.98175598631699,9.007981755986316,5.24515393386545,6.841505131128849,6.613454960091221,10.4903078677309,15.051311288483467
60 - 69,7.1209159452666855,6.283161128176488,6.003909522479754,4.328399888299358,3.4906450712091592,5.305780508237922,6.143535325328121,4.607651493996091,7.1209159452666855
70 - 79,3.013258336681398,3.4150261149055843,3.013258336681398,3.2141422257934913,2.209722780233025,1.8079550020088389,1.6070711128967456,1.8079550020088389,3.013258336681398
80+,11.299435028248588,4.652708541043536,6.3143901628447985,0.9970089730807576,0.9970089730807576,2.326354270521768,1.6616816218012629,2.991026919242273,11.299435028248588
