Altersgruppen,Fälle pro 1000 Personen,woche1,woche2,woche3,woche4,woche5,woche6,woche7,woche8
0 - 9,0.0,0.0,0.5074424898511501,0.6765899864682003,0.33829499323410017,0.16914749661705009,0.0,0.0,0.0
10 - 19,0.38087983241287376,0.38087983241287376,0.5713197486193106,0.5713197486193106,0.7617596648257475,0.19043991620643688,0.5713197486193106,0.0,0.38087983241287376
20 - 29,1.1610549013103333,1.4927848731132858,1.4927848731132858,2.3221098026206666,0.829324929507381,0.6634599436059048,0.49759495770442863,0.9951899154088573,1.1610549013103333
30 - 39,1.5328874024526198,1.254180602006689,1.254180602006689,1.3935340022296545,1.8115942028985508,1.6722408026755853,0.6967670011148273,1.3935340022296545,1.5328874024526198
40 - 49,1.9937339789233834,1.9937339789233834,1.9937339789233834,1.2816861293078894,0.9968669894616917,2.1361435488464826,1.5665052691540873,1.708914839077186,1.9937339789233834
50 - 59,1.4823261117445838,2.052451539338654,2.1664766248574687,1.9384264538198406,2.1664766248574687,1.596351197263398,0.9122006841505131,2.1664766248574687,1.4823261117445838
60 - 69,2.0943870427254954,1.5358838313320302,1.6755096341803966,1.5358838313320302,1.6755096341803966,1.3962580284836639,1.815135437028763,1.815135437028763,2.0943870427254954
70 - 79,2.4106066693451185,1.6070711128967456,1.8079550020088389,1.004419445560466,2.4106066693451185,1.004419445560466,2.008838891120932,1.2053033346725592,2.4106066693451185
80+,1.3293452974410103,0.9970089730807576,0.6646726487205051,0.6646726487205051,0.6646726487205051,0.6646726487205051,3.3233632436025258,2.326354270521768,1.3293452974410103
