Altersgruppen,Fälle pro 1000 Personen,woche1,woche2,woche3,woche4,woche5,woche6,woche7,woche8
0 - 9,0.33829499323410017,9.641407307171853,8.288227334235454,5.581867388362652,3.7212449255751014,4.566982408660352,2.537212449255751,0.6765899864682003,0.33829499323410017
10 - 19,0.5713197486193106,34.27918491715864,27.99466768234622,20.948390782708056,16.758712626166442,7.808036564463912,4.5705579889544845,2.475718910683679,0.5713197486193106
20 - 29,2.1562448167191905,18.411013435063857,31.348482335379,29.523967490462763,21.230718195388953,12.274008956709238,5.971139492453143,2.653839774423619,2.1562448167191905
30 - 39,2.0903010033444813,24.38684503901895,32.608695652173914,36.371237458193974,24.38684503901895,17.41917502787068,10.869565217391305,2.6477146042363433,2.0903010033444813
40 - 49,1.9937339789233834,21.076616348618625,28.19709484477357,28.90914269438906,20.50697806892623,16.09228140131017,8.40216462546283,4.414696667616064,1.9937339789233834
50 - 59,2.1664766248574687,13.112884834663626,20.9806157354618,29.076396807297606,28.62029646522235,18.70011402508552,8.55188141391106,3.990877993158495,2.1664766248574687
60 - 69,2.0943870427254954,12.147444847807874,10.75118681932421,19.826864004468025,20.10611561016476,16.05696732756213,6.9812901424183185,3.769896676905892,2.0943870427254954
70 - 79,1.4061872237846524,7.231820008035355,7.231820008035355,12.856568903173965,18.280433909200482,10.646846122940941,6.8300522298111686,3.6159100040176777,1.4061872237846524
80+,0.9970089730807576,5.982053838484546,8.97308075772682,13.958125623130607,20.272515785975408,17.281488866733135,8.308408109006313,1.6616816218012629,0.9970089730807576
