Altersgruppen,Fälle pro 1000 Personen,woche1,woche2,woche3,woche4,woche5,woche6,woche7,woche8
0 - 9,33.95482795209944,9.170835228133999,5.5328179475519175,5.911778080945885,5.002273760800364,4.168561467333636,8.337122934667272,21.752311656813703,33.95482795209944
10 - 19,59.70615817442951,14.926539543607378,13.285401688027509,10.31572366364489,9.690528290090652,12.660206314473273,29.853079087214756,42.74773366677086,59.70615817442951
20 - 29,33.41844397717032,8.110543706818865,8.410934214478822,8.185641333733853,11.114448783418444,21.553018924601982,41.4538900570742,29.888855512165815,33.41844397717032
30 - 39,33.86896066655846,8.548395823188876,7.790943028729102,7.0875940053021695,9.522263701780014,14.662121949899907,25.591083698533787,28.079857166044473,33.86896066655846
40 - 49,30.827724400143865,8.580383291373376,8.37486512870575,7.244515234033808,7.3472743153676205,8.94004007604172,17.00662796074603,23.531829625443148,30.827724400143865
50 - 59,17.790708766574454,5.962033768959267,5.962033768959267,6.248211389869312,5.294285986835829,7.106744252599446,12.925689211103693,15.024325097777353,17.790708766574454
60 - 69,9.981022000421733,4.849933225557039,4.076755464960989,4.779644338230126,3.30357770436494,4.849933225557039,7.3803331693259295,10.051310887748647,9.981022000421733
70 - 79,4.078461837249951,2.7189745581666345,2.6218683239463973,1.553699747523791,2.3305496212856864,1.6508059817440282,2.0392309186249755,2.816080792386871,4.078461837249951
80+,3.801024624029086,5.784167906131217,4.95785820525533,1.9831432821021318,2.1484052222773093,1.6526194017517766,3.4705007436787305,3.305238803503553,3.801024624029086
