Altersgruppen,Fälle pro 1000 Personen,woche1,woche2,woche3,woche4,woche5,woche6,woche7,woche8
0 - 9,49.54074292670331,9.332693939282157,11.250876092810506,9.037588992585489,8.115386034158398,7.451399904090892,17.70629680180014,34.047733225128184,49.54074292670331
10 - 19,69.65270763732421,11.187941884857432,13.1691399269676,11.071400823556832,13.1691399269676,21.36586123844301,32.82573226633517,51.1226788905291,69.65270763732421
20 - 29,34.185901434809736,7.205240174672489,6.924516531503431,8.577666874610106,18.24703680598877,32.127261384903306,27.35495945102932,33.873986275733,34.185901434809736
30 - 39,40.596826066325725,7.96119576105868,7.697580007381242,8.040280487161914,12.310855696736438,18.663995360362737,22.091000158169454,33.55828544313808,40.596826066325725
40 - 49,34.91139169629609,7.5030096027324396,7.475013298244632,7.1950502533665555,10.974551359220582,15.257985945855147,18.253590526050562,30.31999776029564,34.91139169629609
50 - 59,18.62035917212423,5.043013942450311,4.632270725418159,5.248385550966387,9.355817721287908,11.888734226319514,12.596125322319331,18.0270634141889,18.62035917212423
60 - 69,12.022449502863168,3.1338138514572234,3.589641320760092,3.988490356400103,5.469929631634426,6.381584570240165,6.808922822711604,9.942736674168827,12.022449502863168
70 - 79,5.003833582179896,2.25979581130705,2.219442314676567,1.7352003551107704,2.3808563011984987,3.1072192405471935,3.4300472135910574,4.681005609136032,5.003833582179896
80+,5.726321332192457,2.303692489962483,1.9087737773974858,1.6454946356874876,2.0404133482524847,2.1720529191074833,3.883367340222471,4.212466267359968,5.726321332192457
