Altersgruppen,Fälle pro 1000 Personen,woche1,woche2,woche3,woche4,woche5,woche6,woche7,woche8
0 - 9,43.19598657272493,11.250876092810506,9.037588992585489,8.115386034158398,7.451399904090892,17.70629680180014,34.047733225128184,49.57763104504039,43.19598657272493
10 - 19,54.58006370911351,13.1691399269676,11.071400823556832,13.1691399269676,21.404708258876543,32.82573226633517,51.1226788905291,69.73040167819128,54.58006370911351
20 - 29,31.035558328134748,6.924516531503431,8.577666874610106,18.24703680598877,32.127261384903306,27.386150966936995,33.873986275733,34.24828446662507,31.035558328134748
30 - 39,37.03801339168029,7.697580007381242,8.040280487161914,12.310855696736438,18.663995360362737,22.091000158169454,33.53192386777034,40.72863394316444,37.03801339168029
40 - 49,32.44771690136902,7.475013298244632,7.1950502533665555,10.974551359220582,15.257985945855147,18.253590526050562,30.31999776029564,34.93938800078389,32.44771690136902
50 - 59,16.54382401935057,4.632270725418159,5.248385550966387,9.355817721287908,11.888734226319514,12.596125322319331,18.0270634141889,18.643178239737125,16.54382401935057
60 - 69,10.455542577134555,3.589641320760092,3.988490356400103,5.469929631634426,6.381584570240165,6.808922822711604,9.942736674168827,12.079427936526026,10.455542577134555
70 - 79,5.73019652152859,2.219442314676567,1.7352003551107704,2.3808563011984987,3.1072192405471935,3.4300472135910574,4.681005609136032,5.044187078810379,5.73019652152859
80+,4.870664121634964,1.9087737773974858,1.6454946356874876,2.0404133482524847,2.1720529191074833,3.883367340222471,4.212466267359968,5.726321332192457,4.870664121634964
