Altersgruppen,Fälle pro 1000 Personen,woche1,woche2,woche3,woche4,woche5,woche6,woche7,woche8
0 - 9,0.16914749661705009,8.288227334235454,5.581867388362652,3.7212449255751014,4.566982408660352,2.537212449255751,0.6765899864682003,0.33829499323410017,0.16914749661705009
10 - 19,0.19043991620643688,27.99466768234622,20.948390782708056,16.758712626166442,7.808036564463912,4.5705579889544845,2.475718910683679,0.5713197486193106,0.19043991620643688
20 - 29,1.1610549013103333,31.348482335379,29.523967490462763,21.230718195388953,12.274008956709238,5.971139492453143,2.653839774423619,2.1562448167191905,1.1610549013103333
30 - 39,1.6722408026755853,32.608695652173914,36.371237458193974,24.38684503901895,17.41917502787068,10.869565217391305,2.6477146042363433,2.0903010033444813,1.6722408026755853
40 - 49,1.1392765593847907,28.19709484477357,28.90914269438906,20.50697806892623,16.09228140131017,8.40216462546283,4.414696667616064,1.9937339789233834,1.1392765593847907
50 - 59,2.052451539338654,20.9806157354618,29.076396807297606,28.62029646522235,18.70011402508552,8.55188141391106,3.990877993158495,2.280501710376283,2.052451539338654
60 - 69,2.652890254118961,10.75118681932421,19.826864004468025,20.10611561016476,16.05696732756213,6.9812901424183185,3.769896676905892,2.0943870427254954,2.652890254118961
70 - 79,2.008838891120932,7.231820008035355,12.856568903173965,18.280433909200482,10.646846122940941,6.8300522298111686,3.6159100040176777,1.4061872237846524,2.008838891120932
80+,1.9940179461615153,8.97308075772682,13.958125623130607,20.272515785975408,17.281488866733135,8.308408109006313,1.6616816218012629,0.9970089730807576,1.9940179461615153
