Altersgruppen,Fälle pro 1000 Personen,woche1,woche2,woche3,woche4,woche5,woche6,woche7,woche8
0 - 9,1.5923566878980893,28.039324286901135,18.462106526354656,6.66943598264562,9.923382257915629,13.246561432659465,11.631127111603435,5.538631957906397,1.5923566878980893
10 - 19,2.9314767314034444,41.01624526688653,25.406131672163184,12.727494808843288,25.039697080737756,26.212287773299135,17.491144497373885,8.770001221448638,2.9314767314034444
20 - 29,5.133701906803566,28.056715182970404,19.93305502275377,18.14660197826169,50.60363308134943,38.34292376546692,20.79807439166573,11.057204106961526,5.133701906803566
30 - 39,6.652328314910219,30.79411127227863,22.974707814401707,19.073342336484437,47.11649077177012,40.33078244052085,28.32658097000617,15.12195935244002,6.652328314910219
40 - 49,5.974016626480009,27.96271637816245,20.09932702342822,15.90671896930219,34.890416381761256,33.99071508259258,24.09400079173714,12.991686759995682,5.974016626480009
50 - 59,6.5033321528605,17.739287209040274,13.553974437397379,13.40909822607128,34.8346801455201,34.91516692959016,24.097743150574676,12.411062103602589,6.5033321528605
60 - 69,5.5783217833465635,10.191164796498532,9.740608037074384,10.126799545152224,23.45040657383767,28.621081765324295,20.57542534703598,11.049368147782616,5.5783217833465635
70 - 79,4.803335145912634,5.951302036130747,4.984593075947072,5.46794755603891,11.811975107244274,20.723823333937524,15.316295087910097,9.516041326808047,4.803335145912634
80+,5.112474437627812,5.670198921732664,5.716675962074735,5.391336679680238,8.27291318088864,18.73024725785462,17.289459007250418,10.829150399702547,5.112474437627812
