Altersgruppen,Fälle pro 1000 Personen,woche1,woche2,woche3,woche4,woche5,woche6,woche7,woche8
0 - 9,0.2775721687638786,0.2960769800148038,0.22205773501110287,0.07401924500370095,0.07401924500370095,0.07401924500370095,0.1480384900074019,0.25906735751295334,0.2775721687638786
10 - 19,0.8423954663807628,0.765814060346148,0.631796599785572,0.5169244907336499,0.44034308469903505,0.45948843620768876,0.6509419512942257,0.6126512482769183,0.8423954663807628
20 - 29,2.277974449746037,1.0620286285978144,0.7849776820070802,0.9542865938125288,0.8927197167923657,1.5853470832692012,2.370324765276281,2.047098660920425,2.277974449746037
30 - 39,2.729013074823836,1.3712951271502858,1.4934897424409055,1.0047112812784271,1.2083689734294596,2.1451943573242094,3.054865382265488,2.891939228544662,2.729013074823836
40 - 49,3.3401234198070817,1.8423102270684801,1.69252890779462,1.3180756096099695,1.872266490923252,2.052004074051884,3.1753639686058355,3.504882871008328,3.3401234198070817
50 - 59,3.612612730533122,1.609968716868022,1.570701187188314,1.5183444809487034,1.6492362465477297,3.0105106087776017,3.9660204976504927,3.9005746148509797,3.612612730533122
60 - 69,3.9245557965854707,1.8546424017619103,1.3247445726870788,1.5565748729073177,1.920879630396264,3.2290648959247545,4.189504711122886,4.686283925880541,3.9245557965854707
70 - 79,5.649076636871001,2.041834928989519,1.542719724125414,1.6107808884250647,2.3594536957212218,4.31054040564454,5.059213212940696,5.218022596306548,5.649076636871001
80+,4.266467065868263,1.9086826347305388,1.9086826347305388,1.4221556886227547,2.095808383233533,3.480538922155689,5.014970059880239,4.790419161676646,4.266467065868263
