Altersgruppen,Fälle pro 1000 Personen,woche1,woche2,woche3,woche4,woche5,woche6,woche7,woche8
0 - 9,0.3741114852225963,0.4988153136301285,0.3741114852225963,0.18705574261129815,0.0,0.18705574261129815,0.12470382840753212,0.12470382840753212,0.3741114852225963
10 - 19,0.9113396693138914,0.39057414399166773,0.7160525973180576,0.7160525973180576,0.9113396693138914,0.4556698346569457,0.7811482879833355,0.5207655253222236,0.9113396693138914
20 - 29,2.3783185840707963,1.2168141592920354,0.8296460176991151,1.1615044247787611,1.1061946902654867,0.9402654867256637,1.7146017699115044,1.991150442477876,2.3783185840707963
30 - 39,2.8780860727616133,1.5739533210415073,1.5289832261546072,1.304132751720106,1.079282277285605,1.3491028466070063,1.5289832261546072,3.7325178756127175,2.8780860727616133
40 - 49,4.047336236857156,1.7597114073291982,1.847696977695658,1.4077691258633585,1.4077691258633585,1.3637763406801287,2.9915093924596365,2.683559896177027,4.047336236857156
50 - 59,4.937361827560796,1.8054532056005896,2.026529108327192,1.2896094325718497,1.5475313190862197,1.7686072218128224,3.168754605747974,4.053058216654384,4.937361827560796
60 - 69,4.549011935042066,1.858736059479554,1.2228526707102327,1.271766777538642,1.076110350225005,1.3695949911954608,2.5924476619056938,5.038153003326159,4.549011935042066
70 - 79,3.865227537922987,2.698366394399067,1.2397899649941657,1.9690781796966161,1.677362893815636,1.6044340723453907,3.646441073512252,5.980163360560093,3.865227537922987
80+,3.524229074889868,1.8879798615481436,0.6293266205160478,1.2586532410320956,2.265575833857772,2.3914411579609816,2.7690371302706107,4.153555695405916,3.524229074889868
