Altersgruppen,Fälle pro 1000 Personen,woche1,woche2,woche3,woche4,woche5,woche6,woche7,woche8
0 - 9,11.654204744761378,35.60878796270654,27.46238345795255,28.039324286901135,18.462106526354656,6.66943598264562,9.923382257915629,13.246561432659465,11.654204744761378
10 - 19,17.56443141565897,59.069256137779405,48.931232441675824,41.01624526688653,25.406131672163184,12.727494808843288,25.039697080737756,26.28557469158422,17.56443141565897
20 - 29,20.873293467223288,33.60412200534056,31.479183120839444,28.056715182970404,19.914250253864378,18.14660197826169,50.622437850238825,38.399338072135095,20.873293467223288
30 - 39,28.426615982260458,37.9466146484603,33.611764117441105,30.79411127227863,22.99138031644409,19.073342336484437,47.1331632738125,40.43081745277514,28.426615982260458
40 - 49,24.18397092165401,35.55619534314607,30.841760535502214,27.96271637816245,20.09932702342822,15.90671896930219,34.890416381761256,33.97272105660921,24.18397092165401
50 - 59,24.242619361900775,20.07340394707189,19.397314960883424,17.739287209040274,13.553974437397379,13.40909822607128,34.85077750233412,34.99565371366022,24.242619361900775
60 - 69,20.639790598382287,12.100667253105623,10.963547812654209,10.191164796498532,9.740608037074384,10.126799545152224,23.45040657383767,28.642536849106396,20.639790598382287
70 - 79,15.376714397921576,5.286689626004471,5.196060660987252,5.951302036130747,4.984593075947072,5.46794755603891,11.811975107244274,20.723823333937524,15.376714397921576
80+,17.103550845882133,6.739170849600297,6.553262688232014,5.670198921732664,5.716675962074735,5.391336679680238,8.27291318088864,18.63729317717048,17.103550845882133
