Altersgruppen,Fälle pro 1000 Personen,woche1,woche2,woche3,woche4,woche5,woche6,woche7,woche8
0 - 9,0.995979195101258,0.03688811833708362,0.22132871002250176,0.25821682835958537,0.7377623667416725,1.1435316684495924,1.1066435501125087,0.6639861300675053,0.995979195101258
10 - 19,1.4761867764742445,0.27192914303472926,0.5438582860694585,1.55388081734131,1.2819516743065809,2.68044440991376,2.6027503690466944,2.486209307746096,1.4761867764742445
20 - 29,5.396132252027449,0.9981285090455397,1.5907673112913288,2.744853399875234,3.6182158452900812,5.1466001247660635,6.7685589519650655,7.8290704928259505,5.396132252027449
30 - 39,6.03680075921337,1.133547740812991,1.7925871250065903,2.8206885643486057,3.6115358253809244,5.825908156271419,7.09126377392313,6.906732746348921,6.03680075921337
40 - 49,4.591393936000448,1.0358632660488816,1.4558078333659956,2.995604580195414,3.9194826282930655,5.207312634732215,5.459279375122484,5.431283070634676,4.591393936000448
50 - 59,5.111471145289003,1.3691440567738402,1.7114300709673003,2.6241927754831935,4.175889373160213,5.271204618579285,6.754444013417611,6.822901216256303,5.111471145289003
60 - 69,5.298994330645851,0.8831657217743084,1.8233098772114755,2.9343893336372187,3.4187060197715167,5.840289450443007,7.008347340531609,6.068203185094442,5.298994330645851
70 - 79,5.286308058593277,0.8070699326096606,1.6141398652193213,2.461563294459465,3.954642669787337,5.770550018159073,7.7478713530527425,7.546103869900326,5.286308058593277
80+,5.1997630487724615,0.7898374251299941,1.3822154939774896,2.2378727045349835,3.883367340222471,4.212466267359968,6.252879615612453,5.594681761337458,5.1997630487724615
