Altersgruppen,Fälle pro 1000 Personen,woche1,woche2,woche3,woche4,woche5,woche6,woche7,woche8
0 - 9,27.36494456239679,13.210662892191555,9.975398510430358,6.200923398375627,5.358406632291982,6.4705287635223945,15.064199777575574,29.21848144778081,27.36494456239679
10 - 19,50.22731405710129,20.694671758501546,15.602836879432624,9.674486270230952,11.27477723222404,22.22222222222222,32.95144571740317,50.809238043280594,50.22731405710129
20 - 29,28.97296652145372,12.024825446082234,10.413558512860298,10.47323506594259,16.500566927254283,30.226174136181893,26.40687473891508,28.137494778301605,28.97296652145372
30 - 39,31.432072216248656,14.228201345302693,13.077942537070841,9.852216748768473,12.802880648145832,16.10362331524593,20.80468105323698,32.407291640619135,31.432072216248656
40 - 49,31.13453597044121,13.937187567920017,11.655074983699196,9.563138448163443,9.86198652466855,12.877635296674637,15.893284068680721,26.733318843729624,31.13453597044121
50 - 59,16.703090852325943,9.388519691360777,7.782882119441595,6.088042460193568,8.362695687079077,10.570447348467955,12.666696400695777,17.57281120378217,16.703090852325943
60 - 69,9.861469828598262,6.456914768725053,4.84268607654379,4.373092275181968,5.752524066682319,5.429678328246067,6.046020192533459,8.599436487438366,9.861469828598262
70 - 79,4.979432777657501,4.200043299415459,3.3340549902576315,2.987659666594501,3.377354405715523,1.9484736956051094,2.94436025113661,3.5072526520891967,4.979432777657501
80+,3.502496460242939,3.278932856397645,2.1611148371711755,3.6515388628064684,2.7572844474252927,3.502496460242939,4.247708473060586,2.7572844474252927,3.502496460242939
