Altersgruppen,Fälle pro 1000 Personen,woche1,woche2,woche3,woche4,woche5,woche6,woche7,woche8
0 - 9,1.8976909118612608,11.247627886360174,8.782014876788608,11.275331403321651,14.281162993642043,12.992949454933303,8.934384220076739,5.0004848115468254,1.8976909118612608
10 - 19,6.183150183150183,22.564102564102566,18.036630036630036,21.5970695970696,34.46153846153846,36.83516483516484,29.0989010989011,13.948717948717949,6.183150183150183
20 - 29,8.691225586968127,23.441477011708326,18.33848598850275,20.01465092313232,35.29879191964341,38.315888801976634,31.958878086937087,18.586806719558982,8.691225586968127
30 - 39,10.162786238356192,24.6349167902954,17.34839080807775,19.41727976424758,30.629648692563098,36.42253776983863,32.60770837748645,20.164098216718642,10.162786238356192
40 - 49,9.219724559420655,21.27548243961656,16.147599313491565,18.104566955502534,28.538239357026246,33.551006739503535,31.46845828624053,18.14642722591988,9.219724559420655
50 - 59,9.647768081424557,13.564557244664423,11.703849803695364,12.866791954301027,20.54221014829838,28.747929962971924,29.762015518300057,18.504735500437267,9.647768081424557
60 - 69,7.687009568789511,8.929230315105896,7.133544879836666,7.52711976975869,13.123262735837454,19.998524094162793,21.339138562959683,13.83661722382112,7.687009568789511
70 - 79,5.723658953687224,4.973301225002618,4.5021463721076325,4.60684745052874,7.2767249502669875,13.00038390395421,15.28635744948173,11.517118626321851,5.723658953687224
80+,5.008192413515936,5.750146845147928,5.162766253439268,4.049834605991282,6.615760348718583,10.758339258663863,12.675054873713172,8.532475963767892,5.008192413515936
