Altersgruppen,Fälle pro 1000 Personen,woche1,woche2,woche3,woche4,woche5,woche6,woche7,woche8
0 - 9,3.975766755017039,34.141108166098704,21.835163448188815,20.951659724851698,11.296226176953175,5.2379149312129245,2.966048214060331,5.1117001135933355,3.975766755017039
10 - 19,13.30885727397889,48.44948534714483,42.94237199239494,39.270963089228346,23.798596997312007,13.833344260145545,19.078214121812103,14.554513866124696,13.30885727397889
20 - 29,16.35425156207552,35.37082314588427,29.013854930725348,22.167889160554196,16.843249117087748,16.897582178755773,33.30616680249932,27.383863080684595,16.35425156207552
30 - 39,19.11818514452982,39.79143798024149,32.153311379436516,28.448591291620932,18.7980241492865,17.014270032930842,28.72301500182949,26.207464324917673,19.11818514452982
40 - 49,18.36108676599474,31.68273444347064,29.842243645924626,26.599474145486415,18.843120070113933,13.453111305872042,21.253286590709905,22.96231375985977,18.36108676599474
50 - 59,19.362944350011087,20.730175153351563,17.071908949818937,16.850195846574533,13.007168723671569,12.933264355923434,20.693222969477496,24.647106644002662,19.362944350011087
60 - 69,17.720233561817718,14.369129220614369,12.947448591012947,10.408733181010408,8.631632394008632,8.225437928408226,13.505965981213507,21.832952526021835,17.720233561817718
70 - 79,11.643429249480867,5.710471670127559,7.045387125482053,6.377929397804806,4.375556214773064,5.784633639869475,7.638682883417384,14.239098190447939,11.643429249480867
80+,11.25776397515528,5.434782608695652,6.728778467908903,6.858178053830228,4.787784679089027,5.822981366459627,8.152173913043478,13.58695652173913,11.25776397515528
