Altersgruppen,Fälle pro 1000 Personen,woche1,woche2,woche3,woche4,woche5,woche6,woche7,woche8
0 - 9,0.5092946269416857,25.46473134708429,11.204481792717086,4.838298955946015,5.856888209829386,10.949834479246244,6.875477463712758,6.620830150241915,0.5092946269416857
10 - 19,3.556910569105691,33.02845528455285,20.833333333333332,8.892276422764228,15.497967479674797,19.308943089430894,9.146341463414634,7.367886178861789,3.556910569105691
20 - 29,4.182350480970306,25.930572982015896,17.984107068172314,20.284399832705983,36.595566708490175,29.903805938937683,18.19322459222083,12.128816394813885,4.182350480970306
30 - 39,5.4387237128353885,31.18201595358956,22.661348803480784,18.85424220449601,37.88977519941987,35.35170413343002,22.480058013052936,14.684554024655547,5.4387237128353885
40 - 49,6.226650062266501,25.26240882405266,22.060131649172742,13.164917274506315,33.623910336239106,25.26240882405266,17.79042874933286,12.809108699519658,6.226650062266501
50 - 59,6.074830871185973,17.53417092365042,12.563854756316443,12.149661742371945,27.888996272262876,29.407703990059368,23.470937456854895,12.011597404390445,6.074830871185973
60 - 69,5.154639175257732,12.542955326460481,8.419243986254296,9.450171821305842,18.556701030927837,21.649484536082472,19.41580756013746,11.340206185567009,5.154639175257732
70 - 79,5.674080798910576,8.170676350431231,4.312301407172038,4.993191103041307,9.986382206082615,18.157058556513846,16.568315932818884,10.667271901951883,5.674080798910576
80+,6.610841780520053,4.407227853680035,7.051564565888056,2.2036139268400174,12.3402379903041,11.018069634200089,10.136624063464081,12.780960775672103,6.610841780520053
