Altersgruppen,Fälle pro 1000 Personen,woche1,woche2,woche3,woche4,woche5,woche6,woche7,woche8
0 - 9,10.873630407380217,4.972781294585348,4.917374260662392,6.773509897081435,12.425027357223,28.61773302120704,32.12222791683404,19.932680453783608,10.873630407380217
10 - 19,21.978021978021978,9.142857142857144,10.54945054945055,20.644688644688642,25.655677655677657,42.095238095238095,49.37728937728938,35.03296703296703,21.978021978021978
20 - 29,22.95725158614867,9.78383680361555,16.674737090425996,29.723991507431,25.626699445003165,29.624663215008507,30.20821693299065,29.314262301188215,22.95725158614867
30 - 39,23.968835467821208,8.568227920917982,11.737160273295185,18.630092746778086,20.92100881043931,32.103101315006,36.42253776983863,32.62789265998567,23.968835467821208
40 - 49,20.76269412700406,7.1790363765749925,10.402277198710705,14.734815186906108,16.51387667964335,27.816149692327013,32.0021767340617,27.962660638787728,20.76269412700406
50 - 59,13.127290996036693,5.796103678618611,8.047559682191169,11.545689671212994,12.159723126732784,15.51830005768193,16.569599761829448,16.085815827177495,13.127290996036693
60 - 69,8.683246008904632,3.886552037979977,5.177969645536614,5.866725702900156,7.318033109487615,9.273608343787666,9.74097852557007,9.999262047081396,8.683246008904632
70 - 79,4.833699787107808,2.0765713886853034,2.3906746239486263,3.24573343105434,2.7222280389488014,3.8390395421072836,4.659197989739294,4.833699787107808,4.833699787107808
80+,5.5337434692552625,1.7312270071413114,1.8239713110953102,2.565925742727301,2.875073422573964,4.049834605991282,4.791789037623273,4.637215197699941,5.5337434692552625
