Altersgruppen,Fälle pro 1000 Personen,woche1,woche2,woche3,woche4,woche5,woche6,woche7,woche8
0 - 9,22.737608003638016,5.911778080945885,5.002273760800364,4.168561467333636,8.337122934667272,21.752311656813703,34.03061997877823,38.80551765954222,22.737608003638016
10 - 19,44.545170365739295,10.31572366364489,9.690528290090652,12.660206314473273,29.931228508909033,42.74773366677086,59.70615817442951,51.81306658330728,44.545170365739295
20 - 29,28.386902973866025,8.185641333733853,11.114448783418444,21.553018924601982,41.3787924301592,29.888855512165815,33.41844397717032,31.616100931210575,28.386902973866025
30 - 39,32.02943245144186,7.0875940053021695,9.522263701780014,14.662121949899907,25.591083698533787,28.079857166044473,33.86896066655846,35.81669642374073,32.02943245144186
40 - 49,27.077017931459693,7.244515234033808,7.3472743153676205,8.94004007604172,17.00662796074603,23.531829625443148,30.87910394081077,32.57462878281868,27.077017931459693
50 - 59,17.74301249642278,6.248211389869312,5.294285986835829,7.106744252599446,12.973385481255367,15.024325097777353,17.790708766574454,17.59992368596776,17.74301249642278
60 - 69,11.386799746960005,4.779644338230126,3.30357770436494,4.849933225557039,7.3803331693259295,10.051310887748647,10.051310887748647,11.949110845575316,11.386799746960005
70 - 79,5.1466304136725585,1.553699747523791,2.3305496212856864,1.6508059817440282,2.0392309186249755,2.816080792386871,4.078461837249951,4.952417945232084,5.1466304136725585
80+,3.4705007436787305,1.9831432821021318,2.1484052222773093,1.6526194017517766,3.305238803503553,3.305238803503553,3.801024624029086,5.123120145430507,3.4705007436787305
