Altersgruppen,Fälle pro 1000 Personen,woche1,woche2,woche3,woche4,woche5,woche6,woche7,woche8
0 - 9,0.34506009702411117,0.23418832814423288,0.20137933531243213,0.23758236188545362,0.3020690029686482,0.4321736297154442,0.38691984649916733,0.38013177901672585,0.34506009702411117
10 - 19,0.9802163926639768,0.7287594558285623,0.6554178492515663,0.7415651331674028,0.9569333429569938,1.0372598644460846,1.1071090135670332,1.0163051197098,0.9802163926639768
20 - 29,1.9343564275511516,1.3164910696562917,1.4069815866393183,1.979115177886842,2.8412076300047096,3.001755321426208,2.4802185783842483,2.1153374615172047,1.9343564275511516
30 - 39,2.7339582153014006,1.7331271111281104,1.7936869550112076,2.784159138520284,4.01687069756175,4.079024221547033,3.3594776554097074,2.9036851461842916,2.7339582153014006
40 - 49,2.858472434321909,1.8473064745313093,1.9949582717771888,2.8767215328579168,4.154987934857354,4.348262478443252,3.8513892955765012,3.074143598838362,2.858472434321909
50 - 59,3.129201884290299,2.03998116940459,2.3038248877702667,3.6207358085925363,5.324566234773218,5.538410414673095,4.625341919920739,3.6307357162856957,3.129201884290299
60 - 69,3.047768551185058,2.0540406389317374,2.455567247131557,3.8003787263535633,5.585053525111051,6.321521927085592,5.111897798363022,3.760024293368657,3.047768551185058
70 - 79,3.198338637032221,2.164016608256576,2.7671472458153614,4.338779419409523,6.4987662015799605,7.353089331841402,6.164290636430434,4.275645477393347,3.198338637032221
80+,3.3030570757245434,1.9682745499346381,2.6356658128295907,4.02977200643238,6.267121763946888,7.133671054499382,6.099744272617678,4.3941888229972434,3.3030570757245434
