Altersgruppen,Fälle pro 1000 Personen,woche1,woche2,woche3,woche4,woche5,woche6,woche7,woche8
0 - 9,10.89264285054925,35.60878796270654,27.46238345795255,28.039324286901135,18.4851841595126,6.66943598264562,9.923382257915629,13.246561432659465,10.89264285054925
10 - 19,17.124709905948453,59.069256137779405,48.931232441675824,41.01624526688653,25.406131672163184,12.727494808843288,25.039697080737756,26.310003664345913,17.124709905948453
20 - 29,20.722855316108166,33.60412200534056,31.479183120839444,28.056715182970404,19.914250253864378,18.127797209372297,50.622437850238825,38.399338072135095,20.722855316108166
30 - 39,27.926440920989016,37.9466146484603,33.611764117441105,30.79411127227863,22.99138031644409,19.073342336484437,47.1331632738125,40.44748995481752,27.926440920989016
40 - 49,23.78810235001979,35.55619534314607,30.841760535502214,27.96271637816245,20.09932702342822,15.90671896930219,34.890416381761256,33.97272105660921,23.78810235001979
50 - 59,23.58262773252632,20.07340394707189,19.397314960883424,17.739287209040274,13.553974437397379,13.393000869257268,34.85077750233412,35.04394578410225,23.58262773252632
60 - 69,20.232144006522347,12.100667253105623,10.963547812654209,10.191164796498532,9.740608037074384,10.126799545152224,23.428951490055567,28.6854470166706,20.232144006522347
70 - 79,14.923569572835477,5.286689626004471,5.196060660987252,5.951302036130747,4.984593075947072,5.437737901033171,11.811975107244274,20.754032988943266,14.923569572835477
80+,15.66276259527793,6.739170849600297,6.599739728574084,5.670198921732664,5.716675962074735,4.880089235917456,8.22643614054657,18.451385015802195,15.66276259527793
