Altersgruppen,Fälle pro 1000 Personen,woche1,woche2,woche3,woche4,woche5,woche6,woche7,woche8
0 - 9,11.10690395052379,3.9126593462072448,5.490344566452102,13.883629938154739,22.971096806765114,34.078000757288905,21.772056039379024,21.014767133661493,11.10690395052379
10 - 19,23.73303612404117,11.079787582770603,23.142988264603687,29.240149478791057,35.92735855241592,48.44948534714483,42.94237199239494,39.20540221595751,23.73303612404117
20 - 29,16.788916055419723,17.006248302091823,34.5558272208639,27.65552838902472,30.209182287421896,35.31649008421624,29.068187992393373,22.167889160554196,16.788916055419723
30 - 39,18.7980241492865,15.504939626783754,21.084888401024514,22.594218807171607,30.826930113428467,39.83717526527626,32.19904866447128,28.49432857665569,18.7980241492865
40 - 49,18.930762489044696,11.174408413672216,15.205959684487292,20.508326029798422,25.85451358457493,31.595092024539877,29.842243645924626,26.599474145486415,18.930762489044696
50 - 59,13.044120907545635,9.274998152390806,13.376690562412238,14.152686423767646,16.222008720715394,20.730175153351563,17.071908949818937,16.813243662700465,13.044120907545635
60 - 69,8.53008377760853,7.057628839807058,7.971566387407972,8.834729626808835,12.592028433612592,14.369129220614369,12.947448591012947,10.408733181010408,8.53008377760853
70 - 79,4.375556214773064,3.485612577870068,4.375556214773064,4.894690002966478,4.820528033224562,5.710471670127559,7.045387125482053,6.377929397804806,4.375556214773064
80+,4.399585921325052,4.140786749482402,2.846790890269151,3.4937888198757765,3.3643892339544514,5.564182194616977,6.728778467908903,6.858178053830228,4.399585921325052
