Altersgruppen,Fälle pro 1000 Personen,woche1,woche2,woche3,woche4,woche5,woche6,woche7,woche8
0 - 9,0.22476961114857272,0.31842361579381134,0.1311156065033341,0.18730800929047725,0.18730800929047725,0.05619240278714318,0.2622312130066682,0.2996928148647636,0.22476961114857272
10 - 19,0.6371271358239212,1.023264793899025,0.926730379380249,0.8108890819577179,0.7915821990539628,0.7336615503426971,0.6950477845351868,0.7722753161502076,0.6371271358239212
20 - 29,0.7752998586217904,3.4660464267797693,1.7330232133898846,2.1890819537556436,2.128274121706876,1.4441860111582372,1.1705507669387818,1.048935102841246,0.7752998586217904
30 - 39,1.483062593557687,3.4512391195875143,2.5087320507844986,2.162222099018684,2.3839884681488055,1.9265953318179299,2.092920108665521,1.3999002051338914,1.483062593557687
40 - 49,1.6699514059185485,3.339902811837097,2.5274940197686138,1.8956205148264604,2.3319141253817572,1.880575907565933,1.6097729768764386,1.8504866930448782,1.6699514059185485
50 - 59,1.5658232968409516,4.058092044312799,2.4922687474718477,2.153007033156308,1.9833761759985384,2.035570285893237,1.8267938463144433,1.6049688792619754,1.5658232968409516
60 - 69,1.3111739263699214,3.8143241494397713,2.7756019480298333,2.0433879371998773,2.0093314715798796,1.7028232809998978,1.6687668153798998,1.9071620747198856,1.3111739263699214
70 - 79,1.56343403687865,3.402768197912356,2.8049845955764017,1.90830919207247,1.632409067917414,1.5404423598657284,1.494459005839886,2.0232675771370765,1.56343403687865
80+,1.9565717793293946,3.7980511010511777,3.030768050333768,1.6496585590424306,1.6112944065065602,1.7263868641141717,1.4578377963630784,1.9565717793293946,1.9565717793293946
