Altersgruppen,Fälle pro 1000 Personen,woche1,woche2,woche3,woche4,woche5,woche6,woche7,woche8
0 - 9,0.23266343751104865,0.5280547625863506,0.5166496921201228,0.541740847145824,0.5063851287005178,0.5360383119127101,0.4744509313950796,0.3877723958517477,0.23266343751104865
10 - 19,0.7263113038523927,1.2795792338534053,1.2160122801937143,1.2054177879170993,0.9923507765762839,0.924075159682542,0.9099491699803884,0.849913713746236,0.7263113038523927
20 - 29,1.2965570918590472,3.358911277349552,2.4900446377827907,2.2704198109299956,1.8523620264821306,1.5373737879695686,1.4381573091720337,1.2474304858525007,1.2965570918590472
30 - 39,1.7422359499046838,3.9405419753384328,2.98496657899182,2.6905721387032164,2.4621349227415683,2.1725666208183525,2.0567393000490655,1.8966723775970658,1.7422359499046838
40 - 49,1.8385703596489986,3.326738672483951,2.6359222856534084,2.5909776050644333,2.341284935125683,2.019181390904695,2.0807722494895864,1.8610426999434861,1.8385703596489986
50 - 59,2.029852768320441,3.714084037598077,2.732642141652471,2.5625255463552326,2.263859306647864,2.144546762434869,2.0583338272616074,1.9182378076050586,2.029852768320441
60 - 69,2.091403535433421,3.750673270663594,2.516300645202643,2.5535179102919177,2.197886266105513,2.180311446480022,2.0086985019016987,2.0304085732037755,2.091403535433421
70 - 79,2.1684610444188266,3.584682002044898,2.4101555127385206,2.3436216422460205,2.050329478442347,2.0055209534167857,2.029961967067092,1.9824377738581633,2.1684610444188266
80+,2.01183096255856,3.6876294216095085,2.4918773961408633,2.280220559515939,2.1231144539799125,1.8045381844207475,1.907093558867876,1.8547248570225336,2.01183096255856
