Altersgruppen,Fälle pro 1000 Personen,woche1,woche2,woche3,woche4,woche5,woche6,woche7,woche8
0 - 9,0.4381087183634954,0.6066120715802245,0.3033060357901122,0.4381087183634954,0.505510059650187,0.168503353216729,0.2696053651467664,0.20220402386007483,0.4381087183634954
10 - 19,0.5091834879068922,1.3820694671758502,1.2729587197672305,0.9092562284051646,0.5091834879068922,0.5819239861793053,0.6546644844517185,0.6546644844517185,0.5091834879068922
20 - 29,1.790296592468819,1.6112669332219371,1.5515903801396431,1.1338545085635854,1.2233693381870263,1.2233693381870263,1.3725607208927613,1.4023989974339082,1.790296592468819
30 - 39,2.800630141781901,3.200720162036458,1.9504388487409667,1.7253882123477782,2.075466980070516,1.900427596209147,1.5503488284864095,1.8254107174114176,2.800630141781901
40 - 49,2.7983047163660073,2.6896326885459683,2.010432514670724,2.173440556400782,1.6300804173005867,2.091936535535753,1.7930884590306455,1.738752445120626,2.7983047163660073
50 - 59,3.4565808839926855,2.653762098033094,2.252352705053298,2.118549574060033,1.8732438339057136,1.5833370500869721,2.0293474867311896,2.2300521832210873,3.4565808839926855
60 - 69,3.6100023479690067,1.9957736557877437,1.9664240432026299,2.2599201690537685,2.083822493543085,2.171871331298427,2.2012209438835404,2.0251232683728575,3.6100023479690067
70 - 79,4.200043299415459,2.2082701883524574,2.3814678501840225,1.1690842173630656,1.5154795410261963,1.212383632820957,2.5113660965576963,2.6845637583892614,4.200043299415459
80+,3.35345405767941,2.1611148371711755,2.012072434607646,1.1923392205082346,1.9375512333258813,1.2668604217899992,1.8630300320441167,2.384678441016469,3.35345405767941
