Altersgruppen,Fälle pro 1000 Personen,woche1,woche2,woche3,woche4,woche5,woche6,woche7,woche8
0 - 9,0.24940765681506424,0.12470382840753212,0.43646339942636236,0.18705574261129815,0.3117595710188303,0.18705574261129815,0.12470382840753212,0.06235191420376606,0.24940765681506424
10 - 19,0.4556698346569457,0.5207655253222236,0.9113396693138914,0.8462439786486134,1.4972008853013932,0.8462439786486134,0.6509569066527796,0.4556698346569457,0.4556698346569457
20 - 29,0.995575221238938,1.991150442477876,2.3783185840707963,2.101769911504425,1.1061946902654867,1.0508849557522124,1.6592920353982301,1.0508849557522124,0.995575221238938
30 - 39,1.5289832261546072,3.7325178756127175,2.968026262535414,2.968026262535414,1.888743985249809,2.0686243647974094,1.3491028466070063,2.0236542699105096,1.5289832261546072
40 - 49,1.6717258369627381,2.683559896177027,4.179314592406845,3.2114733183757864,2.2876248295279575,2.463595970260877,2.0676609036118077,2.463595970260877,1.6717258369627381
50 - 59,1.9528371407516583,4.053058216654384,5.047899778924097,4.495210022107591,2.800294767870302,1.694915254237288,1.7686072218128224,2.394988946204864,1.9528371407516583
60 - 69,1.5163373116806886,5.087067110154568,4.597926041870475,3.913128546272745,3.3750733711602425,2.2500489141068285,2.3478771277636468,1.858736059479554,1.5163373116806886
70 - 79,1.4585764294049008,6.053092182030338,3.865227537922987,3.5735122520420073,2.4795799299883314,1.9690781796966161,1.3856476079346558,1.9690781796966161,1.4585764294049008
80+,2.5173064820641913,4.153555695405916,3.524229074889868,4.405286343612335,3.3983637507866584,2.1397105097545626,2.013845185651353,1.132787916928886,2.5173064820641913
