Altersgruppen,Fälle pro 1000 Personen,woche1,woche2,woche3,woche4,woche5,woche6,woche7,woche8
0 - 9,6.048108868240643,25.618069281241056,16.593237021314938,10.591888941985829,8.232179862523282,8.493355976199899,9.597366797330757,9.187924767593177,6.048108868240643
10 - 19,12.93352073813005,38.81586536990081,27.442089328050216,18.220172384160996,16.3708448989874,21.178390060953646,24.24961565536352,21.749315478082348,12.93352073813005
20 - 29,15.42671755284,28.612876565067708,22.05110322944822,16.45837627897747,17.304124515717625,27.795063065076377,30.441156921938788,25.10369566934519,15.42671755284
30 - 39,18.04251827899906,32.59815158900606,24.11299598626159,17.34674999798911,16.58985063101759,24.303628451694376,29.19813711059096,27.138180384964972,18.04251827899906
40 - 49,17.08813402170828,29.288117874915624,21.665000661685575,15.54753024818619,14.62449967831261,20.444003505685085,25.696704972296597,25.26640127110215,17.08813402170828
50 - 59,16.322725806687508,17.471975022881065,14.120447168020544,10.969826242447708,11.130705737547812,17.2348894511546,23.82402092511098,24.181188799400203,16.322725806687508
60 - 69,13.35066003785823,11.307845709624694,9.566904753781946,7.722582506024545,7.734988261054303,11.772027710321485,17.740229692554376,19.004582892670577,13.35066003785823
70 - 79,10.749972503859643,6.0111315238836225,5.617359637295357,4.924864250536683,4.919432914169949,7.310578749624899,12.373942077513318,14.458217408247755,10.749972503859643
80+,10.840321281985823,5.9765780980996706,5.978760127343227,5.0994023421901895,5.001211026230173,6.727196157882908,11.416377002284584,13.755512351376533,10.840321281985823
