Altersgruppen,Fälle pro 1000 Personen,woche1,woche2,woche3,woche4,woche5,woche6,woche7,woche8
0 - 9,0.225377507324769,0.375629178874615,0.375629178874615,0.525880850424461,0.07512583577492299,0.30050334309969196,0.375629178874615,0.30050334309969196,0.225377507324769
10 - 19,0.5431409062693978,0.6207324643078833,1.3966480446927374,0.5431409062693978,0.5431409062693978,0.7759155803848542,0.6983240223463687,1.0862818125387956,0.5431409062693978
20 - 29,2.426448286320898,0.6824385805277525,1.4407036700030331,1.213224143160449,1.6681831968456173,1.213224143160449,2.653927813163482,2.1231422505307855,2.426448286320898
30 - 39,3.117609116319071,1.5050526768436896,1.9888196086863041,2.526338421844765,2.2575790152655344,1.6125564394753817,3.5476241668458397,3.1713609976349173,3.117609116319071
40 - 49,3.28964276535595,2.2102287329735284,2.158828064764842,2.1074273965561554,2.2102287329735284,2.4158314058082757,2.6214340786430226,3.238242097147263,3.28964276535595
50 - 59,4.508566275924256,2.3254710265293532,2.3254710265293532,1.8034265103697023,2.5627639884201034,1.8034265103697023,3.7966873902520053,5.267903753974657,4.508566275924256
60 - 69,5.8707078981500445,2.4575056317837394,1.8431292238378045,1.365280906546522,1.7066011331831525,1.979657314492457,3.686258447675609,5.529387671513414,5.8707078981500445
70 - 79,5.915438324282389,1.26066718386346,1.1636927851047323,1.4546159813809154,2.52133436772692,1.939487975174554,4.072924747866563,4.751745539177658,5.915438324282389
80+,5.864637818988746,1.4265335235378032,1.5850372483753368,2.8530670470756063,1.4265335235378032,1.9020446980504042,3.962593120938342,5.072119194801078,5.864637818988746
