Altersgruppen,Fälle pro 1000 Personen,woche1,woche2,woche3,woche4,woche5,woche6,woche7,woche8
0 - 9,0.0,0.0,0.16914749661705009,0.0,0.0,0.5074424898511501,0.8457374830852503,0.8457374830852503,0.0
10 - 19,2.2852789944772423,0.9521995810321843,0.19043991620643688,0.0,1.333079413445058,0.5713197486193106,1.333079413445058,2.0948390782708053,2.2852789944772423
20 - 29,5.141814562945762,0.0,0.3317299718029524,0.829324929507381,2.1562448167191905,0.9951899154088573,2.653839774423619,6.137004478354619,5.141814562945762
30 - 39,5.016722408026756,0.4180602006688963,1.254180602006689,1.6722408026755853,1.3935340022296545,3.205128205128205,2.508361204013378,5.156075808249721,5.016722408026756
40 - 49,4.414696667616064,0.4272287097692965,0.5696382796923953,0.5696382796923953,1.851324409000285,2.848191398461976,3.70264881800057,3.8450583879236686,4.414696667616064
50 - 59,5.473204104903079,0.5701254275940707,0.9122006841505131,0.9122006841505131,1.596351197263398,2.394526795895097,2.1664766248574687,4.789053591790194,5.473204104903079
60 - 69,3.351019268360793,0.6981290142418319,1.5358838313320302,0.9773806199385646,2.3736386484222285,2.652890254118961,4.607651493996091,4.188774085450991,3.351019268360793
70 - 79,4.2185616713539575,1.004419445560466,0.2008838891120932,0.6026516673362796,0.8035355564483728,1.6070711128967456,3.2141422257934913,2.008838891120932,4.2185616713539575
80+,0.6646726487205051,0.33233632436025257,8.308408109006313,0.9970089730807576,2.6586905948820205,1.6616816218012629,3.6556995679627784,4.320372216683284,0.6646726487205051
