Altersgruppen,Fälle pro 1000 Personen,woche1,woche2,woche3,woche4,woche5,woche6,woche7,woche8
0 - 9,0.32308686421120647,0.2307763315794332,0.18462106526354657,0.18462106526354657,0.06923289947382996,0.06923289947382996,0.2307763315794332,0.36924213052709315,0.32308686421120647
10 - 19,1.0748748015145964,0.2687187003786491,0.21986075485525833,0.43972150971051666,0.09771589104678148,0.19543178209356296,0.7084402100891658,0.6107243190423843,1.0748748015145964
20 - 29,2.8771296400767232,1.0530670578058594,0.6581669111286623,0.6205573733498815,0.5453382977923201,1.0530670578058594,1.2599195155891534,2.3317913422844034,2.8771296400767232
30 - 39,3.4845529268577335,1.1837476450090865,0.8169526000766936,0.8669701062038381,0.6835725837376415,0.8169526000766936,1.8506477267043466,2.66760032678104,3.4845529268577335
40 - 49,2.86105013135639,1.0976355849857846,1.007665455068917,0.6657789613848203,0.4318566236009645,0.8817072731853025,1.457516104653255,2.483175585705546,2.86105013135639
50 - 59,3.138984578732172,1.2394964746788577,0.9497440520266572,0.917549338398635,0.5956022021184122,0.9980361224686907,1.5775409677730916,2.3341167380316152,3.138984578732172
60 - 69,3.1538973159690187,1.3945804458366409,0.879658435066189,1.1585745242335173,0.6865626810272695,1.5018558647471518,1.630586367439765,1.9524126241712976,3.1538973159690187
70 - 79,2.628239985499366,1.2083862002295933,0.9364993051779348,1.299015165246813,1.9032082653616096,1.7521599903329104,2.205304815419008,2.205304815419008,2.628239985499366
80+,2.2773749767614797,1.2084030488938464,0.7901096858152072,0.8830637664993494,0.7436326454731362,1.2084030488938464,1.3478341699200596,3.299869864287042,2.2773749767614797
