Altersgruppen,Fälle pro 1000 Personen,woche1,woche2,woche3,woche4,woche5,woche6,woche7,woche8
0 - 9,2.603581329137634,12.11882820109388,8.185360005993855,6.256087510301941,5.750355885217652,5.675432681501461,5.338278264778602,4.308084213680977,2.603581329137634
10 - 19,9.26730379380249,33.43952118930399,25.504392315860606,19.248962255043924,17.70441162274351,23.573704025485085,22.415291051259775,15.986099044309295,9.26730379380249
20 - 29,13.72736808500935,30.4799258144449,24.216719113421806,18.652802480959547,19.91456499597148,34.56925251972454,31.878505951566563,23.69985254100728,13.72736808500935
30 - 39,17.28391639407884,31.851194766313686,26.792149470532795,18.559073016577038,19.00260575483728,30.492875755391697,31.754171979819258,27.443588179852526,17.28391639407884
40 - 49,16.50393416479863,27.47145285772315,22.852758428741218,16.74464788096707,17.030495418917088,25.425386270291416,27.426319035941567,24.838646587130842,16.50393416479863
50 - 59,16.66296958388246,18.815976617038764,16.897843078408602,12.252567297780445,13.335595078095437,22.052011430510067,26.80167543092762,24.270261101034748,16.66296958388246
60 - 69,13.486360385519191,11.255661887409325,11.255661887409325,8.633314034669482,8.939822225249463,15.836256513299048,19.548411265878826,18.81619725504887,13.486360385519191
70 - 79,10.80608819607302,5.678944222191566,6.230744470501678,5.173127327907297,6.368694532579207,9.058720743091001,13.749022853726952,15.634340368786498,10.80608819607302
80+,10.550141947364382,5.064068134734904,4.335149236553365,3.7980511010511777,3.9131435586587893,7.059004066600169,14.808562878846006,13.964551523056855,10.550141947364382
