Altersgruppen,Fälle pro 1000 Personen,woche1,woche2,woche3,woche4,woche5,woche6,woche7,woche8
0 - 9,0.07377623667416724,1.4017484968091778,0.885314840090007,0.47954553838208713,0.36888118337083625,0.33199306503375264,0.47954553838208713,0.07377623667416724,0.07377623667416724
10 - 19,0.23308212260119648,2.5639033486131617,1.398492735607179,0.8934814699712532,0.8934814699712532,0.7380933882371222,0.5050112656359257,0.19423510216766374,0.23308212260119648
20 - 29,0.6862133499688085,5.552089831565814,3.1815346225826575,2.682470368059888,2.214597629444791,1.372426699937617,0.9981285090455397,0.810979413599501,0.6862133499688085
30 - 39,0.7644856856645753,6.089523909948859,3.427004797806717,2.5570728106711655,1.9507565772130542,1.5289713713291506,1.7398639742711026,0.8962935625032952,0.7644856856645753
40 - 49,0.6159186987317674,5.543268288585907,4.003471541756489,2.631652621853915,1.8757524006831099,1.1758447884879195,0.8958817436098435,0.7559002211708054,0.6159186987317674
50 - 59,0.8671245692900988,5.65912876799854,3.4228601419346005,2.761107181160578,2.464459302192912,1.6657919357415056,1.3919631243867376,1.004038974967483,0.8671245692900988
60 - 69,0.5982735534600154,4.130936440557249,3.6751089712543803,2.5355402979972084,2.05122361186291,1.880288310874334,1.5953961425600411,0.940144155437167,0.5982735534600154
70 - 79,0.8070699326096606,3.954642669787337,3.2282797304386426,2.3001493079375326,1.6948468584802874,1.6141398652193213,1.372018885436423,0.6860094427182115,0.8070699326096606
80+,0.526558283419996,3.6859079839399724,2.5011518462449813,2.369512275389982,1.5138550648324887,1.5796748502599882,2.106233133679984,1.5138550648324887,0.526558283419996
