Altersgruppen,Fälle pro 1000 Personen,woche1,woche2,woche3,woche4,woche5,woche6,woche7,woche8
0 - 9,0.526366822268087,0.24933165265330431,0.16622110176886956,0.06925879240369565,0.1385175848073913,0.22162813569182607,0.24933165265330431,0.42940451290291304,0.526366822268087
10 - 19,1.8754578754578755,0.46886446886446886,0.3663003663003663,0.29304029304029305,0.380952380952381,0.6153846153846154,1.1868131868131868,1.421245421245421,1.8754578754578755
20 - 29,5.102991023205572,0.9684508511193057,0.670465973851827,0.6580499372990154,1.3160998745980308,1.5768366422070748,2.979848772674787,3.128841211308526,5.102991023205572
30 - 39,5.520401263536085,1.170688384954636,0.9688455599624572,0.9082927124648036,1.3220705036987699,2.0789810974194394,2.977181668634634,3.5019730136142986,5.520401263536085
40 - 49,4.719745489555863,1.4965046674201516,0.8267403407426012,0.6488341914688769,1.1197622336640294,2.103478588471681,2.689522374314538,3.380216836200762,4.719745489555863
50 - 59,5.861228439052527,1.2745845970638037,1.0699067785572074,0.8187112740263849,1.3676199691122564,2.1677241687289506,3.163202649647396,4.558733230374188,5.861228439052527
60 - 69,5.00578063119573,1.4390081912773967,0.8240474257742356,0.7994489951541092,1.3652128994170172,1.857181511819546,2.8411187366246033,3.6405677317787126,5.00578063119573
70 - 79,3.8913900813178377,1.4658150978955085,1.1866122221058877,0.8027082678951594,1.0470107842110772,1.3960143789481032,2.3732244442117754,3.1759327121069347,3.8913900813178377
80+,4.049834605991282,1.452994095279315,0.9583578075246545,0.5873805917086593,0.8346987355859894,1.3293350233406498,2.565925742727301,3.029647262497295,4.049834605991282
