Altersgruppen,Fälle pro 1000 Personen,woche1,woche2,woche3,woche4,woche5,woche6,woche7,woche8
0 - 9,1.2967565120101094,10.59302944903245,8.229898848430036,8.488793948013408,9.592804769144266,9.170817161893835,6.026439234354809,2.571843390134386,1.2967565120101094
10 - 19,2.6262569187920395,18.220172384160996,16.37437639641294,21.180744392570674,24.221363675959214,21.675154032146043,12.900560095491691,6.246041779968876,2.6262569187920395
20 - 29,5.051371017614296,16.459339545761914,17.304124515717625,27.794099798291935,30.398773183423337,25.00158939019433,15.354472544006843,8.289873946908587,5.051371017614296
30 - 39,6.2739798750030165,17.349163067171805,16.59467676938298,24.303628451694376,29.16194107285056,27.058549101936087,17.968517490729795,9.803495732889328,6.2739798750030165
40 - 49,5.621414309221067,15.549194865985783,14.626996605011998,20.445668123484676,25.676729558701496,25.18317038112257,17.036530869920938,9.23946109663356,5.621414309221067
50 - 59,5.7547134228151755,10.972905275846752,11.132245254247334,17.2348894511546,23.801697932967905,24.111910547921692,16.278849580751114,9.095464660779042,5.7547134228151755
60 - 69,5.094630065554077,7.7287853835394245,7.736022073973449,11.774095336159776,17.716451995414005,18.930148362492027,13.314476585688102,7.564409129395127,5.094630065554077
70 - 79,4.279893056986939,4.928937752811735,4.920790748261632,7.311936583716582,12.363079404779848,14.417482385497246,10.7119531492925,6.316644194512449,4.279893056986939
80+,4.824466657502144,5.0994023421901895,5.001211026230173,6.7315602163700206,11.40328482682325,13.70314364953119,10.820683018793819,7.028316193493626,4.824466657502144
