Altersgruppen,Fälle pro 1000 Personen,woche1,woche2,woche3,woche4,woche5,woche6,woche7,woche8
0 - 9,0.0685949468389162,0.2972447696353035,0.16005487595747114,0.3201097519149423,0.16005487595747114,0.18291985823710985,0.22864982279638732,0.09145992911855493,0.0685949468389162
10 - 19,0.048217170134284816,0.7955833072156995,0.6991489669471299,0.6268232117457027,0.5544974565442754,0.36162877600713617,0.33752019093999375,0.38573736107427853,0.048217170134284816
20 - 29,0.22934464766928503,1.509852263822793,1.6245245876574355,1.37606788601571,0.9938268065669018,1.1467232383464252,0.7262580509527359,0.7835942128700571,0.22934464766928503
30 - 39,0.3433953625273899,2.3383588972103215,2.0440200150439876,1.766033292998005,1.8314419334794125,1.2264120090263924,0.981129607221114,0.8339601661379469,0.3433953625273899
40 - 49,0.4303466083307931,1.9544908461690187,2.2234574763757644,2.1338019329735154,1.3986264770750776,1.308970933672829,0.932417651383385,0.7172443472179886,0.4303466083307931
50 - 59,0.5312469815512412,2.028397565922921,2.1732831063459863,1.9801023857818991,1.5454457645127018,1.2717730770469107,0.9981003895811198,0.9337068160597572,0.5312469815512412
60 - 69,0.5820237798287188,2.4943876278373662,2.4943876278373662,2.2033757379230066,1.746071339486156,1.2679803774839944,1.0601147418308805,0.873035669743078,0.5820237798287188
70 - 79,0.6550543397350007,2.08426380824773,2.2033645972904568,2.0247134137263663,1.6971862438588656,1.3994342712520471,1.2803334822093195,1.3994342712520471,0.6550543397350007
80+,1.3148945817274993,2.0403536613012925,2.856495125821809,3.037859895715257,1.99501246882793,1.858988891407844,1.904330083881206,1.8136476989344819,1.3148945817274993
