Altersgruppen,Fälle pro 1000 Personen,woche1,woche2,woche3,woche4,woche5,woche6,woche7,woche8
0 - 9,11.08752064166077,9.975398510430358,6.200923398375627,5.358406632291982,6.4705287635223945,15.064199777575574,29.2858827890675,28.038957975263706,11.08752064166077
10 - 19,26.113838879796326,15.602836879432624,9.674486270230952,11.27477723222404,22.22222222222222,32.95144571740317,50.845608292416806,52.55501000181851,26.113838879796326
20 - 29,27.033478546279166,10.413558512860298,10.47323506594259,16.500566927254283,30.25601241272304,26.436713015456228,28.077818225219314,30.94229277316942,27.033478546279166
30 - 39,30.106774024155435,13.077942537070841,9.852216748768473,12.802880648145832,16.12862894151184,20.82968667950289,32.38228601435323,33.48253357005326,30.106774024155435
40 - 49,25.619430558574223,11.655074983699196,9.563138448163443,9.86198652466855,12.850467289719626,15.974788089545749,26.787654857639644,32.791784394696805,25.619430558574223
50 - 59,14.740644931091387,7.782882119441595,6.088042460193568,8.384996208911287,10.592747870300165,12.666696400695777,17.57281120378217,18.08572320592302,14.740644931091387
60 - 69,9.949518666353603,4.84268607654379,4.373092275181968,5.752524066682319,5.429678328246067,6.046020192533459,8.599436487438366,10.477811692885654,9.949518666353603
70 - 79,4.373240961247023,3.3340549902576315,2.987659666594501,3.377354405715523,1.9484736956051094,2.94436025113661,3.5072526520891967,5.109331024031175,4.373240961247023
80+,4.694835680751174,2.1611148371711755,3.6515388628064684,2.7572844474252927,3.502496460242939,4.247708473060586,2.7572844474252927,3.7260600640882333,4.694835680751174
