Altersgruppen,Fälle pro 1000 Personen,woche1,woche2,woche3,woche4,woche5,woche6,woche7,woche8
0 - 9,0.0,0.0,0.0,0.5711022272986864,0.0,1.1422044545973729,0.0,0.0,0.0
10 - 19,0.0,0.0,0.0,0.0,0.6002400960384153,0.6002400960384153,0.0,0.6002400960384153,0.0
20 - 29,0.0,0.0,1.492537313432836,1.492537313432836,0.49751243781094523,2.487562189054726,2.985074626865672,0.49751243781094523,0.0
30 - 39,1.4395393474088292,0.4798464491362764,1.9193857965451055,1.9193857965451055,0.4798464491362764,0.0,1.4395393474088292,1.4395393474088292,1.4395393474088292
40 - 49,1.0362694300518134,1.5544041450777202,2.5906735751295336,4.66321243523316,1.5544041450777202,1.5544041450777202,2.5906735751295336,3.1088082901554404,1.0362694300518134
50 - 59,0.8051529790660226,1.6103059581320451,2.012882447665056,2.818035426731079,4.428341384863124,1.6103059581320451,3.2206119162640903,2.4154589371980677,0.8051529790660226
60 - 69,0.4938271604938272,0.4938271604938272,1.4814814814814814,1.9753086419753088,4.444444444444445,1.4814814814814814,5.432098765432099,1.4814814814814814,0.4938271604938272
70 - 79,1.3956734124214933,2.7913468248429867,4.1870202372644805,3.4891835310537336,7.676203768318214,4.1870202372644805,1.3956734124214933,2.7913468248429867,1.3956734124214933
80+,4.094165813715455,3.0706243602865912,0.0,6.1412487205731825,6.1412487205731825,4.094165813715455,1.0235414534288638,2.0470829068577276,4.094165813715455
