Altersgruppen,Fälle pro 1000 Personen,woche1,woche2,woche3,woche4,woche5,woche6,woche7,woche8
0 - 9,0.28989708653428037,0.2536599507174953,0.4348456298014205,0.3986084939846355,0.4348456298014205,0.2536599507174953,0.47108276561820556,0.2536599507174953,0.28989708653428037
10 - 19,0.8837316529624222,1.4985014985014986,0.9221547683086144,1.0758472296933834,0.999000999000999,1.0758472296933834,1.4985014985014986,0.6916160762314608,0.8837316529624222
20 - 29,1.6803525569893156,2.853428870359215,1.965695444025237,2.5363812180970804,2.346152626739799,1.8705811483465966,2.0608097397038776,1.9022859135728099,1.6803525569893156
30 - 39,2.101058310852874,2.7235941066611327,3.5017638514214564,3.190495953517327,3.112678979041295,2.4901431832330356,2.593899149201079,2.204814276820917,2.101058310852874
40 - 49,1.6679639719782053,2.863338151895919,3.19693094629156,2.9745357500277994,3.558323140220171,2.6965417546980985,2.752140553764039,2.6131435560991885,1.6679639719782053
50 - 59,1.951286701407222,3.7418792038750257,4.017354973485457,3.443447120130392,3.902573402814444,3.1679713505199607,2.9154518950437316,2.5251945547622876,1.951286701407222
60 - 69,1.7449106771915248,3.932973272399945,3.5729123390112174,3.766791303143609,2.8527904722337625,3.3513363800027696,2.3819415593408113,2.132668605456308,1.7449106771915248
70 - 79,1.9798059790140567,4.513957632152049,4.355573153830925,2.8113244901999606,2.9301128489408037,2.8905167293605225,1.8610176202732132,1.6234409027915264,1.9798059790140567
80+,3.261495171708128,4.924218200422076,3.964954914625568,2.4940845430709215,3.5812496003069643,3.773102257466266,4.988169086141843,3.964954914625568,3.261495171708128
