Altersgruppen,Fälle pro 1000 Personen,woche1,woche2,woche3,woche4,woche5,woche6,woche7,woche8
0 - 9,0.06925879240369565,0.9142160597287826,0.3601457204992174,0.1800728602496087,0.2631834111340435,0.3324422035377391,0.24933165265330431,0.16622110176886956,0.06925879240369565
10 - 19,0.29304029304029305,2.3150183150183152,1.1282051282051282,0.9523809523809523,0.967032967032967,0.761904761904762,0.46886446886446886,0.3663003663003663,0.29304029304029305
20 - 29,0.6580499372990154,5.040910840441514,3.550986454104121,2.781192187829801,1.8748215194745532,1.1546913994114798,0.9684508511193057,0.670465973851827,0.6580499372990154
30 - 39,0.8982005712151948,5.338742721043124,3.7643686861041306,2.8459838323897184,2.3817453349077073,1.6551111649358643,1.170688384954636,0.9688455599624572,0.8982005712151948
40 - 49,0.6488341914688769,5.211603666959689,3.5790531206831595,2.49068608983214,1.9988279124283141,1.6534806814852023,1.4965046674201516,0.8267403407426012,0.6488341914688769
50 - 59,0.8094077368215395,5.321623281171501,4.2703235770239845,2.9585248311407994,2.400312598850083,1.9258322014029734,1.2745845970638037,1.0699067785572074,0.8094077368215395
60 - 69,0.7994489951541092,4.353922219762379,3.2838904877868793,3.013307750965488,1.9432760189899885,1.6972917127887241,1.4390081912773967,0.8240474257742356,0.7994489951541092
70 - 79,0.7852580881583081,3.9611908002652427,2.896729836317314,2.181272467106411,1.3960143789481032,1.6054165357903187,1.4658150978955085,1.1866122221058877,0.7852580881583081
80+,0.5873805917086593,3.3078801743592914,2.504096206757968,1.8858008470646428,1.6693974711719788,1.360249791325316,1.452994095279315,0.9583578075246545,0.5873805917086593
