Altersgruppen,Fälle pro 1000 Personen,woche1,woche2,woche3,woche4,woche5,woche6,woche7,woche8
0 - 9,10.148849797023004,14.039242219215154,3.3829499323410013,2.875507442489851,5.412719891745603,13.024357239512856,24.69553450608931,22.15832205683356,10.148849797023004
10 - 19,30.089506760617027,20.377071034088747,12.18815463721196,11.807274804799086,16.187392877547133,27.804227766139785,48.562178632641405,39.99238240335174,30.089506760617027
20 - 29,31.51434732128048,9.454304196384143,9.288439210482666,13.435063858019573,27.699452645546526,23.552827998009622,26.704262730137668,34.66578205340853,31.51434732128048
30 - 39,31.354515050167223,13.795986622073578,10.590858416945373,13.935340022296543,13.656633221850614,14.771460423634336,24.24749163879599,33.16610925306578,31.354515050167223
40 - 49,26.77299914554258,14.098547422386785,11.677584733694106,11.677584733694106,8.54457419538593,18.22842495015665,26.63058957561948,26.345770435773282,26.77299914554258
50 - 59,14.709236031927023,9.007981755986316,5.24515393386545,6.841505131128849,6.613454960091221,10.4903078677309,15.051311288483467,19.04218928164196,14.709236031927023
60 - 69,9.63418039653728,4.328399888299358,3.4906450712091592,5.305780508237922,6.143535325328121,4.607651493996091,7.1209159452666855,11.58894163641441,9.63418039653728
70 - 79,5.825632784250703,3.2141422257934913,2.209722780233025,1.8079550020088389,1.6070711128967456,1.8079550020088389,3.013258336681398,5.62474889513861,5.825632784250703
80+,5.982053838484546,0.9970089730807576,0.9970089730807576,2.326354270521768,1.6616816218012629,2.991026919242273,11.299435028248588,14.955134596211366,5.982053838484546
