Altersgruppen,Fälle pro 1000 Personen,woche1,woche2,woche3,woche4,woche5,woche6,woche7,woche8
0 - 9,8.288227334235454,13.024357239512856,24.69553450608931,22.15832205683356,10.148849797023004,12.686062246278755,11.671177266576455,9.641407307171853,8.288227334235454
10 - 19,27.99466768234622,27.804227766139785,48.562178632641405,39.99238240335174,30.089506760617027,31.04170634164921,21.519710531327366,34.27918491715864,27.99466768234622
20 - 29,31.348482335379,23.552827998009622,26.538397744236192,34.66578205340853,31.01675236357605,28.694642560955383,18.74274340686681,18.411013435063857,31.348482335379
30 - 39,32.608695652173914,14.771460423634336,24.24749163879599,33.16610925306578,30.93645484949833,26.755852842809364,17.837235228539576,24.38684503901895,32.608695652173914
40 - 49,28.19709484477357,18.22842495015665,26.63058957561948,26.203360865850186,26.915408715465677,27.342637425234976,18.22842495015665,21.076616348618625,28.19709484477357
50 - 59,20.9806157354618,10.4903078677309,14.937286202964653,19.156214367160775,14.481185860889395,15.39338654503991,12.65678449258837,13.112884834663626,20.9806157354618
60 - 69,10.75118681932421,4.607651493996091,7.1209159452666855,11.449315833566043,9.63418039653728,11.728567439262775,9.215302987992182,12.147444847807874,10.75118681932421
70 - 79,7.231820008035355,1.8079550020088389,3.013258336681398,5.62474889513861,5.825632784250703,4.620329449578144,5.02209722780233,7.231820008035355,7.231820008035355
80+,8.97308075772682,2.991026919242273,11.299435028248588,14.955134596211366,5.982053838484546,2.6586905948820205,5.317381189764041,5.982053838484546,8.97308075772682
