Altersgruppen,Fälle pro 1000 Personen,woche1,woche2,woche3,woche4,woche5,woche6,woche7,woche8
0 - 9,0.37070737707680385,0.2359046945034206,0.37070737707680385,0.6066120715802245,0.7751154247969534,0.5729114009368786,0.3033060357901122,0.3033060357901122,0.37070737707680385
10 - 19,1.2002182214948172,0.5455537370430987,1.3456992180396434,2.000363702491362,3.1642116748499727,4.109838152391344,1.6730314602655028,0.8001454809965448,1.2002182214948172
20 - 29,1.730620039386525,2.148355910962583,2.7451214417855225,4.923315629289252,7.131348093334129,8.891806409261802,4.565256310795489,2.2378707405860236,1.730620039386525
30 - 39,2.2505063639318847,2.5755795053887125,3.5758045560251053,4.776074616788777,6.176389687679729,7.251631617113851,4.37598459653422,3.175714535770548,2.2505063639318847
40 - 49,2.44512062595088,3.124320799826125,3.586176918061291,5.053249293631819,6.384481634427298,5.732449467507064,3.8850249945663986,3.1514888067811344,2.44512062595088
50 - 59,2.430756879710985,2.4084563578787743,3.411979840328264,4.683109584764283,6.2441461130190445,5.64203202354935,4.794612193925338,3.1220730565095223,2.430756879710985
60 - 69,1.7022775299366049,2.2892697816388825,3.4926038976285514,4.607889175862878,4.7839868513735615,5.3416294904907256,3.4632542850434374,3.551303122798779,1.7022775299366049
70 - 79,1.9917731110630004,2.164970772894566,2.857761420220827,3.94024680666811,4.459839792162806,5.499025763152197,3.593851483004979,3.29075557479974,1.9917731110630004
80+,1.4904240256352934,1.4159028243535285,3.8005812653699977,3.1298904538341157,4.247708473060586,4.992920485878233,3.0553692525523513,2.7572844474252927,1.4904240256352934
