Altersgruppen,Fälle pro 1000 Personen,woche1,woche2,woche3,woche4,woche5,woche6,woche7,woche8
0 - 9,0.22287488234016362,0.38691984649916733,0.38013177901672585,0.348454130765332,0.3292212728984143,0.3269585837376005,0.3246958945767866,0.2522898414307436,0.22287488234016362
10 - 19,0.7159537784897216,1.1071090135670332,1.0163051197098,0.9837088501200241,1.0640353716091149,1.0523938467556235,0.8929049562627911,0.899889871174886,0.7159537784897216
20 - 29,1.7134817248076346,2.4811915946958933,2.1163104778288506,1.9421405580443152,1.935329443862797,2.0890660211027776,1.8409468616331883,1.8214865354002794,1.7134817248076346
30 - 39,2.0964861744266936,3.3618681755629876,2.9052788262864784,2.749098176272175,2.616822727790673,2.597698566564432,2.348287630572203,2.2837435864336384,2.0964861744266936
40 - 49,2.2006753825467285,3.852218800055411,3.079950130190728,2.8667674791110036,2.864278965674275,3.0185667987514297,2.5863949652396148,2.581417938366158,2.2006753825467285
50 - 59,2.377670359965908,4.627649590926853,3.6315049399544006,3.144586357664391,3.003049202622745,3.1999704618111218,2.825358535151983,2.6938212878034973,2.377670359965908
60 - 69,2.1519001389201353,5.116942102486136,3.7660774583163925,3.0608837419051533,2.929731834704207,2.9468824687227926,2.7330039739027883,2.5140811749596708,2.1519001389201353
70 - 79,2.2983441444612054,6.169663737878619,4.282361854203579,3.2104281152906378,3.0666976515516846,2.823564811021306,2.722819158867834,2.4461044342862976,2.2983441444612054
80+,3.6589990826018512,6.101862975039567,4.406901037528576,3.3581433386936506,3.4068734943970913,3.9873979579946055,4.101807888776597,4.065789947604489,3.6589990826018512
