Altersgruppen,Fälle pro 1000 Personen,woche1,woche2,woche3,woche4,woche5,woche6,woche7,woche8
0 - 9,0.0,2.849002849002849,2.2792022792022792,3.4188034188034186,0.5698005698005698,0.5698005698005698,0.0,0.0,0.0
10 - 19,0.0,9.644364074743821,5.424954792043399,4.822182037371911,1.8083182640144664,0.0,0.0,0.6027727546714888,0.0
20 - 29,0.0,13.95572666025024,11.068334937439845,2.4061597690086622,1.4436958614051971,1.4436958614051971,0.0,0.48123195380173245,0.0
30 - 39,0.48146364949446313,19.74000962927299,7.221954742416948,8.184882041405874,4.814636494944632,3.370245546461242,0.48146364949446313,0.48146364949446313,0.48146364949446313
40 - 49,2.046035805626598,22.506393861892583,13.29923273657289,7.672634271099745,4.092071611253196,2.046035805626598,0.5115089514066495,2.046035805626598,2.046035805626598
50 - 59,0.0,23.246329526916803,19.168026101141926,14.274061990212072,4.078303425774878,1.6313213703099512,2.039151712887439,1.6313213703099512,0.0
60 - 69,1.0198878123406425,26.007139214686386,17.338092809790925,15.298317185109639,6.629270780214177,1.0198878123406425,2.039775624681285,1.5298317185109638,1.0198878123406425
70 - 79,1.4367816091954022,17.95977011494253,10.057471264367816,15.804597701149428,0.7183908045977011,1.4367816091954022,0.7183908045977011,0.7183908045977011,1.4367816091954022
80+,2.074688796680498,11.410788381742737,11.410788381742737,8.298755186721992,3.1120331950207465,1.037344398340249,0.0,0.0,2.074688796680498
