Altersgruppen,Fälle pro 1000 Personen,woche1,woche2,woche3,woche4,woche5,woche6,woche7,woche8
0 - 9,0.41856608611056306,0.32048248010100333,0.33530907170709956,0.3067963955415298,0.18020011336640043,0.13229881740824334,0.16993554994679536,0.23494445160429425,0.41856608611056306
10 - 19,1.0924098702998712,0.8734570299164918,0.6780475057033684,0.5261931164052182,0.396704877468811,0.2919371205111725,0.4284883542986564,0.7321971328949568,1.0924098702998712
20 - 29,3.1132782473168206,2.056574584783853,1.4660920459208542,1.1867446784326492,0.9045075105911182,0.7214868215471221,1.2888509575835103,1.8273170900866362,3.1132782473168206
30 - 39,3.6477562478382923,2.3607860170684427,1.8805852497124425,1.6457131825969449,1.2395132035102112,1.0014237108177892,1.588603878606533,2.3334378996645837,3.6477562478382923
40 - 49,3.1702645993223344,2.2056185844589615,1.7087301712808485,1.504814490830869,1.1244493236241726,0.880582815983993,1.3225388417755812,2.058299909195099,3.1702645993223344
50 - 59,3.296105253677713,2.460147685836985,1.9551862083935991,1.6164925344986447,1.2531665934113303,0.9267890531125563,1.4948707152363658,2.206897188765531,3.296105253677713
60 - 69,2.9587725745973557,2.2309682795182018,1.8091726085064195,1.5672603854261324,1.19612154745253,1.0400157966614045,1.381174059979758,1.9487373525912004,2.9587725745973557
70 - 79,2.741467031109337,2.161671873960408,1.693219112329541,1.4759656576601532,1.227482018882041,0.9762827119205614,1.28994238709949,1.7828361623806632,2.741467031109337
80+,2.688260028060896,2.347863466066172,1.7652616580367408,1.4903259733486949,1.1652036160588624,0.728797767347678,1.1913879669815335,1.571061055360264,2.688260028060896
