Altersgruppen,Fälle pro 1000 Personen,woche1,woche2,woche3,woche4,woche5,woche6,woche7,woche8
0 - 9,10.27870454622047,15.064199777575574,29.2858827890675,28.00525730462036,10.986418629730732,13.749873622485087,15.839315202372529,13.513968927981667,10.27870454622047
10 - 19,27.85961083833424,32.98781596653937,50.918348790689215,52.518639752682304,26.004728132387708,27.67775959265321,27.605019094380797,25.822876886706673,27.85961083833424
20 - 29,30.554395178134513,26.436713015456228,28.10765650176046,30.85277794354598,26.764934057408844,23.12466431938891,18.111833860476217,21.931133257743035,30.554395178134513
30 - 39,30.90695406466455,20.82968667950289,32.38228601435323,33.5825560751169,30.106774024155435,23.205221174764322,21.504838588682453,20.779675426971068,30.90695406466455
40 - 49,27.30384698978483,15.974788089545749,26.814822864594653,32.98196044338187,25.99978265594436,20.18582916757227,17.795044555531405,19.832645077157142,27.30384698978483
50 - 59,21.809910351902236,12.688996922527988,17.595111725614377,18.108023727755228,14.896748583916864,14.718344409259176,12.153784398554926,13.023504750011151,21.809910351902236
60 - 69,14.99765203099319,6.046020192533459,8.599436487438366,10.624559755811223,9.861469828598262,10.066917116694059,8.10049307349143,9.53862409016201,14.99765203099319
70 - 79,9.266074907988742,2.94436025113661,3.550552067547088,5.0227321931153925,4.459839792162806,6.23511582593635,5.412426932236414,5.715522840441654,9.266074907988742
80+,8.346374543557642,4.247708473060586,2.7572844474252927,3.8005812653699977,4.769356882032938,5.738132498695879,4.173187271778821,5.141962888441762,8.346374543557642
