Altersgruppen,Fälle pro 1000 Personen,woche1,woche2,woche3,woche4,woche5,woche6,woche7,woche8
0 - 9,0.6063362134303472,5.608609974230711,9.852963468243141,8.26133090798848,4.547521600727603,1.4400485068970745,0.5305441867515538,0.9095043201455206,0.6063362134303472
10 - 19,1.015942482025633,24.69521725539231,30.47827446076899,24.30447014692091,11.019068458893404,5.626758361988122,1.5629884338855893,1.328540168802751,1.015942482025633
20 - 29,1.5019525382997898,31.766296185040552,32.1417843196155,23.054971462901772,13.817963352358065,7.35956743766897,3.9801742264944426,2.177831180534695,1.5019525382997898
30 - 39,2.8133960937077314,25.536979927500944,32.84098901693448,28.837309960504246,16.555753936049342,9.684575014878536,5.1939620191527345,4.003679056430233,2.8133960937077314
40 - 49,2.877254277346761,20.91147305143092,30.365308534141704,26.56322252479063,16.390073472743154,9.145558238709345,4.675538200688486,3.3396701433489184,2.877254277346761
50 - 59,3.2433463703138417,20.795573786129925,30.621005437374794,25.899074692359058,14.928932557474004,7.679099494419536,4.626538204712391,4.197271773347325,3.2433463703138417
60 - 69,3.444155479018767,14.620088563998031,24.601110564419766,21.57868840936248,11.8788219582484,6.677444296056793,4.498488788922471,4.568777676249385,3.444155479018767
70 - 79,3.3987181977082925,10.7787919984463,15.634103709458149,16.993590988541463,11.74985434064867,6.603223926976113,3.4958244319285297,2.6218683239463973,3.3987181977082925
80+,1.3220955214014214,5.288382085605686,9.75045447033548,13.882002974714922,10.742026111386547,5.784167906131217,3.801024624029086,3.4705007436787305,1.3220955214014214
