Altersgruppen,Fälle pro 1000 Personen,woche1,woche2,woche3,woche4,woche5,woche6,woche7,woche8
0 - 9,12.909838904048868,28.61773302120704,32.06682088291109,19.946532212264348,11.247627886360174,8.782014876788608,11.261479644840913,14.281162993642043,12.909838904048868
10 - 19,36.87912087912088,42.095238095238095,49.27472527472528,34.78388278388279,22.564102564102566,18.036630036630036,21.5970695970696,34.46153846153846,36.87912087912088
20 - 29,38.50212935026881,29.624663215008507,30.009560348145666,29.090773643237608,23.441477011708326,18.33848598850275,19.977402813473883,35.29879191964341,38.50212935026881
30 - 39,36.42253776983863,32.103101315006,36.32161635734254,32.375589128745446,24.6349167902954,17.33829866682814,19.407187622997974,30.629648692563098,36.42253776983863
40 - 49,33.4254259282515,27.816149692327013,31.91845619322701,27.82661475993135,21.27548243961656,16.1580643810959,18.104566955502534,28.538239357026246,33.4254259282515
50 - 59,28.5990733676944,15.51830005768193,16.5602962246246,16.002083992333887,13.564557244664423,11.69454626649052,12.866791954301027,20.54221014829838,28.5990733676944
60 - 69,19.887831156372222,9.273608343787666,9.679482449019753,9.999262047081396,8.929230315105896,7.133544879836666,7.502521339138562,13.123262735837454,19.887831156372222
70 - 79,12.948033364743656,3.8390395421072836,4.659197989739294,4.851149966844658,4.973301225002618,4.5021463721076325,4.60684745052874,7.259274770530137,12.948033364743656
80+,10.511021114786534,4.049834605991282,4.822703805607939,4.606300429715275,5.750146845147928,5.162766253439268,4.049834605991282,6.615760348718583,10.511021114786534
