Altersgruppen,Fälle pro 1000 Personen,woche1,woche2,woche3,woche4,woche5,woche6,woche7,woche8
0 - 9,0.22205773501110287,0.07401924500370095,0.07401924500370095,0.1480384900074019,0.25906735751295334,0.2775721687638786,0.3700962250185048,0.44411547002220575,0.22205773501110287
10 - 19,0.5552151937509573,0.44034308469903505,0.45948843620768876,0.6509419512942257,0.6126512482769183,0.8615408178894164,0.8998315209067238,0.8423954663807628,0.5552151937509573
20 - 29,1.2005541018931816,0.8927197167923657,1.5853470832692012,2.370324765276281,2.047098660920425,2.2933661690010774,2.2010158534708326,1.446821609973834,1.2005541018931816
30 - 39,1.6021071782547893,1.2083689734294596,2.1451943573242094,3.0412882027887527,2.891939228544662,2.7425902543005716,3.5029123049977597,2.308120511045036,1.6021071782547893
40 - 49,2.231741657180516,1.872266490923252,2.052004074051884,3.2053202324606076,3.504882871008328,3.355101551734468,3.60972979450003,2.022047810197112,2.231741657180516
50 - 59,1.8848414246259766,1.6492362465477297,3.0105106087776017,3.9791096742103957,3.9005746148509797,3.6780586133326354,3.4424534352543885,2.2775167214230554,1.8848414246259766
60 - 69,1.987116859030618,1.920879630396264,3.2290648959247545,4.189504711122886,4.686283925880541,3.974233718061236,3.659606882048055,2.450777459471096,1.987116859030618
70 - 79,2.2233313671219204,2.3594536957212218,4.31054040564454,5.059213212940696,5.218022596306548,5.649076636871001,3.811425200780435,2.8131947910522257,2.2233313671219204
80+,1.9461077844311379,2.095808383233533,3.480538922155689,5.014970059880239,4.790419161676646,4.303892215568863,3.3308383233532934,2.5074850299401197,1.9461077844311379
