Altersgruppen,Fälle pro 1000 Personen,woche1,woche2,woche3,woche4,woche5,woche6,woche7,woche8
0 - 9,0.05551443375277572,0.3700962250185048,0.44411547002220575,0.22205773501110287,0.1850481125092524,0.2960769800148038,0.1480384900074019,0.11102886750555144,0.05551443375277572
10 - 19,0.3637616786644203,0.9189768724153775,0.8423954663807628,0.5552151937509573,0.7083780058201868,0.574360545259611,0.49777913922499617,0.44034308469903505,0.3637616786644203
20 - 29,0.6464522087117132,2.277974449746037,1.446821609973834,1.2005541018931816,1.36986301369863,1.092812067107896,0.800369401262121,0.8927197167923657,0.6464522087117132
30 - 39,0.8010535891273947,3.557221022904702,2.321697690521771,1.6292615372082604,1.6835702551152023,1.4120266655804923,1.1269058965690468,1.0997515376155758,0.8010535891273947
40 - 49,0.913666047570547,3.699598586064346,2.0370259421244983,2.2916541848900605,1.902222754778024,1.3480318734647414,2.007069678269726,1.2881193457551974,0.913666047570547
50 - 59,0.8900640060733779,3.4686317883741933,2.2906058979829576,1.9371981308655872,1.7801280121467558,1.6623254231076323,1.465987774709093,1.4398094215892878,0.8900640060733779
60 - 69,0.9769991223567206,3.725844110682409,2.450777459471096,2.020235473347795,1.6890493301760254,1.5234562585901408,1.291625958369902,1.3909818013214328,0.9769991223567206
70 - 79,0.7940469168292572,3.8341122555469846,2.8131947910522257,2.291392531421571,1.3385362312264621,1.746903217024366,1.429284450292663,1.0662915740278598,0.7940469168292572
80+,1.6092814371257484,3.3682634730538923,2.5074850299401197,1.9461077844311379,1.8338323353293413,1.6467065868263473,1.9461077844311379,2.0209580838323356,1.6092814371257484
