Altersgruppen,Fälle pro 1000 Personen,woche1,woche2,woche3,woche4,woche5,woche6,woche7,woche8
0 - 9,0.16914749661705009,0.33829499323410017,0.16914749661705009,0.16914749661705009,0.6765899864682003,0.6765899864682003,0.16914749661705009,0.0,0.16914749661705009
10 - 19,0.19043991620643688,0.5713197486193106,0.19043991620643688,0.5713197486193106,0.7617596648257475,0.7617596648257475,0.0,0.9521995810321843,0.19043991620643688
20 - 29,0.3317299718029524,2.1562448167191905,1.1610549013103333,2.3221098026206666,2.1562448167191905,0.9951899154088573,0.1658649859014762,0.0,0.3317299718029524
30 - 39,1.254180602006689,2.0903010033444813,1.6722408026755853,1.254180602006689,1.3935340022296545,1.1148272017837235,0.8361204013377926,0.4180602006688963,1.254180602006689
40 - 49,0.5696382796923953,1.9937339789233834,1.1392765593847907,0.712047849615494,1.5665052691540873,1.708914839077186,0.712047849615494,0.4272287097692965,0.5696382796923953
50 - 59,0.9122006841505131,2.280501710376283,2.052451539338654,2.052451539338654,2.052451539338654,1.4823261117445838,1.2542759407069555,0.5701254275940707,0.9122006841505131
60 - 69,1.5358838313320302,2.0943870427254954,2.652890254118961,1.815135437028763,3.351019268360793,1.5358838313320302,0.9773806199385646,0.6981290142418319,1.5358838313320302
70 - 79,0.2008838891120932,1.4061872237846524,2.008838891120932,2.008838891120932,1.4061872237846524,1.2053033346725592,1.004419445560466,1.004419445560466,0.2008838891120932
80+,8.308408109006313,0.9970089730807576,1.9940179461615153,1.9940179461615153,1.3293452974410103,1.3293452974410103,0.33233632436025257,0.33233632436025257,8.308408109006313
