Altersgruppen,Fälle pro 1000 Personen,woche1,woche2,woche3,woche4,woche5,woche6,woche7,woche8
0 - 9,1.086386453884768,8.185360005993855,6.256087510301941,5.750355885217652,5.675432681501461,5.338278264778602,4.308084213680977,2.6972353337828725,1.086386453884768
10 - 19,4.401969302056183,25.504392315860606,19.248962255043924,17.70441162274351,23.59301090838884,22.395984168356016,15.928178395598032,9.363838208321265,4.401969302056183
20 - 29,8.406682780742159,24.216719113421806,18.652802480959547,19.91456499597148,34.56925251972454,31.878505951566563,23.578236876909745,13.879387665131269,8.406682780742159
30 - 39,8.593446803792204,26.792149470532795,18.559073016577038,19.00260575483728,30.492875755391697,31.740311581748628,27.40200698564063,17.533403559350226,8.593446803792204
40 - 49,8.530292316719072,22.852758428741218,16.74464788096707,17.030495418917088,25.425386270291416,27.366140606899457,24.808557372609787,16.77473709548812,8.530292316719072
50 - 59,8.116184088625598,16.897843078408602,12.252567297780445,13.335595078095437,22.052011430510067,26.723384266085574,24.2441640460874,16.832600441040228,8.116184088625598
60 - 69,6.777236658379594,11.255661887409325,8.633314034669482,8.939822225249463,15.853284746109049,19.531383033068828,18.765112556618874,13.486360385519191,6.777236658379594
70 - 79,5.7939026072561735,6.230744470501678,5.173127327907297,6.368694532579207,9.058720743091001,13.72603117671403,15.588357014760657,10.80608819607302,5.7939026072561735
80+,6.253356863346888,4.335149236553365,3.7980511010511777,3.9131435586587893,7.059004066600169,14.770198726310134,14.002915675592725,10.933783472723087,6.253356863346888
