Altersgruppen,Fälle pro 1000 Personen,woche1,woche2,woche3,woche4,woche5,woche6,woche7,woche8
0 - 9,0.07401924500370095,0.44411547002220575,0.22205773501110287,0.1850481125092524,0.2960769800148038,0.1480384900074019,0.11102886750555144,0.05551443375277572,0.07401924500370095
10 - 19,0.22974421810384438,0.8423954663807628,0.5552151937509573,0.7083780058201868,0.574360545259611,0.49777913922499617,0.44034308469903505,0.3637616786644203,0.22974421810384438
20 - 29,0.5233184546713867,1.446821609973834,1.2005541018931816,1.36986301369863,1.092812067107896,0.800369401262121,0.8927197167923657,0.6464522087117132,0.5233184546713867
30 - 39,0.5023556406392136,2.321697690521771,1.6292615372082604,1.6835702551152023,1.4120266655804923,1.1269058965690468,1.0997515376155758,0.8010535891273947,0.5023556406392136
40 - 49,0.7489065963693009,2.0370259421244983,2.2916541848900605,1.902222754778024,1.3480318734647414,2.007069678269726,1.2881193457551974,0.928644179497933,0.7489065963693009
50 - 59,0.7199047107946439,2.2906058979829576,1.9371981308655872,1.7801280121467558,1.6623254231076323,1.465987774709093,1.4398094215892878,0.8900640060733779,0.7199047107946439
60 - 69,0.6623722863435394,2.450777459471096,2.020235473347795,1.6890493301760254,1.5234562585901408,1.291625958369902,1.3909818013214328,0.993558429515309,0.6623722863435394
70 - 79,0.9755433549616589,2.8131947910522257,2.291392531421571,1.3385362312264621,1.746903217024366,1.429284450292663,1.0662915740278598,0.8167339715958074,0.9755433549616589
80+,1.309880239520958,2.5074850299401197,1.9461077844311379,1.8338323353293413,1.6467065868263473,1.9461077844311379,2.0209580838323356,1.6092814371257484,1.309880239520958
