Altersgruppen,Fälle pro 1000 Personen,woche1,woche2,woche3,woche4,woche5,woche6,woche7,woche8
0 - 9,5.975125496366225,3.4651981718738294,4.757623435978123,10.077170899827676,20.66007342473964,23.56334756874204,12.11882820109388,8.185360005993855,5.975125496366225
10 - 19,18.553914470508737,10.86977507481417,23.824693503233902,27.33854619171735,43.09296264118158,49.56076841393957,33.458828072207744,25.543006081668114,18.553914470508737
20 - 29,17.999118286435294,14.791505145862788,32.547392104103004,24.353536735531538,30.95118651282285,32.471382314042046,30.540733646493667,24.262324987458385,17.999118286435294
30 - 39,18.073959084104896,10.935854077729113,16.050340965792536,19.196651327826135,30.24338859012031,35.57964184731385,31.878915562454953,26.81987026667406,18.073959084104896
40 - 49,16.278265055890717,9.538281003174411,12.968451458574673,17.060584633438143,26.598865636612558,31.774210534234,27.486497464983675,22.867803036001746,16.278265055890717
50 - 59,11.704529143886113,7.502903297362893,10.373579341571304,11.026005715255033,15.945300572830355,18.22879288072341,18.855122199459792,16.910891605882277,11.704529143886113
60 - 69,8.428975240949494,4.597622858699724,4.904131049279706,5.976909716309642,8.497088172189489,11.408915982699314,11.255661887409325,11.272690120219325,8.428975240949494
70 - 79,5.058168942842691,2.460109440382581,2.276176024279211,2.3221593783050536,3.6096932910286474,5.724927576217409,5.7019358992044875,6.230744470501678,5.058168942842691
80+,3.6062303383718257,1.9949359318652653,2.340213304688099,2.340213304688099,4.143328473874012,3.8747794061229186,5.064068134734904,4.220056778945753,3.6062303383718257
