Altersgruppen,Fälle pro 1000 Personen,woche1,woche2,woche3,woche4,woche5,woche6,woche7,woche8
0 - 9,9.192486795779667,39.559627419158005,25.618069281241056,16.593237021314938,10.591888941985829,8.232179862523282,8.493355976199899,9.605350346657117,9.192486795779667
10 - 19,21.89999270157199,51.068984270710466,38.81586536990081,27.442089328050216,18.220172384160996,16.366136235753352,21.178390060953646,24.319068438065774,21.89999270157199
20 - 29,25.336806231180176,32.91675255795494,28.61383983185215,22.05110322944822,16.45644974540859,17.29834491501097,27.795063065076377,30.576014271760677,25.336806231180176
30 - 39,27.32559542482083,39.63144390016328,32.597347232611824,24.11299598626159,17.34594564159488,16.585828849046433,24.302824095300146,29.276964037225614,27.32559542482083
40 - 49,25.425372270963155,34.962799953723625,29.288117874915624,21.66416835278578,15.549194865985783,14.621170442713428,20.44317119678529,25.761625066480676,25.425372270963155
50 - 59,24.334370711002695,19.747380704775352,17.471975022881065,14.120447168020544,10.97059600079747,11.126856945799005,17.234119692804835,23.89098990154021,24.334370711002695
60 - 69,19.09245699079803,12.333388125418049,11.307845709624694,9.567938566701091,7.722582506024545,7.72981919645857,11.772027710321485,17.787785086835115,19.09245699079803
70 - 79,14.501668099181634,6.246036821744899,6.0111315238836225,5.617359637295357,4.9262220846283675,4.918075080078265,7.30378957916648,12.411961432080458,14.501668099181634
80+,13.700961620287634,5.9002070745752135,5.9765780980996706,5.978760127343227,5.0994023421901895,5.00339305547373,6.729378187126464,11.420741060771697,13.700961620287634
