Altersgruppen,Fälle pro 1000 Personen,woche1,woche2,woche3,woche4,woche5,woche6,woche7,woche8
0 - 9,4.228196390256216,34.141108166098704,21.835163448188815,20.951659724851698,11.296226176953175,5.2379149312129245,2.966048214060331,5.1117001135933355,4.228196390256216
10 - 19,14.423392119583033,48.44948534714483,42.94237199239494,39.270963089228346,23.798596997312007,13.833344260145545,19.078214121812103,14.488952992853864,14.423392119583033
20 - 29,17.27791361043195,35.37082314588427,29.013854930725348,22.167889160554196,16.843249117087748,16.897582178755773,33.30616680249932,27.383863080684595,17.27791361043195
30 - 39,20.261617270398826,39.79143798024149,32.153311379436516,28.448591291620932,18.7980241492865,17.014270032930842,28.72301500182949,26.161727039882912,20.261617270398826
40 - 49,19.36897458369851,31.68273444347064,29.842243645924626,26.599474145486415,18.843120070113933,13.453111305872042,21.253286590709905,22.96231375985977,19.36897458369851
50 - 59,19.991131475870223,20.730175153351563,17.071908949818937,16.850195846574533,13.007168723671569,12.933264355923434,20.693222969477496,24.610154460128594,19.991131475870223
60 - 69,18.38029956841838,14.369129220614369,12.947448591012947,10.408733181010408,8.631632394008632,8.225437928408226,13.505965981213507,21.78217821782178,18.38029956841838
70 - 79,12.088401067932365,5.710471670127559,7.045387125482053,6.377929397804806,4.375556214773064,5.784633639869475,7.638682883417384,14.239098190447939,12.088401067932365
80+,11.645962732919253,5.434782608695652,6.728778467908903,6.987577639751553,4.787784679089027,5.822981366459627,8.281573498964804,13.716356107660456,11.645962732919253
