Altersgruppen,Fälle pro 1000 Personen,woche1,woche2,woche3,woche4,woche5,woche6,woche7,woche8
0 - 9,0.9003643012480435,8.782014876788608,11.275331403321651,14.281162993642043,12.979097696452564,8.920532461596,4.986633053066087,1.8976909118612608,0.9003643012480435
10 - 19,2.285714285714286,18.036630036630036,21.5970695970696,34.46153846153846,36.82051282051282,29.06959706959707,13.948717948717949,6.183150183150183,2.285714285714286
20 - 29,5.078158950099949,18.33848598850275,20.01465092313232,35.29879191964341,38.29105672887101,31.934046013831466,18.561974646453358,8.666393513862504,5.078158950099949
30 - 39,5.328650579793515,17.34839080807775,19.41727976424758,30.629648692563098,36.42253776983863,32.58752409498723,20.143913934219423,10.152694097106583,5.328650579793515
40 - 49,5.222068734564025,16.147599313491565,18.104566955502534,28.538239357026246,33.551006739503535,31.46845828624053,18.14642722591988,9.219724559420655,5.222068734564025
50 - 59,5.349533892786037,11.703849803695364,12.866791954301027,20.54221014829838,28.738626425767077,29.752711981095214,18.47682488882273,9.657071618629402,5.349533892786037
60 - 69,4.341623004452316,7.133544879836666,7.52711976975869,13.123262735837454,19.998524094162793,21.351437778269744,13.83661722382112,7.637812707549259,4.341623004452316
70 - 79,3.9786409800020937,4.5021463721076325,4.60684745052874,7.31162530974069,13.017834083691062,15.356158168429134,11.569469165532404,5.723658953687224,3.9786409800020937
80+,3.3078801743592914,5.162766253439268,4.049834605991282,6.646675116703249,10.78925402664853,12.829628713636504,8.841623643614554,4.97727764553127,3.3078801743592914
