Altersgruppen,Fälle pro 1000 Personen,woche1,woche2,woche3,woche4,woche5,woche6,woche7,woche8
0 - 9,4.875818985220174,19.946532212264348,11.247627886360174,8.782014876788608,11.261479644840913,14.281162993642043,13.006801213414043,8.962087737038217,4.875818985220174
10 - 19,13.67032967032967,34.76923076923077,22.564102564102566,18.036630036630036,21.5970695970696,34.46153846153846,36.84981684981685,29.128205128205128,13.67032967032967
20 - 29,18.43781428092524,29.090773643237608,23.441477011708326,18.33848598850275,20.002234886579505,35.29879191964341,38.390385021293504,32.00854223314833,18.43781428092524
30 - 39,19.79068899048311,32.375589128745446,24.6349167902954,17.34839080807775,19.407187622997974,30.629648692563098,36.44272205233785,32.648076942484884,19.79068899048311
40 - 49,17.999916279459164,27.82661475993135,21.27548243961656,16.147599313491565,18.104566955502534,28.538239357026246,33.56147180710788,31.541713759470888,17.999916279459164
50 - 59,17.993040954170777,16.002083992333887,13.564557244664423,11.703849803695364,12.866791954301027,20.54221014829838,28.79444764899615,29.789926129914594,17.993040954170777
60 - 69,13.578333702309793,9.999262047081396,8.929230315105896,7.133544879836666,7.52711976975869,13.123262735837454,20.010823309472855,21.351437778269744,13.578333702309793
70 - 79,11.237915750532231,4.851149966844658,4.973301225002618,4.5021463721076325,4.60684745052874,7.2767249502669875,13.00038390395421,15.30380762921858,11.237915750532231
80+,8.37790212384456,4.606300429715275,5.750146845147928,5.162766253439268,4.049834605991282,6.615760348718583,10.78925402664853,12.675054873713172,8.37790212384456
