Altersgruppen,Fälle pro 1000 Personen,woche1,woche2,woche3,woche4,woche5,woche6,woche7,woche8
0 - 9,0.23494445160429425,0.4710294102552112,0.32048248010100333,0.33530907170709956,0.3067963955415298,0.18020011336640043,0.13229881740824334,0.16993554994679536,0.23494445160429425
10 - 19,0.7274884696609056,1.03708307729977,0.8734570299164918,0.6780475057033684,0.5261931164052182,0.396704877468811,0.2919371205111725,0.4284883542986564,0.7274884696609056
20 - 29,1.8157578886733312,2.694257196084513,2.056574584783853,1.4660920459208542,1.1867446784326492,0.9045075105911182,0.7214868215471221,1.2888509575835103,1.8157578886733312
30 - 39,2.3149377025972666,3.2487954762996387,2.3607860170684427,1.8805852497124425,1.6457131825969449,1.2395132035102112,1.0014237108177892,1.588603878606533,2.3149377025972666
40 - 49,2.049144511297345,2.9505350497762337,2.2056185844589615,1.7087301712808485,1.504814490830869,1.123617014724377,0.880582815983993,1.3225388417755812,2.049144511297345
50 - 59,2.1930415384698283,3.2291362772484833,2.460147685836985,1.9551862083935991,1.6157227761488837,1.2531665934113303,0.9260192947627952,1.4948707152363658,2.1930415384698283
60 - 69,1.9404668492380284,3.0228689755844402,2.2309682795182018,1.8091726085064195,1.568294198345279,1.19612154745253,1.0400157966614045,1.381174059979758,1.9404668492380284
70 - 79,1.7787626601056123,2.6925850038087247,2.161671873960408,1.693219112329541,1.4746078235684694,1.227482018882041,0.9762827119205614,1.28994238709949,1.7787626601056123
80+,1.5514227921682606,3.3908734444859028,2.347863466066172,1.7652616580367408,1.4903259733486949,1.1652036160588624,0.728797767347678,1.1913879669815335,1.5514227921682606
