Altersgruppen,Fälle pro 1000 Personen,woche1,woche2,woche3,woche4,woche5,woche6,woche7,woche8
0 - 9,0.26546323334218214,0.33182904167772764,0.19909742500663657,0.23228032917440936,0.09954871250331829,0.19909742500663657,0.13273161667109107,0.09954871250331829,0.26546323334218214
10 - 19,0.4306477660147138,1.112506728871344,0.7895209043603085,1.112506728871344,0.5383097075183922,0.7177462766911897,0.7536335905257492,0.5383097075183922,0.4306477660147138
20 - 29,1.008958326963647,2.4153850857614576,1.7427462011190265,1.651022716849604,1.5287247378237074,1.5592992325801815,1.437001253554285,1.1312563059895435,1.008958326963647
30 - 39,1.2527634487840824,3.389830508474576,2.038811102923115,2.2598870056497176,1.7931712110046671,1.3755833947433063,1.4738393515106853,1.0562515352493245,1.2527634487840824
40 - 49,0.859914545991992,3.0634455700964716,2.821594604036224,2.7141052857872245,2.3110203423534785,2.337892671915728,1.4779781259237363,1.5317227850482358,0.859914545991992
50 - 59,1.7243695973485018,4.725220584941998,3.0232453979486724,2.664934832265866,2.2842298562278853,2.015496931965781,1.8139472387692033,1.3884534420208714,1.7243695973485018
60 - 69,1.3900314884684124,3.7729426115571187,2.5814870500127656,2.780062976936825,2.4396471022098667,1.9006553005588493,1.616975404953051,1.0496156137414543,1.3900314884684124
70 - 79,1.1422769386978044,3.3422177095232053,3.0883783898125823,2.538393197106232,2.8345390701019584,2.4960866438211275,1.4807293649786353,1.7768752379743622,1.1422769386978044
80+,1.6677543325357116,3.1904865491987526,2.6103980857080704,2.9004423174534115,3.117975491262418,2.9004423174534115,3.1904865491987526,2.1753317380900588,1.6677543325357116
