Altersgruppen,Fälle pro 1000 Personen,woche1,woche2,woche3,woche4,woche5,woche6,woche7,woche8
0 - 9,0.5132281709802544,0.4174255790639403,0.6535105377148572,0.8975790456921338,1.2203425398863827,1.111994370457218,0.8439752145008628,0.5280547625863506,0.5132281709802544
10 - 19,1.212480782768176,1.1030043625764863,1.6503864635349348,2.594473441962194,3.4078950156445336,3.025316127877876,1.931729091769492,1.2784020680448922,1.212480782768176
20 - 29,2.4736691024472752,3.1363966501434306,3.6777525829998825,5.423191996408941,7.687832206632285,7.216794749040105,5.384661325031257,3.359874544133994,2.4736691024472752
30 - 39,2.970488163895659,3.6743000088479203,4.767420348608061,6.542634910676222,8.184326311302012,7.456383774522815,5.884671380195137,3.9365201933672767,2.970488163895659
40 - 49,2.621773034356879,3.191904630717026,4.278900053850386,6.043394921417556,7.27521209311539,6.255633690865493,4.687563723650141,3.324241745784563,2.621773034356879
50 - 59,2.7164772163074846,3.3276653460179246,4.563897255734507,6.373599136023228,7.765322232391585,6.987866299132713,5.3367346388948125,3.711774762548793,2.7164772163074846
60 - 69,2.5018272643345916,2.9825502717377255,4.184874696705134,5.7335264495866305,6.786981814196939,6.508886138946524,5.190774667034704,3.746538018987008,2.5018272643345916
70 - 79,2.382998830904847,2.749614035659439,3.8942681749487758,5.349866321233673,6.53525548327352,6.260972996753418,5.155696046122909,3.576534997494796,2.382998830904847
80+,2.474421162192416,2.7078982912528993,3.9865674279766696,5.1604991610097555,6.696647748473125,6.825387473842925,5.433252816454246,3.672355216904617,2.474421162192416
