Altersgruppen,Fälle pro 1000 Personen,woche1,woche2,woche3,woche4,woche5,woche6,woche7,woche8
0 - 9,0.05619240278714318,0.31842361579381134,0.31842361579381134,0.24350041207762044,0.31842361579381134,0.1311156065033341,0.18730800929047725,0.18730800929047725,0.05619240278714318
10 - 19,0.7336615503426971,1.4094024519741288,2.4326672458731537,2.6450429578144607,1.023264793899025,0.926730379380249,0.8108890819577179,0.7915821990539628,0.7336615503426971
20 - 29,1.4289840531460452,3.3140268466578497,7.129718307718035,5.731138170596373,3.4660464267797693,1.7330232133898846,2.1738799957434516,2.128274121706876,1.4289840531460452
30 - 39,1.8988745356766645,3.298774740810556,6.75001386039807,5.059045295780894,3.4512391195875143,2.494871652713866,2.1345013028774185,2.3562676720075397,1.8988745356766645
40 - 49,1.880575907565933,3.3248582045765698,4.7240066798056235,4.528426785418767,3.339902811837097,2.5274940197686138,1.880575907565933,2.3319141253817572,1.880575907565933
50 - 59,2.0094732309458876,3.927606769576053,4.658324308101831,5.532575648838029,4.058092044312799,2.4922687474718477,2.153007033156308,1.9964247034722133,2.0094732309458876
60 - 69,1.685795048189899,3.6099853557197834,4.3592275993597385,5.278752171099684,3.8143241494397713,2.7756019480298333,2.0263597043898787,2.0093314715798796,1.685795048189899
70 - 79,1.5404423598657284,3.5177265829769624,3.540718259989884,4.966202234791005,3.402768197912356,2.8049845955764017,1.8853175150595485,1.632409067917414,1.5404423598657284
80+,1.6880227115783013,3.3760454231566026,3.2993171180848613,5.217524744878386,3.7980511010511777,3.030768050333768,1.6112944065065602,1.6112944065065602,1.6880227115783013
