Altersgruppen,Fälle pro 1000 Personen,woche1,woche2,woche3,woche4,woche5,woche6,woche7,woche8
0 - 9,0.650089016574989,0.33530907170709956,0.3067963955415298,0.18020011336640043,0.13229881740824334,0.16993554994679536,0.23494445160429425,0.41856608611056306,0.650089016574989
10 - 19,1.6433234686838578,0.6780475057033684,0.5261931164052182,0.396704877468811,0.2931142863196853,0.4284883542986564,0.7333742987034696,1.1030043625764863,1.6433234686838578
20 - 29,3.6584872473110406,1.4660920459208542,1.1867446784326492,0.9035442438066762,0.7214868215471221,1.2888509575835103,1.8273170900866362,3.132543583005662,3.6584872473110406
30 - 39,4.735246092838815,1.8805852497124425,1.6457131825969449,1.2395132035102112,1.0014237108177892,1.588603878606533,2.3342422560588147,3.6726912960594578,4.735246092838815
40 - 49,4.253930786856511,1.7087301712808485,1.504814490830869,1.1244493236241726,0.880582815983993,1.324203459575173,2.058299909195099,3.1894077040176385,4.253930786856511
50 - 59,4.542344021941192,1.9551862083935991,1.6164925344986447,1.2539363517610915,0.9275588114623177,1.4948707152363658,2.2084367054650533,3.325356070968641,4.542344021941192
60 - 69,4.155927934969032,1.810206421425566,1.5672603854261324,1.19612154745253,1.0400157966614045,1.381174059979758,1.949771165510347,2.97841502006114,4.155927934969032
70 - 79,3.867111493115102,1.693219112329541,1.4759656576601532,1.2288398529737246,0.9762827119205614,1.28994238709949,1.7828361623806632,2.745540533384388,3.867111493115102
80+,3.949472930836219,1.7652616580367408,1.4903259733486949,1.1652036160588624,0.728797767347678,1.1913879669815335,1.571061055360264,2.6991701742786756,3.949472930836219
