Altersgruppen,Fälle pro 1000 Personen,woche1,woche2,woche3,woche4,woche5,woche6,woche7,woche8
0 - 9,0.4417518616685599,11.296226176953175,5.1117001135933355,2.966048214060331,5.1117001135933355,4.228196390256216,3.0291556228701246,1.5776852202448568,0.4417518616685599
10 - 19,1.8357044515832952,23.798596997312007,13.833344260145545,19.078214121812103,14.488952992853864,14.357831246312202,9.440765750999802,4.392578509145742,1.8357044515832952
20 - 29,2.988318391741375,16.843249117087748,16.951915240423798,33.30616680249932,27.275196957348545,17.006248302091823,11.681608258625374,6.791632708503124,2.988318391741375
30 - 39,3.796194657885108,18.7980241492865,17.15148188803513,28.72301500182949,26.07025246981339,20.032930845225025,14.590193926088547,7.592389315770216,3.796194657885108
40 - 49,4.601226993865031,18.843120070113933,13.540753724802803,21.253286590709905,22.87467134092901,19.36897458369851,12.532865907099035,7.361963190184049,4.601226993865031
50 - 59,4.545118616510236,13.007168723671569,12.933264355923434,20.730175153351563,24.573202276254523,19.76941837262582,13.118025275293771,7.020914936072722,4.545118616510236
60 - 69,3.4526529576034526,8.631632394008632,8.225437928408226,13.505965981213507,21.731403909621733,18.075653719218074,11.779639502411781,5.9913683676059915,3.4526529576034526
70 - 79,2.7439928804509046,4.375556214773064,5.784633639869475,7.638682883417384,14.090774250964106,11.865915158706615,9.196084247997627,4.9688519727083955,2.7439928804509046
80+,4.270186335403727,4.787784679089027,5.822981366459627,8.281573498964804,13.457556935817806,11.51656314699793,9.446169772256727,5.046583850931677,4.270186335403727
