Altersgruppen,Fälle pro 1000 Personen,woche1,woche2,woche3,woche4,woche5,woche6,woche7,woche8
0 - 9,0.18705574261129815,0.3741114852225963,0.18705574261129815,0.0,0.18705574261129815,0.12470382840753212,0.12470382840753212,0.3741114852225963,0.18705574261129815
10 - 19,0.8462439786486134,0.7160525973180576,0.7160525973180576,0.9113396693138914,0.4556698346569457,0.7811482879833355,0.5207655253222236,0.9113396693138914,0.8462439786486134
20 - 29,2.0464601769911503,0.8296460176991151,1.1615044247787611,1.1061946902654867,0.9402654867256637,1.7146017699115044,1.991150442477876,2.3783185840707963,2.0464601769911503
30 - 39,2.9230561676485136,1.5289832261546072,1.304132751720106,1.079282277285605,1.3491028466070063,1.5289832261546072,3.7325178756127175,2.968026262535414,2.9230561676485136
40 - 49,3.2114733183757864,1.847696977695658,1.4077691258633585,1.4077691258633585,1.3637763406801287,2.9915093924596365,2.683559896177027,4.0913290220403855,3.2114733183757864
50 - 59,4.458364038319823,2.026529108327192,1.2896094325718497,1.584377302873987,1.7686072218128224,3.168754605747974,4.053058216654384,5.01105379513633,4.458364038319823
60 - 69,3.913128546272745,1.2228526707102327,1.271766777538642,1.076110350225005,1.3695949911954608,2.5924476619056938,5.087067110154568,4.597926041870475,3.913128546272745
70 - 79,3.5735122520420073,1.2397899649941657,1.9690781796966161,1.677362893815636,1.6044340723453907,3.646441073512252,6.053092182030338,3.865227537922987,3.5735122520420073
80+,4.279421019509125,0.6293266205160478,1.2586532410320956,2.265575833857772,2.3914411579609816,2.7690371302706107,4.153555695405916,3.524229074889868,4.279421019509125
