Altersgruppen,Fälle pro 1000 Personen,woche1,woche2,woche3,woche4,woche5,woche6,woche7,woche8
0 - 9,0.0,0.0,0.0,0.0,0.0,0.0,0.0,0.5711022272986864,0.0
10 - 19,0.6002400960384153,0.0,0.0,0.0,0.0,0.0,0.0,0.0,0.6002400960384153
20 - 29,0.49751243781094523,0.0,0.49751243781094523,0.9950248756218905,0.9950248756218905,0.0,1.492537313432836,1.492537313432836,0.49751243781094523
30 - 39,0.4798464491362764,0.9596928982725528,0.4798464491362764,0.9596928982725528,0.9596928982725528,0.4798464491362764,1.9193857965451055,1.9193857965451055,0.4798464491362764
40 - 49,1.5544041450777202,0.0,0.5181347150259067,0.0,1.5544041450777202,1.5544041450777202,2.5906735751295336,4.66321243523316,1.5544041450777202
50 - 59,4.428341384863124,0.8051529790660226,0.0,1.2077294685990339,1.2077294685990339,1.6103059581320451,2.012882447665056,2.818035426731079,4.428341384863124
60 - 69,4.444444444444445,0.4938271604938272,0.9876543209876544,1.9753086419753088,0.9876543209876544,0.4938271604938272,1.4814814814814814,1.9753086419753088,4.444444444444445
70 - 79,7.676203768318214,0.0,1.3956734124214933,0.6978367062107467,0.6978367062107467,2.7913468248429867,4.1870202372644805,3.4891835310537336,7.676203768318214
80+,6.1412487205731825,0.0,2.0470829068577276,3.0706243602865912,2.0470829068577276,3.0706243602865912,0.0,6.1412487205731825,6.1412487205731825
