Altersgruppen,Fälle pro 1000 Personen,woche1,woche2,woche3,woche4,woche5,woche6,woche7,woche8
0 - 9,8.229898848430036,10.882718238874638,19.792359287091855,36.6262432952442,39.559627419158005,25.608945224868073,16.604642091781166,10.59302944903245,8.229898848430036
10 - 19,16.363781904136324,31.95534303788826,36.39796679921554,48.506294305578116,51.06780710490195,38.80173938019866,27.42796333834806,18.21664088673546,16.363781904136324
20 - 29,17.282932646459898,44.422011031331216,32.797307476684125,33.81933353497718,32.91675255795494,28.602280630438845,22.050139962663778,16.45355994505526,17.282932646459898
30 - 39,16.56974172116181,27.704447286503704,28.440433387225212,37.25054897323906,39.63063954376905,32.58447753030413,24.105756778713513,17.341923859623723,16.56974172116181
40 - 49,14.609518118116286,22.496477252581613,25.167356512026448,32.83208917024629,34.96030302702424,29.276465550318484,21.659174499387003,15.54753024818619,14.609518118116286
50 - 59,11.11761984560187,17.03398252186691,17.162532166277042,19.59958710162119,19.745841188075826,17.466586714432736,14.118137892971259,10.966747209048663,11.11761984560187
60 - 69,7.719481067267106,9.282606201016652,9.787106905560156,11.539419803513516,12.332354312498902,11.30887952254384,9.566904753781946,7.719481067267106,7.719481067267106
70 - 79,4.911285909619847,4.695390289042144,4.632929920824695,5.542678762252756,6.246036821744899,6.008415855700255,5.617359637295357,4.922148582353317,4.911285909619847
80+,4.918293914975049,4.20040629384515,4.7480956339776865,5.498713693760924,5.90238910381877,5.9765780980996706,5.965667951881891,5.047033640344848,4.918293914975049
