Altersgruppen,Fälle pro 1000 Personen,woche1,woche2,woche3,woche4,woche5,woche6,woche7,woche8
0 - 9,15.839315202372529,5.324705961648636,6.4705287635223945,15.064199777575574,29.2858827890675,28.038957975263706,11.020119300374079,13.716172951841742,15.839315202372529
10 - 19,27.495908346972175,11.27477723222404,22.22222222222222,32.98781596653937,50.95471903982542,52.518639752682304,26.004728132387708,27.67775959265321,27.495908346972175
20 - 29,18.081995583935072,16.500566927254283,30.25601241272304,26.436713015456228,28.10765650176046,30.85277794354598,26.7350957808677,23.094826042847767,18.081995583935072
30 - 39,21.479832962416545,12.802880648145832,16.12862894151184,20.82968667950289,32.38228601435323,33.5825560751169,30.106774024155435,23.205221174764322,21.479832962416545
40 - 49,17.740708541621387,9.86198652466855,12.850467289719626,15.974788089545749,26.814822864594653,32.954792436426864,25.99978265594436,20.18582916757227,17.740708541621387
50 - 59,12.153784398554926,8.407296730743498,10.592747870300165,12.688996922527988,17.595111725614377,18.108023727755228,14.896748583916864,14.718344409259176,12.153784398554926
60 - 69,8.10049307349143,5.752524066682319,5.429678328246067,6.046020192533459,8.599436487438366,10.595210143226108,9.890819441183377,10.066917116694059,8.10049307349143
70 - 79,5.412426932236414,3.377354405715523,1.9484736956051094,2.94436025113661,3.550552067547088,5.0227321931153925,4.416540376704915,6.23511582593635,5.412426932236414
80+,4.173187271778821,2.7572844474252927,3.502496460242939,4.247708473060586,2.7572844474252927,3.7260600640882333,4.843878083314703,5.738132498695879,4.173187271778821
