Altersgruppen,Fälle pro 1000 Personen,woche1,woche2,woche3,woche4,woche5,woche6,woche7,woche8
0 - 9,0.2696053651467664,6.706433458025814,3.605971758838001,1.6513328615239444,0.7414147541536077,0.6403127422235703,0.2696053651467664,0.1348026825733832,0.2696053651467664
10 - 19,0.6910347335879251,20.040007274049827,12.002182214948173,5.63738861611202,1.6730314602655028,1.3456992180396434,1.1638479723586106,1.2365884706310237,0.6910347335879251
20 - 29,1.3427224443516144,27.6899206301844,16.94814107537149,9.040997791967536,4.445903204630901,3.0435042071969924,1.939487975174554,1.820134869009966,1.3427224443516144
30 - 39,1.600360081018229,31.482083468780473,20.504613538046062,8.952014203195718,5.601260283563802,3.325748293366007,3.075692030706909,2.1754894851341553,1.600360081018229
40 - 49,1.3040643338404696,28.3362312540752,18.148228645946535,7.851554009997828,4.048033036296458,3.1786568137361444,2.1462725494457726,1.738752445120626,1.3040643338404696
50 - 59,1.7171401810802371,26.693724633156414,16.569287721332678,8.741804558226661,5.173721065072923,3.6349850586503725,2.9659694036840465,2.3861558360465636,1.7171401810802371
60 - 69,1.5261798544259215,22.041559051420524,13.764968302418408,7.748297722470063,4.2850434374266255,3.1991077717774123,2.9349612585113873,1.9370744306175158,1.5261798544259215
70 - 79,1.212383632820957,17.146568521324962,11.301147434509634,5.932019917731111,3.7237497293786537,2.5113660965576963,2.0783719419787836,2.1216713574366746,1.212383632820957
80+,1.341381623071764,18.928385125568226,12.14695580892764,7.67568373202176,4.769356882032938,3.35345405767941,3.20441165511588,2.906326849988822,1.341381623071764
