Altersgruppen,Fälle pro 1000 Personen,woche1,woche2,woche3,woche4,woche5,woche6,woche7,woche8
0 - 9,0.8496176720475787,0.28320589068252616,0.0,0.28320589068252616,0.0,0.28320589068252616,0.0,0.0,0.8496176720475787
10 - 19,0.0,0.7928118393234672,0.7928118393234672,0.2642706131078224,0.0,0.0,0.0,0.0,0.0
20 - 29,0.22593764121102577,0.9037505648441031,0.45187528242205155,0.45187528242205155,0.22593764121102577,0.22593764121102577,0.22593764121102577,0.9037505648441031,0.22593764121102577
30 - 39,1.3253810470510272,1.1044842058758562,1.5462778882261983,0.4417936823503424,0.0,0.6626905235255136,0.0,0.4417936823503424,1.3253810470510272
40 - 49,0.0,1.9051651143099069,1.9051651143099069,0.42337002540220153,0.8467400508044031,0.21168501270110077,0.42337002540220153,0.0,0.0
50 - 59,0.9067827348567282,1.088139281828074,1.088139281828074,1.2694958287994198,0.544069640914037,0.9067827348567282,1.088139281828074,0.3627130939426913,0.9067827348567282
60 - 69,0.8465608465608466,1.6931216931216932,1.2698412698412698,0.4232804232804233,0.8465608465608466,0.6349206349206349,0.6349206349206349,0.0,0.8465608465608466
70 - 79,0.0,1.7084282460136675,1.9931662870159454,1.4236902050113895,0.2847380410022779,0.8542141230068337,0.8542141230068337,0.8542141230068337,0.0
80+,0.4816955684007707,6.262042389210019,1.9267822736030829,1.445086705202312,2.4084778420038533,4.335260115606936,3.371868978805395,1.445086705202312,0.4816955684007707
