Altersgruppen,Fälle pro 1000 Personen,woche1,woche2,woche3,woche4,woche5,woche6,woche7,woche8
0 - 9,13.513968927981667,6.4705287635223945,15.064199777575574,29.2858827890675,28.00525730462036,10.986418629730732,13.749873622485087,15.839315202372529,13.513968927981667
10 - 19,25.822876886706673,22.22222222222222,32.98781596653937,50.918348790689215,52.518639752682304,26.004728132387708,27.67775959265321,27.605019094380797,25.822876886706673
20 - 29,21.96097153428418,30.25601241272304,26.436713015456228,28.10765650176046,30.85277794354598,26.764934057408844,23.12466431938891,18.081995583935072,21.96097153428418
30 - 39,20.779675426971068,16.12862894151184,20.82968667950289,32.38228601435323,33.5825560751169,30.106774024155435,23.205221174764322,21.504838588682453,20.779675426971068
40 - 49,19.832645077157142,12.850467289719626,15.974788089545749,26.814822864594653,32.98196044338187,25.99978265594436,20.18582916757227,17.740708541621387,19.832645077157142
50 - 59,13.00120422817894,10.592747870300165,12.688996922527988,17.595111725614377,18.108023727755228,14.896748583916864,14.718344409259176,12.153784398554926,13.00120422817894
60 - 69,9.53862409016201,5.429678328246067,6.046020192533459,8.599436487438366,10.624559755811223,9.861469828598262,10.066917116694059,8.10049307349143,9.53862409016201
70 - 79,5.715522840441654,1.9484736956051094,2.94436025113661,3.550552067547088,5.0227321931153925,4.416540376704915,6.23511582593635,5.412426932236414,5.715522840441654
80+,5.141962888441762,3.502496460242939,4.247708473060586,2.7572844474252927,3.8005812653699977,4.769356882032938,5.738132498695879,4.173187271778821,5.141962888441762
