Altersgruppen,Fälle pro 1000 Personen,woche1,woche2,woche3,woche4,woche5,woche6,woche7,woche8
0 - 9,0.2307763315794332,0.6230960952644696,0.576940828948583,0.48463029631680976,0.5538631957906397,0.5307855626326964,0.8307947936859595,0.4384750300009231,0.2307763315794332
10 - 19,0.7572981556125564,0.8794430194210333,1.1481617197996825,0.9038719921827287,0.7817271283742518,0.8305850738976426,0.4885794552339074,0.9038719921827287,0.7572981556125564
20 - 29,1.3351385911467146,2.482229493399526,1.9556959644965963,1.9368911956072061,1.7300387378239122,1.391552897814886,1.560795817819399,1.128286133363421,1.3351385911467146
30 - 39,1.6839227062805315,2.8843428533319995,2.2174427716367395,2.3508227879757917,2.100735257340069,1.8839927307891096,1.9506827389586356,1.5672151919838608,1.6839227062805315
40 - 49,1.6734444164537374,2.591139741605787,2.0873070140713286,2.465181559722172,2.177277143988196,1.763414546370605,2.015330910137834,1.8533846762874726,1.6734444164537374
50 - 59,1.9155854608673257,3.2677634332442613,2.076559029007437,2.092656385821448,2.1248510994494705,1.8511960336112812,1.754611892727214,2.173143169891504,1.9155854608673257
60 - 69,2.0167778755176036,2.939346478147997,2.1884185457744216,2.381514299813341,1.909502456607093,1.9524126241712976,1.630586367439765,2.4244244673775452,2.0167778755176036
70 - 79,1.993837230378829,2.930336535556764,2.235514470424748,2.4167724004591866,1.8729986103558696,1.84278895535013,2.235514470424748,2.6584496405051055,1.993837230378829
80+,2.1379438557352666,3.3928239449711843,1.6266964119724856,1.7196504926566276,1.3943112102621305,1.8126045733407696,1.3943112102621305,1.8590816136828408,2.1379438557352666
