Altersgruppen,Fälle pro 1000 Personen,woche1,woche2,woche3,woche4,woche5,woche6,woche7,woche8
0 - 9,5.0004848115468254,19.946532212264348,11.247627886360174,8.782014876788608,11.275331403321651,14.281162993642043,13.006801213414043,8.948235978557479,5.0004848115468254
10 - 19,13.978021978021978,34.76923076923077,22.564102564102566,18.036630036630036,21.5970695970696,34.46153846153846,36.84981684981685,29.128205128205128,13.978021978021978
20 - 29,18.599222756111793,29.090773643237608,23.441477011708326,18.33848598850275,20.01465092313232,35.29879191964341,38.36555294818788,32.00854223314833,18.599222756111793
30 - 39,20.214558922966685,32.375589128745446,24.6349167902954,17.34839080807775,19.407187622997974,30.629648692563098,36.432629911088235,32.62789265998567,20.214558922966685
40 - 49,18.188287496337225,27.82661475993135,21.27548243961656,16.147599313491565,18.104566955502534,28.538239357026246,33.56147180710788,31.541713759470888,18.188287496337225
50 - 59,18.49543196323242,16.002083992333887,13.564557244664423,11.703849803695364,12.866791954301027,20.54221014829838,28.775840574586457,29.789926129914594,18.49543196323242
60 - 69,13.861215654441247,9.999262047081396,8.929230315105896,7.133544879836666,7.52711976975869,13.123262735837454,20.010823309472855,21.36373699357981,13.861215654441247
70 - 79,11.534568806058703,4.851149966844658,4.973301225002618,4.5021463721076325,4.60684745052874,7.2767249502669875,13.00038390395421,15.30380762921858,11.534568806058703
80+,8.532475963767892,4.606300429715275,5.750146845147928,5.162766253439268,4.049834605991282,6.615760348718583,10.78925402664853,12.675054873713172,8.532475963767892
