Altersgruppen,Fälle pro 1000 Personen,woche1,woche2,woche3,woche4,woche5,woche6,woche7,woche8
0 - 9,0.2307763315794332,0.2307763315794332,0.16154343210560324,0.2307763315794332,0.18462106526354657,0.18462106526354657,0.06923289947382996,0.06923289947382996,0.2307763315794332
10 - 19,0.7084402100891658,0.5130084279956028,0.2687187003786491,0.2687187003786491,0.21986075485525833,0.43972150971051666,0.09771589104678148,0.19543178209356296,0.7084402100891658
20 - 29,1.241114746699763,1.391552897814886,1.353943360036105,1.0530670578058594,0.6581669111286623,0.6205573733498815,0.5453382977923201,1.0530670578058594,1.241114746699763
30 - 39,1.8506477267043466,1.7339402124076762,1.5505426899414796,1.1837476450090865,0.8169526000766936,0.8669701062038381,0.6835725837376415,0.8169526000766936,1.8506477267043466
40 - 49,1.457516104653255,1.2955698708028935,1.4215280526865082,1.0976355849857846,1.007665455068917,0.6657789613848203,0.4318566236009645,0.8817072731853025,1.457516104653255
50 - 59,1.5775409677730916,1.9316828176813368,1.7063198222851808,1.2394964746788577,0.9497440520266572,0.917549338398635,0.5956022021184122,0.9980361224686907,1.5775409677730916
60 - 69,1.630586367439765,2.2313287133386255,1.523310948529254,1.3945804458366409,0.879658435066189,1.1585745242335173,0.6865626810272695,1.5018558647471518,1.630586367439765
70 - 79,2.175095160413268,2.2657241254304874,0.9667089601836747,1.2083862002295933,0.9364993051779348,1.299015165246813,1.9032082653616096,1.7521599903329104,2.175095160413268
80+,1.3013571295779884,1.6266964119724856,0.8830637664993494,1.2084030488938464,0.7901096858152072,0.8830637664993494,0.7436326454731362,1.2084030488938464,1.3013571295779884
