Altersgruppen,Fälle pro 1000 Personen,woche1,woche2,woche3,woche4,woche5,woche6,woche7,woche8
0 - 9,0.0,0.28320589068252616,0.0,0.28320589068252616,0.0,0.0,0.8496176720475787,0.0,0.0
10 - 19,0.0,0.2642706131078224,0.0,0.0,0.0,0.0,0.0,0.0,0.0
20 - 29,1.8075011296882062,0.45187528242205155,0.22593764121102577,0.22593764121102577,0.22593764121102577,0.9037505648441031,0.22593764121102577,0.6778129236330773,1.8075011296882062
30 - 39,1.9880715705765406,0.4417936823503424,0.0,0.6626905235255136,0.0,0.4417936823503424,1.3253810470510272,0.8835873647006848,1.9880715705765406
40 - 49,1.0584250635055037,0.42337002540220153,0.8467400508044031,0.21168501270110077,0.42337002540220153,0.0,0.0,1.0584250635055037,1.0584250635055037
50 - 59,1.2694958287994198,1.2694958287994198,0.544069640914037,0.9067827348567282,1.088139281828074,0.3627130939426913,1.088139281828074,1.088139281828074,1.2694958287994198
60 - 69,0.8465608465608466,0.4232804232804233,0.8465608465608466,0.6349206349206349,0.6349206349206349,0.0,0.8465608465608466,0.0,0.8465608465608466
70 - 79,1.7084282460136675,1.4236902050113895,0.2847380410022779,0.8542141230068337,0.8542141230068337,0.8542141230068337,0.0,0.5694760820045558,1.7084282460136675
80+,0.0,1.445086705202312,2.4084778420038533,4.335260115606936,3.371868978805395,1.445086705202312,0.4816955684007707,0.4816955684007707,0.0
