Altersgruppen,Fälle pro 1000 Personen,woche1,woche2,woche3,woche4,woche5,woche6,woche7,woche8
0 - 9,2.537212449255751,12.686062246278755,11.671177266576455,9.641407307171853,8.288227334235454,5.581867388362652,3.7212449255751014,4.736129905277402,2.537212449255751
10 - 19,4.5705579889544845,31.04170634164921,21.519710531327366,34.27918491715864,27.99466768234622,20.948390782708056,16.758712626166442,7.808036564463912,4.5705579889544845
20 - 29,5.805274506551667,28.694642560955383,18.74274340686681,18.411013435063857,31.348482335379,29.523967490462763,21.230718195388953,12.274008956709238,5.805274506551667
30 - 39,11.00891861761427,26.755852842809364,17.837235228539576,24.38684503901895,32.608695652173914,36.51059085841695,24.38684503901895,17.41917502787068,11.00891861761427
40 - 49,8.40216462546283,27.342637425234976,18.22842495015665,21.076616348618625,28.19709484477357,28.90914269438906,20.50697806892623,16.09228140131017,8.40216462546283
50 - 59,8.437856328392247,15.39338654503991,12.65678449258837,13.112884834663626,20.9806157354618,29.076396807297606,28.62029646522235,18.70011402508552,8.437856328392247
60 - 69,6.9812901424183185,11.728567439262775,9.354928790840548,12.147444847807874,10.75118681932421,19.826864004468025,20.10611561016476,16.05696732756213,6.9812901424183185
70 - 79,7.030936118923263,4.620329449578144,5.02209722780233,7.231820008035355,7.231820008035355,12.856568903173965,18.280433909200482,10.646846122940941,7.030936118923263
80+,8.308408109006313,2.6586905948820205,5.317381189764041,5.982053838484546,8.97308075772682,13.958125623130607,20.272515785975408,17.281488866733135,8.308408109006313
