Altersgruppen,Fälle pro 1000 Personen,woche1,woche2,woche3,woche4,woche5,woche6,woche7,woche8
0 - 9,7.9793211957743315,4.195699408106691,3.4651981718738294,4.757623435978123,10.077170899827676,20.66007342473964,23.56334756874204,12.137559002022925,7.9793211957743315
10 - 19,25.388551018438072,8.012356405058403,10.86977507481417,23.824693503233902,27.33854619171735,43.09296264118158,49.59938217974708,33.53605560382277,25.388551018438072
20 - 29,24.079901491312082,8.999559143217647,14.791505145862788,32.547392104103004,24.353536735531538,30.95118651282285,32.53219014609081,30.662349310591203,24.079901491312082
30 - 39,26.750568276320895,8.995398347840549,10.935854077729113,16.050340965792536,19.196651327826135,30.24338859012031,35.59350224538449,31.989798747020014,26.750568276320895
40 - 49,22.37133099640434,8.60551535302171,9.538281003174411,12.968451458574673,17.060584633438143,26.598865636612558,31.789255141494532,27.59180971580737,22.37133099640434
50 - 59,16.793454858619207,5.610866813680077,7.502903297362893,10.373579341571304,11.026005715255033,15.945300572830355,18.22879288072341,18.907316309354492,16.793454858619207
60 - 69,11.085379559309334,3.4056465619997955,4.597622858699724,4.904131049279706,5.976909716309642,8.497088172189489,11.425944215509315,11.255661887409325,11.085379559309334
70 - 79,6.161769439462914,2.1152342851887616,2.4371177633696606,2.276176024279211,2.3221593783050536,3.6096932910286474,5.724927576217409,5.7019358992044875,6.161769439462914
80+,4.066600168802271,1.4194736438272078,1.9949359318652653,2.340213304688099,2.340213304688099,4.143328473874012,3.8747794061229186,5.064068134734904,4.066600168802271
