Altersgruppen,Fälle pro 1000 Personen,woche1,woche2,woche3,woche4,woche5,woche6,woche7,woche8
0 - 9,0.0,0.0,0.0,0.0,0.0,0.0,0.0,0.0,0.0
10 - 19,0.0,1.2055455093429777,0.0,1.2055455093429777,0.6027727546714888,0.0,0.6027727546714888,0.0,0.0
20 - 29,0.48123195380173245,2.4061597690086622,2.4061597690086622,0.48123195380173245,0.48123195380173245,0.48123195380173245,0.48123195380173245,0.0,0.48123195380173245
30 - 39,0.48146364949446313,3.370245546461242,1.9258545979778525,2.888781896966779,1.4443909484833894,1.9258545979778525,1.4443909484833894,0.9629272989889263,0.48146364949446313
40 - 49,0.5115089514066495,4.092071611253196,2.557544757033248,2.046035805626598,2.557544757033248,1.5345268542199488,0.0,0.0,0.5115089514066495
50 - 59,0.0,2.039151712887439,1.6313213703099512,0.8156606851549756,1.6313213703099512,0.8156606851549756,0.4078303425774878,0.8156606851549756,0.0
60 - 69,1.0198878123406425,3.0596634370219276,0.0,3.569607343192249,1.0198878123406425,0.0,0.5099439061703213,0.5099439061703213,1.0198878123406425
70 - 79,1.4367816091954022,2.8735632183908044,1.4367816091954022,3.5919540229885056,1.4367816091954022,2.155172413793103,0.7183908045977011,0.0,1.4367816091954022
80+,2.074688796680498,1.037344398340249,2.074688796680498,0.0,0.0,2.074688796680498,0.0,0.0,2.074688796680498
