Altersgruppen,Fälle pro 1000 Personen,woche1,woche2,woche3,woche4,woche5,woche6,woche7,woche8
0 - 9,3.713809307260876,8.337122934667272,21.752311656813703,34.03061997877823,38.80551765954222,22.81340003031681,6.366530241018645,3.1832651205093225,3.713809307260876
10 - 19,11.331666145670521,29.931228508909033,42.74773366677086,59.70615817442951,51.734917161613005,44.1544232572679,14.53579243513598,10.472022507033447,11.331666145670521
20 - 29,15.169720636827876,41.3787924301592,29.888855512165815,33.41844397717032,31.390808050465605,28.086512466206067,18.774406728747373,15.620306398317814,15.169720636827876
30 - 39,11.632310772060812,25.591083698533787,28.079857166044473,33.86896066655846,35.70848888167506,31.921224909376182,20.667640534545257,12.822593734783315,11.632310772060812
40 - 49,10.841083080717258,17.00662796074603,23.583209166110052,30.87910394081077,32.52324924215178,26.97425885012588,18.085598314751067,12.228330678723733,10.841083080717258
50 - 59,9.396165219879805,12.973385481255367,15.024325097777353,17.790708766574454,17.50453114566441,17.695316226271107,10.827053324430029,8.251454736239626,9.396165219879805
60 - 69,6.466577634076052,7.3803331693259295,10.051310887748647,10.051310887748647,11.949110845575316,11.175933084979263,9.13755535249877,7.310044281999016,6.466577634076052
70 - 79,5.243736647892795,2.0392309186249755,2.816080792386871,4.175568071470188,4.952417945232084,5.1466304136725585,6.214798990095164,4.078461837249951,5.243736647892795
80+,3.1399768633283753,3.305238803503553,3.305238803503553,3.801024624029086,5.123120145430507,3.305238803503553,3.1399768633283753,5.784167906131217,3.1399768633283753
