Altersgruppen,Fälle pro 1000 Personen,woche1,woche2,woche3,woche4,woche5,woche6,woche7,woche8
0 - 9,13.024357239512856,3.3829499323410013,2.875507442489851,5.412719891745603,13.024357239512856,24.69553450608931,22.15832205683356,10.148849797023004,13.024357239512856
10 - 19,30.851266425442773,12.18815463721196,11.807274804799086,16.187392877547133,27.804227766139785,48.562178632641405,39.99238240335174,30.089506760617027,30.851266425442773
20 - 29,27.865317631448,9.288439210482666,13.435063858019573,27.699452645546526,23.552827998009622,26.704262730137668,34.66578205340853,30.85088737767457,27.865317631448
30 - 39,26.198439241917505,10.590858416945373,13.795986622073578,13.656633221850614,14.771460423634336,24.24749163879599,33.16610925306578,31.21516164994426,26.198439241917505
40 - 49,26.77299914554258,11.677584733694106,11.677584733694106,8.54457419538593,18.22842495015665,26.63058957561948,26.203360865850186,26.915408715465677,26.77299914554258
50 - 59,15.279361459521095,5.24515393386545,6.841505131128849,6.613454960091221,10.4903078677309,15.051311288483467,19.04218928164196,14.481185860889395,15.279361459521095
60 - 69,11.449315833566043,3.4906450712091592,5.305780508237922,6.143535325328121,4.607651493996091,7.1209159452666855,11.58894163641441,9.63418039653728,11.449315833566043
70 - 79,4.620329449578144,2.209722780233025,1.8079550020088389,1.6070711128967456,1.8079550020088389,3.013258336681398,5.62474889513861,5.825632784250703,4.620329449578144
80+,2.6586905948820205,0.9970089730807576,2.326354270521768,1.6616816218012629,2.991026919242273,11.299435028248588,14.955134596211366,5.982053838484546,2.6586905948820205
