Altersgruppen,Fälle pro 1000 Personen,woche1,woche2,woche3,woche4,woche5,woche6,woche7,woche8
0 - 9,0.0,0.5698005698005698,0.0,0.0,0.0,0.0,0.0,0.0,0.0
10 - 19,0.0,0.0,0.0,0.6027727546714888,0.0,0.6027727546714888,0.0,0.0,0.0
20 - 29,0.0,1.4436958614051971,0.0,0.48123195380173245,0.0,0.48123195380173245,0.0,0.48123195380173245,0.0
30 - 39,0.0,3.370245546461242,0.48146364949446313,0.48146364949446313,0.48146364949446313,0.48146364949446313,0.48146364949446313,0.48146364949446313,0.0
40 - 49,0.0,2.046035805626598,0.5115089514066495,2.046035805626598,2.046035805626598,0.5115089514066495,1.023017902813299,0.0,0.0
50 - 59,0.4078303425774878,1.6313213703099512,2.039151712887439,1.6313213703099512,0.0,0.8156606851549756,0.0,0.4078303425774878,0.4078303425774878
60 - 69,1.0198878123406425,1.0198878123406425,2.039775624681285,1.5298317185109638,1.0198878123406425,1.0198878123406425,0.5099439061703213,1.5298317185109638,1.0198878123406425
70 - 79,0.7183908045977011,1.4367816091954022,0.7183908045977011,0.7183908045977011,1.4367816091954022,2.155172413793103,2.8735632183908044,0.0,0.7183908045977011
80+,0.0,1.037344398340249,0.0,0.0,2.074688796680498,0.0,0.0,1.037344398340249,0.0
