Altersgruppen,Fälle pro 1000 Personen,woche1,woche2,woche3,woche4,woche5,woche6,woche7,woche8
0 - 9,10.218008779372164,43.011545981039504,16.636541370024712,11.80419786786676,13.83304437640636,22.354199712272678,20.989339333800583,16.56276513335055,10.218008779372164
10 - 19,18.530028746795118,53.33695905524046,27.076373242172323,19.34581617589931,22.764353974050188,44.09136819205967,43.35327480382255,33.835754797607024,18.530028746795118
20 - 29,15.43980037429819,30.53649407361198,24.17342482844666,18.714909544603866,20.74235807860262,42.233312538989395,41.048034934497814,31.87772925764192,15.43980037429819
30 - 39,18.8221648125692,36.721674487267364,25.72889755891812,18.95397268940792,17.68861707175621,38.32973058469974,37.43343702219644,34.77091791005431,18.8221648125692
40 - 49,20.35331336263613,32.25174276995436,23.06895489795347,19.23346118312383,15.873904644586913,30.963912763515214,38.35493714829642,35.3313362636132,20.35331336263613
50 - 59,17.593501129543846,16.247176140382905,15.288775300641216,12.071286767222691,13.120963877415969,24.553316751477535,31.923875590443373,31.62722771147571,17.593501129543846
60 - 69,14.159140765220364,10.370074926640266,9.942736674168827,8.20489444745164,9.145038602888807,16.096407509757555,22.10763226118914,25.070510811657787,14.159140765220364
70 - 79,12.065695492514426,5.649489528267624,4.9634800855494134,4.640652112505548,4.640652112505548,9.240950728380614,15.657156692627415,18.320487470239296,12.065695492514426
80+,14.151253866912393,4.936483907062462,8.03001382215494,7.437635753307444,7.108536826169947,7.700914895017442,15.270190219179886,16.12584742973738,14.151253866912393
