Altersgruppen,Fälle pro 1000 Personen,woche1,woche2,woche3,woche4,woche5,woche6,woche7,woche8
0 - 9,11.043796541713997,3.9126593462072448,5.490344566452102,13.883629938154739,22.971096806765114,34.078000757288905,21.772056039379024,21.014767133661493,11.043796541713997
10 - 19,23.601914377499508,11.079787582770603,23.142988264603687,29.240149478791057,35.92735855241592,48.515046220415655,43.00793286566577,39.336523962499186,23.601914377499508
20 - 29,16.299918500407497,17.006248302091823,34.5558272208639,27.65552838902472,30.209182287421896,35.37082314588427,29.122521054061398,22.22222222222222,16.299918500407497
30 - 39,18.06622758873033,15.504939626783754,21.084888401024514,22.594218807171607,30.826930113428467,39.88291255031101,32.24478594950603,28.54006586169045,18.06622758873033
40 - 49,18.58019281332165,11.174408413672216,15.205959684487292,20.508326029798422,25.85451358457493,31.63891323400526,29.88606485539001,26.599474145486415,18.58019281332165
50 - 59,12.600694701056833,9.274998152390806,13.376690562412238,14.152686423767646,16.222008720715394,20.730175153351563,17.071908949818937,16.813243662700465,12.600694701056833
60 - 69,8.276212236608275,7.057628839807058,7.971566387407972,8.834729626808835,12.592028433612592,14.419903528814421,12.947448591012947,10.408733181010408,8.276212236608275
70 - 79,4.375556214773064,3.485612577870068,4.375556214773064,4.894690002966478,4.820528033224562,5.784633639869475,7.045387125482053,6.377929397804806,4.375556214773064
80+,4.528985507246377,4.140786749482402,2.846790890269151,3.4937888198757765,3.3643892339544514,5.693581780538302,6.728778467908903,6.858178053830228,4.528985507246377
