Altersgruppen,Fälle pro 1000 Personen,woche1,woche2,woche3,woche4,woche5,woche6,woche7,woche8
0 - 9,0.31842361579381134,0.03746160185809545,0.05619240278714318,0.22476961114857272,0.2809620139357159,0.31842361579381134,0.31842361579381134,0.24350041207762044,0.31842361579381134
10 - 19,1.0039579109952699,0.3475238922675934,0.25098947774881747,0.5212858384013901,1.0425716768027802,1.4094024519741288,2.4326672458731537,2.6450429578144607,1.0039579109952699
20 - 29,3.4508444687675772,0.8513096486827504,1.1857527249509736,1.7634271294142685,2.493121113999483,3.2988248886456577,7.129718307718035,5.731138170596373,3.4508444687675772
30 - 39,3.437378721516882,0.6930199035316295,1.4553417974164218,2.148361700948051,2.5641736430670288,3.298774740810556,6.763874258468704,5.059045295780894,3.437378721516882
40 - 49,3.339902811837097,0.7221411485053183,1.173479366321142,1.654906798658021,2.091200409213317,3.309813597316042,4.7240066798056235,4.528426785418767,3.339902811837097
50 - 59,4.058092044312799,0.9264454506308963,1.2004645275780628,2.10081292326161,2.387880527682451,3.927606769576053,4.658324308101831,5.532575648838029,4.058092044312799
60 - 69,3.83135238224977,0.8343834076899499,1.1749480638899295,1.9752750059598814,2.366924360589858,3.6099853557197834,4.3592275993597385,5.278752171099684,3.83135238224977
70 - 79,3.3337931668735914,0.5747919253230331,0.9886421115556168,1.632409067917414,2.2531843472662896,3.494734905964041,3.540718259989884,4.966202234791005,3.3337931668735914
80+,3.7596869485153075,0.5754622880380573,0.8440113557891507,1.9182076267935242,2.0333000844011355,3.3760454231566026,3.2993171180848613,5.217524744878386,3.7596869485153075
