Altersgruppen,Fälle pro 1000 Personen,woche1,woche2,woche3,woche4,woche5,woche6,woche7,woche8
0 - 9,21.026227452137665,34.047733225128184,49.54074292670331,43.011545981039504,16.636541370024712,11.80419786786676,13.83304437640636,22.354199712272678,21.026227452137665
10 - 19,43.50866288555668,51.16152591096263,69.57501359645715,53.33695905524046,27.076373242172323,19.306969155465776,22.686659933183126,44.09136819205967,43.50866288555668
20 - 29,41.079226450405486,33.90517779164067,34.123518402994385,30.53649407361198,24.17342482844666,18.683718028696195,20.74235807860262,42.233312538989395,41.079226450405486
30 - 39,37.565244899035164,33.53192386777034,40.62318764169347,36.721674487267364,25.72889755891812,18.95397268940792,17.63589392102072,38.32973058469974,37.565244899035164
40 - 49,38.438926061759844,30.236008846832217,34.88339539180828,32.25174276995436,23.06895489795347,19.23346118312383,15.873904644586913,30.963912763515214,38.438926061759844
50 - 59,31.946694658056273,18.0270634141889,18.50626383405974,16.247176140382905,15.288775300641216,12.071286767222691,13.02968760696438,24.553316751477535,31.946694658056273
60 - 69,22.10763226118914,9.942736674168827,12.050938719694596,10.370074926640266,9.942736674168827,8.20489444745164,9.116549386057377,16.096407509757555,22.10763226118914
70 - 79,15.6975101892579,4.681005609136032,5.084540575440862,5.649489528267624,4.9634800855494134,4.640652112505548,4.559945119244582,9.160243735119648,15.6975101892579
80+,15.138550648324886,4.212466267359968,5.660501546764957,4.936483907062462,8.03001382215494,7.437635753307444,7.108536826169947,7.700914895017442,15.138550648324886
