Altersgruppen,Fälle pro 1000 Personen,woche1,woche2,woche3,woche4,woche5,woche6,woche7,woche8
0 - 9,20.25747822794396,6.689385333838192,3.9126593462072448,5.490344566452102,13.883629938154739,22.907989397955323,34.078000757288905,21.772056039379024,20.25747822794396
10 - 19,38.3531108634367,10.227496230249788,11.079787582770603,23.142988264603687,29.240149478791057,35.92735855241592,48.515046220415655,43.2701763587491,38.3531108634367
20 - 29,22.004889975550125,10.812279271936974,17.006248302091823,34.5558272208639,27.65552838902472,30.209182287421896,35.42515620755229,29.231187177397445,22.004889975550125
30 - 39,27.899743871203803,11.251372118551043,15.504939626783754,21.084888401024514,22.594218807171607,30.826930113428467,39.92864983534577,32.47347237467984,27.899743871203803
40 - 49,25.810692375109554,9.15863277826468,11.174408413672216,15.205959684487292,20.508326029798422,25.85451358457493,31.63891323400526,29.929886064855392,25.810692375109554
50 - 59,16.222008720715394,7.538245510309659,9.274998152390806,13.376690562412238,14.152686423767646,16.222008720715394,20.8040795210997,17.034956765944866,16.222008720715394
60 - 69,10.104087331810105,5.128205128205129,7.057628839807058,7.971566387407972,8.834729626808835,12.642802741812643,14.47067783701447,12.947448591012947,10.104087331810105
70 - 79,6.2296054583209735,3.4114506081281517,3.485612577870068,4.375556214773064,4.894690002966478,4.820528033224562,5.784633639869475,7.045387125482053,6.2296054583209735
80+,6.469979296066253,4.011387163561077,4.140786749482402,2.846790890269151,3.4937888198757765,3.3643892339544514,5.693581780538302,6.858178053830228,6.469979296066253
