Altersgruppen,Fälle pro 1000 Personen,woche1,woche2,woche3,woche4,woche5,woche6,woche7,woche8
0 - 9,0.8337122934667273,3.865393360618463,5.608609974230711,9.852963468243141,8.26133090798848,4.547521600727603,1.4400485068970745,0.5305441867515538,0.8337122934667273
10 - 19,1.328540168802751,12.660206314473273,24.69521725539231,30.47827446076899,24.30447014692091,11.019068458893404,5.626758361988122,1.5629884338855893,1.328540168802751
20 - 29,2.1027335536197054,16.4463802943827,31.766296185040552,32.1417843196155,23.054971462901772,13.817963352358065,7.35956743766897,3.9801742264944426,2.1027335536197054
30 - 39,4.003679056430233,12.389763566520587,25.536979927500944,32.84098901693448,28.837309960504246,16.555753936049342,9.684575014878536,5.1939620191527345,4.003679056430233
40 - 49,3.4424292246827317,12.022812516056106,20.91147305143092,30.365308534141704,26.56322252479063,16.390073472743154,9.145558238709345,4.675538200688486,3.4424292246827317
50 - 59,4.197271773347325,9.825431651244873,20.795573786129925,30.621005437374794,25.899074692359058,14.928932557474004,7.679099494419536,4.626538204712391,4.197271773347325
60 - 69,4.568777676249385,6.958599845364448,14.620088563998031,24.601110564419766,21.57868840936248,11.8788219582484,6.677444296056793,4.498488788922471,4.568777676249385
70 - 79,2.6218683239463973,5.243736647892795,10.7787919984463,15.634103709458149,16.993590988541463,11.74985434064867,6.603223926976113,3.4958244319285297,2.6218683239463973
80+,3.6357626838539083,3.305238803503553,5.288382085605686,9.75045447033548,13.882002974714922,10.742026111386547,5.784167906131217,3.801024624029086,3.6357626838539083
