Altersgruppen,Fälle pro 1000 Personen,woche1,woche2,woche3,woche4,woche5,woche6,woche7,woche8
0 - 9,9.580259191631416,36.6262432952442,39.559627419158005,25.618069281241056,16.596658542454804,10.59302944903245,8.232179862523282,8.491074962106653,9.580259191631416
10 - 19,24.31671410644875,48.506294305578116,51.07016143651898,38.81704253570933,27.43738066481616,18.217818052543972,16.364959069944838,21.177212895145132,24.31671410644875
20 - 29,30.638626612749412,33.8174070014083,32.915789291170505,28.615766365421035,22.05110322944822,16.45644974540859,17.29738164822653,27.795063065076377,30.638626612749412
30 - 39,29.26087690934099,37.25054897323906,39.63063954376905,32.59815158900606,24.11299598626159,17.344336928806417,16.585024492652202,24.301215382511682,29.26087690934099
40 - 49,25.717512694791495,32.83208917024629,34.961135335924034,29.288117874915624,21.663336043885984,15.550859483785375,14.621170442713428,20.440674270085903,25.717512694791495
50 - 59,23.827099958510026,19.60112661832071,19.746610946425587,17.470435506181545,14.119677409670782,10.971365759147231,11.126856945799005,17.233349934455077,23.827099958510026
60 - 69,17.755736886341573,11.53838599059437,12.333388125418049,11.307845709624694,9.56897237962024,7.7205148801862515,7.727751570620278,11.76479101988746,17.755736886341573
70 - 79,12.38208908206342,5.542678762252756,6.246036821744899,6.0111315238836225,5.618717471387041,4.924864250536683,4.915359411894898,7.302431745074796,12.38208908206342
80+,11.331277861785903,5.498713693760924,5.90238910381877,5.972214039612559,5.978760127343227,5.097220312946634,4.961934499846167,6.692283689986013,11.331277861785903
