Altersgruppen,Fälle pro 1000 Personen,woche1,woche2,woche3,woche4,woche5,woche6,woche7,woche8
0 - 9,0.2696053651467664,0.3033060357901122,0.37070737707680385,0.6066120715802245,0.3033060357901122,0.4381087183634954,0.505510059650187,0.168503353216729,0.2696053651467664
10 - 19,0.6546644844517185,0.8001454809965448,1.2002182214948172,1.3820694671758502,1.2729587197672305,0.9092562284051646,0.5091834879068922,0.5819239861793053,0.6546644844517185
20 - 29,1.3725607208927613,2.2378707405860236,1.730620039386525,1.6112669332219371,1.5515903801396431,1.1338545085635854,1.2233693381870263,1.2233693381870263,1.3725607208927613
30 - 39,1.5503488284864095,3.200720162036458,2.2505063639318847,3.200720162036458,1.9504388487409667,1.7253882123477782,2.075466980070516,1.900427596209147,1.5503488284864095
40 - 49,1.7930884590306455,3.1514888067811344,2.41795261899587,2.6896326885459683,2.010432514670724,2.173440556400782,1.6300804173005867,2.091936535535753,1.7930884590306455
50 - 59,2.0293474867311896,3.1220730565095223,2.475357923375407,2.653762098033094,2.252352705053298,2.118549574060033,1.8509433120735026,1.5833370500869721,2.0293474867311896
60 - 69,2.2012209438835404,3.551303122798779,1.7022775299366049,1.9957736557877437,1.9664240432026299,2.2599201690537685,2.083822493543085,2.171871331298427,2.2012209438835404
70 - 79,2.424767265641914,3.29075557479974,2.035072526520892,2.2082701883524574,2.3814678501840225,1.1690842173630656,1.5154795410261963,1.212383632820957,2.424767265641914
80+,1.8630300320441167,2.7572844474252927,1.4904240256352934,2.1611148371711755,2.012072434607646,1.1923392205082346,1.9375512333258813,1.2668604217899992,1.8630300320441167
