Altersgruppen,Fälle pro 1000 Personen,woche1,woche2,woche3,woche4,woche5,woche6,woche7,woche8
0 - 9,9.195908316919537,39.56076792620463,25.61920978828768,16.593237021314938,10.591888941985829,8.232179862523282,8.493355976199899,9.601928825517248,9.195908316919537
10 - 19,21.82465408982717,51.068984270710466,38.81586536990081,27.442089328050216,18.220172384160996,16.366136235753352,21.178390060953646,24.28022196638485,21.82465408982717
20 - 29,25.185573346022768,32.91675255795494,28.61383983185215,22.05110322944822,16.457413012193033,17.299308181795414,27.795063065076377,30.495099861867544,25.185573346022768
30 - 39,27.210572460445775,39.63144390016328,32.59815158900606,24.11299598626159,17.34594564159488,16.586633205440666,24.302824095300146,29.22468087160059,27.210572460445775
40 - 49,25.337979836484593,34.962799953723625,29.288117874915624,21.66416835278578,15.549194865985783,14.621170442713428,20.44317119678529,25.725835783789453,25.337979836484593
50 - 59,24.25046705087872,19.747380704775352,17.471975022881065,14.120447168020544,10.97059600079747,11.128396462498527,17.234119692804835,23.859429809199998,24.25046705087872
60 - 69,19.040766344840705,12.333388125418049,11.307845709624694,9.567938566701091,7.722582506024545,7.730853009377717,11.769960084483193,17.755736886341573,19.040766344840705
70 - 79,14.488089758264797,6.246036821744899,6.0111315238836225,5.617359637295357,4.9262220846283675,4.918075080078265,7.30378957916648,12.394309588888573,14.488089758264797
80+,13.729328000453862,5.9002070745752135,5.9765780980996706,5.978760127343227,5.0994023421901895,5.001211026230173,6.729378187126464,11.409830914553917,13.729328000453862
