Altersgruppen,Fälle pro 1000 Personen,woche1,woche2,woche3,woche4,woche5,woche6,woche7,woche8
0 - 9,5.538631957906397,27.46238345795255,28.039324286901135,18.462106526354656,6.66943598264562,9.923382257915629,13.246561432659465,11.631127111603435,5.538631957906397
10 - 19,8.818859166972029,48.931232441675824,41.01624526688653,25.406131672163184,12.727494808843288,25.039697080737756,26.28557469158422,17.56443141565897,8.818859166972029
20 - 29,11.094813644740306,31.479183120839444,28.056715182970404,19.914250253864378,18.14660197826169,50.622437850238825,38.399338072135095,20.873293467223288,11.094813644740306
30 - 39,15.22199436469431,33.611764117441105,30.79411127227863,22.974707814401707,19.073342336484437,47.1331632738125,40.43081745277514,28.40994348021808,15.22199436469431
40 - 49,13.0456688379458,30.841760535502214,27.96271637816245,20.09932702342822,15.90671896930219,34.890416381761256,33.97272105660921,24.147982869687265,13.0456688379458
50 - 59,12.475451530858633,19.397314960883424,17.739287209040274,13.553974437397379,13.40909822607128,34.8346801455201,34.963459000032195,24.226522005086764,12.475451530858633
60 - 69,11.027913064000515,10.963547812654209,10.191164796498532,9.740608037074384,10.126799545152224,23.45040657383767,28.6854470166706,20.618335514600183,11.027913064000515
70 - 79,9.516041326808047,5.196060660987252,5.951302036130747,4.984593075947072,5.46794755603891,11.811975107244274,20.754032988943266,15.346504742915835,9.516041326808047
80+,10.55028815765012,6.553262688232014,5.670198921732664,5.716675962074735,5.391336679680238,8.27291318088864,18.73024725785462,17.382413087934562,10.55028815765012
