Altersgruppen,Fälle pro 1000 Personen,woche1,woche2,woche3,woche4,woche5,woche6,woche7,woche8
0 - 9,53.242707448314924,9.629000283205892,11.894647408666101,9.912206173888418,8.496176720475786,9.062588501840837,15.576323987538942,35.40073633531578,53.242707448314924
10 - 19,66.86046511627906,17.441860465116278,13.477801268498943,16.913319238900634,12.156448202959831,24.841437632135307,43.868921775898514,52.58985200845666,66.86046511627906
20 - 29,38.409399005874384,5.648441030275643,6.552191595119747,11.522819701762314,21.238138273836423,44.05784003615002,37.05377315860822,34.56845910528694,38.409399005874384
30 - 39,44.62116191738458,9.05677048818202,10.823945217583388,11.928429423459244,20.32250938811575,24.519549370444004,30.041970399823285,38.656947205654966,44.62116191738458
40 - 49,42.97205757832345,9.102455546147333,11.642675698560543,11.21930567315834,14.39458086367485,16.29974597798476,19.89839119390347,32.38780694326842,42.97205757832345
50 - 59,18.498367791077257,5.984766050054406,5.984766050054406,5.077983315197679,8.705114254624592,8.523757707653246,15.415306492564381,19.58650707290533,18.498367791077257
60 - 69,12.063492063492065,4.444444444444445,2.7513227513227516,4.2328042328042335,6.560846560846561,7.195767195767195,6.349206349206349,10.158730158730158,12.063492063492065
70 - 79,10.250569476082005,1.7084282460136675,1.4236902050113895,1.7084282460136675,3.416856492027335,2.277904328018223,3.701594533029613,3.132118451025057,10.250569476082005
80+,5.298651252408478,5.780346820809248,0.9633911368015414,0.9633911368015414,2.4084778420038533,3.371868978805395,5.298651252408478,3.371868978805395,5.298651252408478
