Altersgruppen,Fälle pro 1000 Personen,woche1,woche2,woche3,woche4,woche5,woche6,woche7,woche8
0 - 9,13.027470971396205,35.117530444633246,53.242707448314924,35.6839422259983,17.84197111299915,9.629000283205892,3.3984706881903146,4.248088360237893,13.027470971396205
10 - 19,16.913319238900634,52.854122621564485,66.86046511627906,48.09725158562368,26.691331923890065,15.856236786469344,11.892177589852007,28.01268498942918,16.913319238900634
20 - 29,27.56439222774514,34.56845910528694,37.957523723452326,31.40533212833258,18.978761861726163,15.137821961138725,23.94938996836873,56.71034794396747,27.56439222774514
30 - 39,36.668875635078415,38.656947205654966,44.17936823503424,36.0061851115529,24.961343052794344,19.659818864590235,18.77623149988955,48.15551137618732,36.668875635078415
40 - 49,27.9424216765453,32.38780694326842,42.97205757832345,26.037256562235395,22.01524132091448,12.912785774767146,13.547840812870449,30.48264182895851,27.9424216765453
50 - 59,32.10010881392818,19.58650707290533,18.317011244105913,19.405150525933987,14.689880304678999,13.057671381936888,11.969532100108813,33.73231773667029,32.10010881392818
60 - 69,25.82010582010582,10.158730158730158,12.063492063492065,11.64021164021164,7.619047619047619,8.677248677248677,10.158730158730158,20.317460317460316,25.82010582010582
70 - 79,19.646924829157175,3.132118451025057,10.250569476082005,3.416856492027335,4.840546697038724,4.840546697038724,4.555808656036446,7.403189066059226,19.646924829157175
80+,17.341040462427745,3.371868978805395,5.298651252408478,6.74373795761079,6.262042389210019,4.816955684007707,6.262042389210019,24.084778420038536,17.341040462427745
