Altersgruppen,Fälle pro 1000 Personen,woche1,woche2,woche3,woche4,woche5,woche6,woche7,woche8
0 - 9,10.588467420845959,7.068862674968037,10.882718238874638,19.792359287091855,36.62738380229082,39.559627419158005,25.60780471782145,16.601220570641296,10.588467420845959
10 - 19,18.19192040475669,16.233116499391407,31.95534303788826,36.39796679921554,48.5133573004292,51.05956694424236,38.80291654600717,27.42325467511401,18.19192040475669
20 - 29,16.432368075797537,24.29166177006051,44.42104776454677,32.79827074346857,33.81837026819274,32.91771582473939,28.603243897223287,22.042433828388244,16.432368075797537
30 - 39,17.316988811402556,17.93795194774901,27.70042550453255,28.43802031804252,37.2489402604506,39.629835187374816,32.58769495588105,24.10334370953082,17.316988811402556
40 - 49,15.524225598991908,14.990715594222777,22.492315708082636,25.167356512026448,32.830424552446694,34.96030302702424,29.276465550318484,21.656677572687617,15.524225598991908
50 - 59,10.946733491954872,11.639516006740003,17.032443005167387,17.162532166277042,19.59958710162119,19.74122263797726,17.4673564727825,14.113519342872692,10.946733491954872
60 - 69,7.7081091251564935,7.314226402961667,9.282606201016652,9.78917453139845,11.537352177675224,12.333388125418049,11.31198096130128,9.564837127943653,7.7081091251564935
70 - 79,4.911285909619847,3.8589644885650003,4.695390289042144,4.632929920824695,5.542678762252756,6.247394655836582,6.008415855700255,5.61464396911199,4.911285909619847
80+,5.001211026230173,3.4192398246521303,4.20040629384515,4.7480956339776865,5.498713693760924,5.911117220792993,5.978760127343227,5.950393747177,5.001211026230173
