Altersgruppen,Fälle pro 1000 Personen,woche1,woche2,woche3,woche4,woche5,woche6,woche7,woche8
0 - 9,9.20161085215265,39.56076792620463,25.61920978828768,16.593237021314938,10.591888941985829,8.233320369569903,8.493355976199899,9.603069332563871,9.20161085215265
10 - 19,21.81759109497609,51.068984270710466,38.81586536990081,27.442089328050216,18.220172384160996,16.368490567370376,21.179567226762156,24.28022196638485,21.81759109497609
20 - 29,25.193279480298305,32.91675255795494,28.61383983185215,22.05110322944822,16.457413012193033,17.299308181795414,27.79602633186082,30.497026395436425,25.193279480298305
30 - 39,27.22263780635924,39.63144390016328,32.59815158900606,24.11299598626159,17.34594564159488,16.588241918229127,24.303628451694376,29.22548522799482,27.22263780635924
40 - 49,25.33881214538439,34.962799953723625,29.288117874915624,21.66416835278578,15.549194865985783,14.621170442713428,20.44317119678529,25.725835783789453,25.33881214538439
50 - 59,24.261243667775375,19.746610946425587,17.471975022881065,14.120447168020544,10.97059600079747,11.133784770946857,17.234119692804835,23.859429809199998,24.261243667775375
60 - 69,19.056273538627902,12.333388125418049,11.307845709624694,9.567938566701091,7.722582506024545,7.731886822296864,11.770993897402338,17.757804512179867,19.056273538627902
70 - 79,14.500310265089949,6.246036821744899,6.0111315238836225,5.617359637295357,4.9262220846283675,4.919432914169949,7.3051474132581635,12.39295175479689,14.500310265089949
80+,13.772968585324982,5.9002070745752135,5.9765780980996706,5.978760127343227,5.0994023421901895,5.00339305547373,6.727196157882908,11.409830914553917,13.772968585324982
