Altersgruppen,Fälle pro 1000 Personen,woche1,woche2,woche3,woche4,woche5,woche6,woche7,woche8
0 - 9,0.10110201193003741,0.6403127422235703,0.2696053651467664,0.1348026825733832,0.2696053651467664,0.20220402386007483,0.168503353216729,0.0674013412866916,0.10110201193003741
10 - 19,0.2545917439534461,1.3456992180396434,1.1638479723586106,1.2365884706310237,0.7274049827241317,0.4000727404982724,0.4000727404982724,0.2545917439534461,0.2545917439534461
20 - 29,1.1935310616458794,3.0435042071969924,1.939487975174554,1.820134869009966,1.3427224443516144,0.9846631258578504,0.8354717431521156,0.6862803604463806,1.1935310616458794
30 - 39,1.3002925658273112,3.325748293366007,3.075692030706909,2.1754894851341553,1.600360081018229,1.2252756870295818,1.1502588082318523,0.6001350303818359,1.3002925658273112
40 - 49,0.7335361877852641,3.1786568137361444,2.1462725494457726,1.738752445120626,1.3312323407954791,1.1682242990654206,0.7335361877852641,0.46185611823516626,0.7335361877852641
50 - 59,1.1596271352749654,3.6349850586503725,2.9659694036840465,2.3861558360465636,1.7171401810802371,1.5164354845903394,0.6913161767985371,0.8028187859595914,1.1596271352749654
60 - 69,0.9978868278938718,3.1991077717774123,2.9349612585113873,1.9370744306175158,1.5261798544259215,1.5261798544259215,1.0859356656492134,0.9391876027236441,0.9978868278938718
70 - 79,1.6020783719419789,2.5113660965576963,2.0783719419787836,2.1216713574366746,1.212383632820957,1.385581294652522,1.1690842173630656,0.9958865555315002,1.6020783719419789
80+,0.670690811535882,3.35345405767941,3.20441165511588,2.906326849988822,1.341381623071764,2.2356360384529395,0.670690811535882,0.37260600640882335,0.670690811535882
