Altersgruppen,Fälle pro 1000 Personen,woche1,woche2,woche3,woche4,woche5,woche6,woche7,woche8
0 - 9,0.6639861300675053,0.6639861300675053,0.995979195101258,0.4426574200450035,0.36888118337083625,0.4426574200450035,0.5533217750562544,0.8115386034158397,0.6639861300675053
10 - 19,1.1265635925724498,2.486209307746096,1.4761867764742445,1.8258099603760392,1.9035040012431046,1.3207986947401136,0.776940408670655,1.0100225312718514,1.1265635925724498
20 - 29,1.4971927635683093,7.8290704928259505,5.396132252027449,2.8696194635059262,2.9943855271366187,2.526512788521522,1.8091079226450406,1.8091079226450406,1.4971927635683093
30 - 39,2.425264933832446,6.906732746348921,6.03680075921337,3.98059788052934,3.268835345600253,3.506089523909949,2.7943269889808615,3.084304318026045,2.425264933832446
40 - 49,2.6876452308295304,5.431283070634676,4.591393936000448,3.4155491475125284,3.723508496878412,2.883619362244184,2.295696968000224,2.071726532097763,2.6876452308295304
50 - 59,2.167811423225247,6.845720283869201,5.111471145289003,4.084613102708624,3.263126668644319,2.6013737078702963,2.1221732879994524,2.3960020993542206,2.167811423225247
60 - 69,1.9942451782000514,6.068203185094442,5.298994330645851,3.27625993561437,2.5355402979972084,2.9343893336372187,2.4500726475029198,2.5355402979972084,1.9942451782000514
70 - 79,2.622977280981397,7.505750373269844,5.286308058593277,3.1475727371776765,2.744037770872846,1.8562608450022196,2.25979581130705,2.824744764133812,2.622977280981397
80+,3.1593497005199764,5.528861975909958,5.1997630487724615,4.804844336207464,3.6859079839399724,3.356809056802475,2.435332060817482,1.974593562824985,3.1593497005199764
