Altersgruppen,Fälle pro 1000 Personen,woche1,woche2,woche3,woche4,woche5,woche6,woche7,woche8
0 - 9,0.5956256146717825,0.42940451290291304,0.5125150637873478,0.747994957959913,0.5956256146717825,0.5679220977103043,0.40170099594143477,0.5540703392295652,0.5956256146717825
10 - 19,1.3479853479853479,1.421245421245421,1.8754578754578755,2.227106227106227,2.021978021978022,1.5824175824175826,1.0256410256410255,1.3479853479853479,1.3479853479853479
20 - 29,2.843272370593859,3.166089320966961,5.078158950099949,7.039892725444184,6.928148396468879,5.00366273078308,3.3150817596007003,2.7687761512769895,2.843272370593859
30 - 39,2.997365951133852,3.5221572961135164,5.550677687284912,6.549799670996196,6.085561173514185,5.015794201055638,3.885474381099438,3.0881952223803326,2.997365951133852
40 - 49,3.0244045376533135,3.3906819038050986,4.730210557160199,5.49416049227678,4.939511909246933,4.2174222445477,3.6941688643308637,3.0244045376533135,3.0244045376533135
50 - 59,2.772454087043894,4.5773403047838785,5.870531976257372,7.163723647730867,6.540386655006234,5.014606553411607,3.7493254935526488,3.0329531287795617,2.772454087043894
60 - 69,2.816520306004477,3.652866947088776,5.018079846505794,6.72767077460458,5.165670430226551,5.018079846505794,4.083339482940988,2.3491501242220747,2.816520306004477
70 - 79,2.5477262415802886,3.1759327121069347,3.9611908002652427,5.828360032108331,5.182703381844833,4.816249607370955,3.3504345094754475,2.0416710292116007,2.5477262415802886
80+,1.57665316721798,3.029647262497295,4.14257890994528,6.121124060963923,6.152038828948589,4.204408445914613,2.596840510711967,1.6693974711719788,1.57665316721798
