Altersgruppen,Fälle pro 1000 Personen,woche1,woche2,woche3,woche4,woche5,woche6,woche7,woche8
0 - 9,0.18462106526354657,1.5923566878980893,0.8769500600018462,0.36924213052709315,0.2307763315794332,0.16154343210560324,0.2307763315794332,0.18462106526354657,0.18462106526354657
10 - 19,0.43972150971051666,2.9314767314034444,1.7100280933186758,1.4901673384634175,0.5130084279956028,0.2687187003786491,0.2687187003786491,0.21986075485525833,0.43972150971051666
20 - 29,0.6205573733498815,5.152506675692956,2.952348715634285,1.7488435067133026,1.391552897814886,1.353943360036105,1.0530670578058594,0.6581669111286623,0.6205573733498815
30 - 39,0.8669701062038381,6.652328314910219,4.018072992213941,2.734290334950566,1.7339402124076762,1.5505426899414796,1.1837476450090865,0.8169526000766936,0.8669701062038381
40 - 49,0.6657789613848203,5.9560226004966355,3.670781300608198,2.2312592219383163,1.2955698708028935,1.4215280526865082,1.0976355849857846,1.007665455068917,0.6657789613848203
50 - 59,0.917549338398635,6.519429509674511,3.8311709217346515,2.511187662985738,1.9316828176813368,1.7063198222851808,1.2394964746788577,0.9497440520266572,0.917549338398635
60 - 69,1.1585745242335173,5.556866699564462,3.411358321354245,2.917891394365895,2.2313287133386255,1.523310948529254,1.3945804458366409,0.879658435066189,1.1585745242335173
70 - 79,1.299015165246813,4.7429158359011545,2.175095160413268,2.598030330493626,2.2657241254304874,0.9667089601836747,1.2083862002295933,0.9364993051779348,1.299015165246813
80+,0.8830637664993494,5.158951477969882,2.602714259155977,2.5097601784718346,1.6266964119724856,0.8830637664993494,1.2084030488938464,0.7901096858152072,0.8830637664993494
