Altersgruppen,Fälle pro 1000 Personen,woche1,woche2,woche3,woche4,woche5,woche6,woche7,woche8
0 - 9,3.0291556228701246,21.835163448188815,20.951659724851698,11.296226176953175,5.2379149312129245,2.966048214060331,5.1117001135933355,4.228196390256216,3.0291556228701246
10 - 19,9.571887497541468,42.94237199239494,39.270963089228346,23.798596997312007,13.833344260145545,19.078214121812103,14.488952992853864,14.357831246312202,9.571887497541468
20 - 29,11.681608258625374,29.013854930725348,22.167889160554196,16.843249117087748,16.897582178755773,33.30616680249932,27.275196957348545,17.169247487095898,11.681608258625374
30 - 39,14.590193926088547,32.153311379436516,28.448591291620932,18.7980241492865,17.060007317965606,28.72301500182949,26.11598975484815,20.124405415294547,14.590193926088547
40 - 49,12.620508326029798,29.842243645924626,26.599474145486415,18.843120070113933,13.496932515337424,21.253286590709905,22.96231375985977,19.41279579316389,12.620508326029798
50 - 59,13.118025275293771,17.071908949818937,16.850195846574533,13.007168723671569,12.896312172049369,20.730175153351563,24.610154460128594,19.88027492424802,13.118025275293771
60 - 69,11.779639502411781,12.947448591012947,10.408733181010408,8.631632394008632,8.225437928408226,13.505965981213507,21.78217821782178,18.27875095201828,11.779639502411781
70 - 79,9.270246217739542,7.045387125482053,6.377929397804806,4.375556214773064,5.784633639869475,7.638682883417384,14.090774250964106,11.940077128448532,9.270246217739542
80+,9.834368530020704,6.728778467908903,6.987577639751553,4.787784679089027,5.822981366459627,8.281573498964804,13.58695652173913,11.645962732919253,9.834368530020704
