Altersgruppen,Fälle pro 1000 Personen,woche1,woche2,woche3,woche4,woche5,woche6,woche7,woche8
0 - 9,0.2600780234070221,0.0,0.0,0.5201560468140441,0.0,0.0,0.0,0.0,0.2600780234070221
10 - 19,0.8012820512820512,0.26709401709401714,0.26709401709401714,0.26709401709401714,0.0,0.5341880341880343,0.5341880341880343,0.0,0.8012820512820512
20 - 29,1.173984503404555,0.704390702042733,0.9391876027236441,0.23479690068091102,0.46959380136182205,0.9391876027236441,1.8783752054472882,2.113172106128199,1.173984503404555
30 - 39,3.6231884057971016,0.6038647342995169,0.6038647342995169,0.6038647342995169,0.20128824476650564,0.6038647342995169,2.214170692431562,1.4090177133655395,3.6231884057971016
40 - 49,2.972651605231867,0.5945303210463733,0.7927070947284979,0.39635354736424894,0.7927070947284979,0.19817677368212447,2.7744748315497425,1.5854141894569957,2.972651605231867
50 - 59,2.7850589777195283,0.81913499344692,0.491480996068152,0.32765399737876805,0.16382699868938402,0.982961992136304,1.3106159895150722,2.1297509829619923,2.7850589777195283
60 - 69,1.6549441456350846,0.6206040546131568,1.034340091021928,0.6206040546131568,0.20686801820438558,0.6206040546131568,0.6206040546131568,0.8274720728175423,1.6549441456350846
70 - 79,2.3689665383476455,1.4806040864672787,0.8883624518803672,0.8883624518803672,0.8883624518803672,1.1844832691738227,0.2961208172934557,0.8883624518803672,2.3689665383476455
80+,2.589331952356292,2.0714655618850335,2.0714655618850335,0.5178663904712584,0.0,1.0357327809425168,1.5535991714137751,1.0357327809425168,2.589331952356292
