Altersgruppen,Fälle pro 1000 Personen,woche1,woche2,woche3,woche4,woche5,woche6,woche7,woche8
0 - 9,10.439337489394665,43.011545981039504,16.636541370024712,11.80419786786676,13.83304437640636,22.354199712272678,20.952451215463498,16.56276513335055,10.439337489394665
10 - 19,18.607722787662187,53.33695905524046,27.076373242172323,19.34581617589931,22.764353974050188,44.09136819205967,43.19788672208841,33.835754797607024,18.607722787662187
20 - 29,15.845290081097943,30.53649407361198,24.17342482844666,18.714909544603866,20.74235807860262,42.233312538989395,40.79850280723643,31.846537741734252,15.845290081097943
30 - 39,19.191226867717614,36.721674487267364,25.72889755891812,18.95397268940792,17.68861707175621,38.32973058469974,37.38071387146096,34.77091791005431,19.191226867717614
40 - 49,20.82925053892886,32.25174276995436,23.06895489795347,19.23346118312383,15.873904644586913,30.963912763515214,38.382933452784236,35.303339959125395,20.82925053892886
50 - 59,17.935787143737308,16.247176140382905,15.288775300641216,12.071286767222691,13.120963877415969,24.553316751477535,31.878237455217583,31.65004677908861,17.935787143737308
60 - 69,14.757414318680379,10.370074926640266,9.942736674168827,8.20489444745164,9.145038602888807,16.096407509757555,22.07914304435771,25.070510811657787,14.757414318680379
70 - 79,12.670997941971672,5.649489528267624,4.9634800855494134,4.640652112505548,4.640652112505548,9.240950728380614,15.657156692627415,18.320487470239296,12.670997941971672
80+,14.480352794049892,4.936483907062462,8.03001382215494,7.437635753307444,7.108536826169947,7.700914895017442,15.270190219179886,16.12584742973738,14.480352794049892
