Altersgruppen,Fälle pro 1000 Personen,woche1,woche2,woche3,woche4,woche5,woche6,woche7,woche8
0 - 9,0.5074424898511501,4.566982408660352,2.537212449255751,0.6765899864682003,0.33829499323410017,0.16914749661705009,0.16914749661705009,0.6765899864682003,0.5074424898511501
10 - 19,0.7617596648257475,7.808036564463912,4.5705579889544845,2.475718910683679,0.5713197486193106,0.19043991620643688,0.5713197486193106,0.7617596648257475,0.7617596648257475
20 - 29,0.9951899154088573,12.274008956709238,5.971139492453143,2.653839774423619,2.1562448167191905,1.1610549013103333,2.3221098026206666,2.1562448167191905,0.9951899154088573
30 - 39,0.9754738015607581,17.41917502787068,10.869565217391305,2.6477146042363433,2.0903010033444813,1.6722408026755853,1.254180602006689,1.3935340022296545,0.9754738015607581
40 - 49,1.5665052691540873,16.09228140131017,8.40216462546283,4.414696667616064,1.9937339789233834,1.1392765593847907,0.712047849615494,1.5665052691540873,1.5665052691540873
50 - 59,1.4823261117445838,18.70011402508552,8.55188141391106,3.990877993158495,2.280501710376283,2.052451539338654,2.052451539338654,2.052451539338654,1.4823261117445838
60 - 69,1.5358838313320302,16.05696732756213,6.9812901424183185,3.769896676905892,2.0943870427254954,2.652890254118961,1.815135437028763,3.351019268360793,1.5358838313320302
70 - 79,1.2053033346725592,10.646846122940941,6.8300522298111686,3.6159100040176777,1.4061872237846524,2.008838891120932,2.008838891120932,1.4061872237846524,1.2053033346725592
80+,1.3293452974410103,17.281488866733135,8.308408109006313,1.6616816218012629,0.9970089730807576,1.9940179461615153,1.9940179461615153,1.3293452974410103,1.3293452974410103
