Altersgruppen,Fälle pro 1000 Personen,woche1,woche2,woche3,woche4,woche5,woche6,woche7,woche8
0 - 9,0.4698889032085885,8.48993445506003,9.587102233911153,9.16853614780059,6.025298727308187,2.570702883087763,1.2990375261033549,0.8245865947082754,0.4698889032085885
10 - 19,1.031197248257206,21.180744392570674,24.2201865101507,21.67397686633753,12.900560095491691,6.247218945777388,2.6215482555579883,1.8187211741522642,1.031197248257206
20 - 29,2.687514328593419,27.79602633186082,30.398773183423337,25.00255265697877,15.355435810791285,8.301433148321893,5.037885282632107,3.4889522932492336,2.687514328593419
30 - 39,3.239143199568865,24.303628451694376,29.16194107285056,27.056940389147623,17.969321847124025,9.81877850437972,6.270762449426092,4.55104847855988,3.239143199568865
40 - 49,2.9372181073795005,20.445668123484676,25.678394176501087,25.184002690022364,17.036530869920938,9.264430363627437,5.61891738252168,4.163209116778765,2.9372181073795005
50 - 59,3.2152806269527807,17.2348894511546,23.802467691317663,24.112680306271454,16.278079822401352,9.12471547806997,5.7631807646625495,4.502316587753606,3.2152806269527807
60 - 69,3.0011589042823634,11.774095336159776,17.718519621252298,18.930148362492027,13.316544211526393,7.575781071505738,5.086359562200905,4.099068224415974,3.0011589042823634
70 - 79,2.6817223310752554,7.310578749624899,12.360363736596481,14.420198053680613,10.710595315200816,6.318002028604132,4.274461720620204,3.800577622622602,2.6817223310752554
80+,3.373417210537456,6.7315602163700206,11.398920768336138,13.70314364953119,10.827229106524486,7.03049822273718,4.820102599015032,4.0083877204122285,3.373417210537456
