Altersgruppen,Fälle pro 1000 Personen,woche1,woche2,woche3,woche4,woche5,woche6,woche7,woche8
0 - 9,0.13123597132720294,0.3292212728984143,0.3269585837376005,0.3246958945767866,0.2522898414307436,0.2251375715009775,0.231925638983419,0.22400622692057057,0.13123597132720294
10 - 19,0.14551906066864262,1.0640353716091149,1.0523938467556235,0.8929049562627911,0.899889871174886,0.71828208346042,0.619329122205743,0.4668251466250055,0.14551906066864262
20 - 29,0.47288592745968794,1.935329443862797,2.0890660211027776,1.8419198779448338,1.8214865354002794,1.7173737900542163,1.4206038150023548,1.1024274810942931,0.47288592745968794
30 - 39,0.6032079186776917,2.616822727790673,2.599292246666619,2.3490844706232963,2.2853372665358256,2.1004703746821605,1.6893009083179742,1.4151879307418502,0.6032079186776917
40 - 49,0.640377457718083,2.8651084701531846,3.0185667987514297,2.5872244697185245,2.581417938366158,2.210629436293641,1.8232508446429356,1.4159641454984038,0.640377457718083
50 - 59,0.7115318935517518,3.003049202622745,3.1999704618111218,2.8261277588206877,2.6938212878034973,2.3922856096712954,1.8945978960194214,1.5530625871145805,0.7115318935517518
60 - 69,0.8383633452614312,2.9317495563534526,2.9468824687227926,2.7350216955520334,2.515090035784293,2.1629976079909845,1.7342317575263542,1.5596988348666336,0.8383633452614312
70 - 79,1.0047699708106264,3.0666976515516846,2.824908086383352,2.72416243422988,2.4487909850103904,2.3077470719955295,1.891331709761179,1.7274521155915314,1.0047699708106264
80+,1.9280192039187518,3.4068734943970913,3.9873979579946055,4.101807888776597,4.067908650026378,3.67806740439885,3.2670391345524346,3.063643702051116,1.9280192039187518
