Altersgruppen,Fälle pro 1000 Personen,woche1,woche2,woche3,woche4,woche5,woche6,woche7,woche8
0 - 9,6.875477463712758,60.60606060606061,40.743570155334865,25.46473134708429,11.204481792717086,4.838298955946015,5.856888209829386,10.949834479246244,6.875477463712758
10 - 19,9.146341463414634,91.46341463414635,47.00203252032521,33.02845528455285,20.833333333333332,8.892276422764228,15.497967479674797,19.308943089430894,9.146341463414634
20 - 29,18.19322459222083,34.713508992053534,29.485570890840656,25.930572982015896,17.984107068172314,20.284399832705983,36.595566708490175,29.903805938937683,18.19322459222083
30 - 39,22.480058013052936,47.679477882523564,38.97751994198695,31.18201595358956,22.661348803480784,18.85424220449601,37.88977519941987,35.35170413343002,22.480058013052936
40 - 49,17.79042874933286,49.10158334815869,35.58085749866572,25.26240882405266,22.060131649172742,13.164917274506315,33.623910336239106,25.26240882405266,17.79042874933286
50 - 59,23.470937456854895,23.056744442910396,24.16125914676239,17.53417092365042,12.563854756316443,12.149661742371945,27.888996272262876,29.545768328040865,23.470937456854895
60 - 69,19.41580756013746,14.776632302405497,13.745704467353951,12.542955326460481,8.419243986254296,9.450171821305842,18.556701030927837,21.649484536082472,19.41580756013746
70 - 79,16.568315932818884,6.354970494779845,9.532455742169768,8.170676350431231,4.312301407172038,4.993191103041307,9.986382206082615,18.157058556513846,16.568315932818884
80+,10.136624063464081,10.136624063464081,6.610841780520053,4.407227853680035,7.051564565888056,2.2036139268400174,12.3402379903041,11.018069634200089,10.136624063464081
