Altersgruppen,Fälle pro 1000 Personen,woche1,woche2,woche3,woche4,woche5,woche6,woche7,woche8
0 - 9,0.8077171605280162,0.18462106526354657,0.06923289947382996,0.06923289947382996,0.2307763315794332,0.36924213052709315,0.32308686421120647,0.48463029631680976,0.8077171605280162
10 - 19,2.2718944668376695,0.43972150971051666,0.09771589104678148,0.19543178209356296,0.7084402100891658,0.6107243190423843,1.0748748015145964,1.7100280933186758,2.2718944668376695
20 - 29,6.167964195720034,0.6205573733498815,0.5453382977923201,1.0530670578058594,1.2599195155891534,2.3505961111737936,2.895934408966114,3.9678062356613637,6.167964195720034
30 - 39,6.268860767935443,0.8669701062038381,0.6835725837376415,0.8169526000766936,1.8506477267043466,2.66760032678104,3.4678804248153523,4.901715600460161,6.268860767935443
40 - 49,5.5061719509122975,0.6657789613848203,0.4318566236009645,0.8817072731853025,1.457516104653255,2.465181559722172,2.879044157339763,4.030661820275668,5.5061719509122975
50 - 59,5.714561668973954,0.917549338398635,0.5956022021184122,0.9980361224686907,1.5775409677730916,2.3341167380316152,3.155081935546183,4.7648176169472976,5.714561668973954
60 - 69,5.771417537385483,1.1585745242335173,0.6865626810272695,1.5018558647471518,1.630586367439765,1.9524126241712976,3.1968074835332234,4.655753180716171,5.771417537385483
70 - 79,5.770044106096308,1.299015165246813,1.9032082653616096,1.7521599903329104,2.205304815419008,2.205304815419008,2.6584496405051055,4.259561355809316,5.770044106096308
80+,5.623721881390593,0.8830637664993494,0.7436326454731362,1.2084030488938464,1.3478341699200596,3.299869864287042,2.4632831381297637,3.253392823944971,5.623721881390593
