Altersgruppen,Fälle pro 1000 Personen,woche1,woche2,woche3,woche4,woche5,woche6,woche7,woche8
0 - 9,9.931245225362872,47.61904761904761,60.60606060606061,40.743570155334865,25.46473134708429,11.204481792717086,4.838298955946015,5.856888209829386,9.931245225362872
10 - 19,19.054878048780488,62.2459349593496,91.46341463414635,47.00203252032521,33.02845528455285,20.833333333333332,8.892276422764228,15.497967479674797,19.054878048780488
20 - 29,29.903805938937683,32.20409870347135,34.713508992053534,29.485570890840656,25.930572982015896,17.984107068172314,20.284399832705983,36.595566708490175,29.903805938937683
30 - 39,34.62654097171863,35.53299492385787,47.679477882523564,38.97751994198695,31.18201595358956,22.661348803480784,18.85424220449601,37.88977519941987,34.62654097171863
40 - 49,25.084504536559333,35.22504892367906,49.10158334815869,35.58085749866572,25.26240882405266,22.060131649172742,13.164917274506315,33.623910336239106,25.084504536559333
50 - 59,29.407703990059368,20.01932900731741,23.056744442910396,24.16125914676239,17.53417092365042,12.563854756316443,12.149661742371945,27.888996272262876,29.407703990059368
60 - 69,21.477663230240548,9.965635738831615,14.776632302405497,13.745704467353951,12.542955326460481,8.419243986254296,9.450171821305842,18.556701030927837,21.477663230240548
70 - 79,17.930095324557424,4.5392646391284615,6.354970494779845,9.532455742169768,8.170676350431231,4.312301407172038,4.993191103041307,9.986382206082615,17.930095324557424
80+,11.018069634200089,3.9665050683120318,10.136624063464081,6.610841780520053,4.407227853680035,7.051564565888056,2.2036139268400174,12.3402379903041,11.018069634200089
