Altersgruppen,Fälle pro 1000 Personen,woche1,woche2,woche3,woche4,woche5,woche6,woche7,woche8
0 - 9,0.5201560468140441,1.0403120936280883,0.2600780234070221,0.0,0.5201560468140441,0.0,0.0,0.0,0.5201560468140441
10 - 19,0.26709401709401714,2.136752136752137,1.3354700854700854,0.26709401709401714,0.5341880341880343,0.26709401709401714,0.26709401709401714,0.26709401709401714,0.26709401709401714
20 - 29,0.23479690068091102,3.521953510213665,2.817562808170932,1.643578304766377,0.9391876027236441,0.0,0.704390702042733,0.9391876027236441,0.23479690068091102
30 - 39,0.6038647342995169,7.0450885668276975,3.2206119162640903,1.4090177133655395,1.6103059581320451,1.6103059581320451,0.6038647342995169,0.6038647342995169,0.6038647342995169
40 - 49,0.39635354736424894,5.1525961157352365,3.7653586999603648,2.179944510503369,2.179944510503369,0.7927070947284979,0.5945303210463733,0.7927070947284979,0.39635354736424894
50 - 59,0.32765399737876805,4.750982961992136,4.095674967234601,1.965923984272608,2.1297509829619923,0.6553079947575361,0.81913499344692,0.491480996068152,0.32765399737876805
60 - 69,0.6206040546131568,4.137360364087712,4.551096400496483,3.3098882912701693,1.4480761274306992,1.034340091021928,0.6206040546131568,1.034340091021928,0.6206040546131568
70 - 79,0.8883624518803672,4.14569144210838,2.3689665383476455,0.2961208172934557,1.1844832691738227,0.8883624518803672,1.4806040864672787,0.8883624518803672,0.8883624518803672
80+,0.5178663904712584,5.696530295183843,2.0714655618850335,2.589331952356292,1.0357327809425168,2.0714655618850335,2.0714655618850335,2.0714655618850335,0.5178663904712584
