Altersgruppen,Fälle pro 1000 Personen,woche1,woche2,woche3,woche4,woche5,woche6,woche7,woche8
0 - 9,0.33182904167772764,0.16591452083886382,0.26546323334218214,0.19909742500663657,0.43137775418104596,0.13273161667109107,0.4645606583488187,0.5309264666843643,0.33182904167772764
10 - 19,1.112506728871344,0.5741970213529518,0.6459716490220707,0.6459716490220707,0.5024223936838328,1.1842813565404628,0.7177462766911897,1.0048447873676656,1.112506728871344
20 - 29,2.4153850857614576,1.2535542850154402,1.437001253554285,1.4675757483107592,1.834469685388449,3.24089644418626,2.476534075274406,2.629406549056777,2.4153850857614576
30 - 39,3.3652665192827316,1.8668631785802015,1.5229673298943749,1.7931712110046671,2.7511667894866125,4.446082043723901,4.225006140997298,3.4635224760501107,3.3652665192827316
40 - 49,3.0365732405342216,2.069169376293231,1.7735737511084837,1.719829091983984,2.7678499449117244,4.622040684706957,3.466530513530218,4.353317389084459,3.0365732405342216
50 - 59,4.702826174586823,1.5900031352174497,2.0378913423209566,2.2394410355175345,3.5607112464728807,5.553813768083486,5.397052895597259,4.456487660679894,4.702826174586823
60 - 69,3.744574621996539,2.0992312274829086,2.127599217043488,1.9573912796800088,3.4892627159513205,5.47502198519191,6.240957703327566,4.453774361011035,3.744574621996539
70 - 79,3.3422177095232053,1.1845834919829081,2.453780090536024,2.6230063036764397,4.146042221940179,6.599822312476203,7.403646824893176,5.711384693489022,3.3422177095232053
80+,3.1904865491987526,1.2326879849177,1.8127764484083824,2.3203538539627293,3.262997607135088,5.438329345225147,7.903705315060548,6.30846204046117,3.1904865491987526
