Altersgruppen,Fälle pro 1000 Personen,woche1,woche2,woche3,woche4,woche5,woche6,woche7,woche8
0 - 9,0.42991094055463036,0.5385200202736948,0.47177069002968647,0.3857885019187604,0.23418832814423288,0.20137933531243213,0.23871370646586054,0.3020690029686482,0.42991094055463036
10 - 19,1.0279466445632914,0.9196804634258213,0.9010540236602351,0.8440105518781272,0.7287594558285623,0.6554178492515663,0.7415651331674028,0.9557691904716448,1.0279466445632914
20 - 29,2.9842410278165903,1.5529340333861357,1.4556324022215907,1.261029139892501,1.3155180533446462,1.4069815866393183,1.979115177886842,2.8392615973814186,2.9842410278165903
30 - 39,4.0551190200142315,2.1546554981565107,2.037520010645783,1.8805425205803863,1.732330271077017,1.7936869550112076,2.782565458418097,4.01687069756175,4.0551190200142315
40 - 49,4.320059326160331,2.014866379271015,2.076249710710313,1.856431023799313,1.8473064745313093,1.9949582717771888,2.875892028379007,4.1508404124628075,4.320059326160331
50 - 59,5.505333796918798,2.1476724830232334,2.0615194321283186,1.9215207244240822,2.038442722067181,2.303055664101562,3.619197361255127,5.322258563767104,5.505333796918798
60 - 69,6.298318128119272,2.129705200778437,1.9622343038910752,1.9854381028573966,2.0540406389317374,2.455567247131557,3.798361004704318,5.579000360163315,6.298318128119272
70 - 79,7.318164172428199,1.9867042604664658,2.010883216983299,1.963868579311679,2.164016608256576,2.7671472458153614,4.329376491875199,6.4880199986835905,7.318164172428199
80+,7.057397767311388,1.750048200480098,1.8538646191526462,1.8008970586054276,1.9682745499346381,2.6356658128295907,4.025534601588603,6.24805344214989,7.057397767311388
