Altersgruppen,Fälle pro 1000 Personen,woche1,woche2,woche3,woche4,woche5,woche6,woche7,woche8
0 - 9,0.18291985823710985,0.4801646278724134,0.3201097519149423,0.342974734194581,0.2972447696353035,0.16005487595747114,0.3201097519149423,0.16005487595747114,0.18291985823710985
10 - 19,0.36162877600713617,0.940234817618554,0.6991489669471299,0.6750403818799875,0.7955833072156995,0.6991489669471299,0.6268232117457027,0.5544974565442754,0.36162877600713617
20 - 29,1.1467232383464252,1.7200848575196377,1.643636641629876,1.414291993960591,1.509852263822793,1.6245245876574355,1.37606788601571,0.9938268065669018,1.1467232383464252
30 - 39,1.2264120090263924,2.6654020996173595,2.6490499394970075,2.125780815645747,2.3383588972103215,2.0440200150439876,1.766033292998005,1.8314419334794125,1.2264120090263924
40 - 49,1.308970933672829,3.1738062364395994,2.7075974107479066,2.0800086069321666,1.9544908461690187,2.2234574763757644,2.1338019329735154,1.3986264770750776,1.308970933672829
50 - 59,1.2717730770469107,3.155285102546766,2.881612415080975,2.3825622202904153,2.028397565922921,2.1732831063459863,1.9801023857818991,1.5454457645127018,1.2717730770469107
60 - 69,1.2471938139186831,3.8455142595826057,3.0348382805354617,2.598320445663923,2.4943876278373662,2.4943876278373662,2.2033757379230066,1.746071339486156,1.2471938139186831
70 - 79,1.3994342712520471,4.615155575405686,3.3943724877177313,2.530891767157957,2.08426380824773,2.2033645972904568,2.0247134137263663,1.6971862438588656,1.3994342712520471
80+,1.858988891407844,5.395601904330084,3.76331897528905,2.1763772387213782,2.0403536613012925,2.856495125821809,3.037859895715257,1.99501246882793,1.858988891407844
