Altersgruppen,Fälle pro 1000 Personen,woche1,woche2,woche3,woche4,woche5,woche6,woche7,woche8
0 - 9,9.60649085370374,36.62852430933745,39.559627419158005,25.618069281241056,16.595518035408183,10.59302944903245,8.232179862523282,8.493355976199899,9.60649085370374
10 - 19,24.328485764533877,48.506294305578116,51.068984270710466,38.81586536990081,27.439734996433188,18.217818052543972,16.366136235753352,21.178390060953646,24.328485764533877
20 - 29,30.58468367282066,33.8174070014083,32.91675255795494,28.614803098636592,22.05110322944822,16.45644974540859,17.29834491501097,27.792173264723054,30.58468367282066
30 - 39,29.276964037225614,37.249744616844836,39.63063954376905,32.597347232611824,24.11219162986736,17.344336928806417,16.585024492652202,24.301215382511682,29.276964037225614
40 - 49,25.76578661097965,32.83208917024629,34.96196764482383,29.288117874915624,21.663336043885984,15.550027174885578,14.621170442713428,20.44317119678529,25.76578661097965
50 - 59,23.89098990154021,19.60112661832071,19.747380704775352,17.471205264531307,14.121216926370304,10.97059600079747,11.126856945799005,17.232580176105316,23.89098990154021
60 - 69,17.784683648077678,11.53838599059437,12.333388125418049,11.307845709624694,9.56897237962024,7.722582506024545,7.727751570620278,11.768926271564045,17.784683648077678
70 - 79,12.413319266172143,5.542678762252756,6.246036821744899,6.0111315238836225,5.617359637295357,4.924864250536683,4.915359411894898,7.302431745074796,12.413319266172143
80+,11.385828592874802,5.498713693760924,5.90238910381877,5.972214039612559,5.9765780980996706,5.097220312946634,4.968480587576835,6.722832099395796,11.385828592874802
