Altersgruppen,Fälle pro 1000 Personen,woche1,woche2,woche3,woche4,woche5,woche6,woche7,woche8
0 - 9,0.0,0.0,0.33322225924691773,0.49983338887037654,0.0,0.16661112962345886,0.16661112962345886,0.16661112962345886,0.0
10 - 19,0.564865373752589,0.564865373752589,0.18828845791752966,1.3180192054227076,0.564865373752589,1.129730747505178,0.9414422895876483,0.7531538316701186,0.564865373752589
20 - 29,1.360775642116006,0.8504847763225039,3.0617451947610137,3.0617451947610137,1.5308725973805068,2.21126041843851,0.8504847763225039,1.0205817315870045,1.360775642116006
30 - 39,1.392563709789723,1.949589193705612,3.7599220164322515,2.785127419579446,1.6710764517476675,0.974794596852806,0.974794596852806,0.5570254839158892,1.392563709789723
40 - 49,0.7050197405527354,2.5380710659898473,2.8200789622109417,4.37112239142696,1.8330513254371121,2.6790750141003947,1.4100394811054708,1.6920473773265652,0.7050197405527354
50 - 59,1.8570102135561746,3.481894150417827,3.9461467038068707,5.338904363974002,2.55338904363974,2.437325905292479,1.7409470752089136,1.392757660167131,1.8570102135561746
60 - 69,0.6782419967444384,6.511123168746608,5.425935973955507,3.255561584373304,2.1703743895822027,1.4921323928377646,2.1703743895822027,0.813890396093326,0.6782419967444384
70 - 79,0.9900990099009901,9.504950495049505,5.742574257425742,3.762376237623762,1.7821782178217822,2.5742574257425743,2.5742574257425743,1.7821782178217822,0.9900990099009901
80+,0.3244646333549643,5.840363400389357,5.840363400389357,5.840363400389357,1.946787800129786,2.9201817001946786,1.946787800129786,2.2712524334847504,0.3244646333549643
