Altersgruppen,Fälle pro 1000 Personen,woche1,woche2,woche3,woche4,woche5,woche6,woche7,woche8
0 - 9,0.38352581275794656,0.47177069002968647,0.3846571573383535,0.23418832814423288,0.20137933531243213,0.23871370646586054,0.3020690029686482,0.4310422851350373,0.38352581275794656
10 - 19,1.0989599461695891,0.9010540236602351,0.8440105518781272,0.7287594558285623,0.6554178492515663,0.7415651331674028,0.9569333429569938,1.0372598644460846,1.0989599461695891
20 - 29,2.471461431579439,1.4556324022215907,1.261029139892501,1.3155180533446462,1.4069815866393183,1.979115177886842,2.8412076300047096,3.000782305114563,2.471461431579439
30 - 39,3.3459313745411197,2.037520010645783,1.8805425205803863,1.732330271077017,1.7936869550112076,2.784159138520284,4.016073857510656,4.07583686134266,3.3459313745411197
40 - 49,3.8364582149561315,2.076249710710313,1.8572605282782224,1.8473064745313093,1.9949582717771888,2.875892028379007,4.151669916941716,4.344944460527614,3.8364582149561315
50 - 59,4.602265209859602,2.0615194321283186,1.9230591717614915,2.03998116940459,2.303055664101562,3.619966584923832,5.323797011104513,5.534564296329573,4.602265209859602
60 - 69,5.091720581870569,1.9622343038910752,1.9854381028573966,2.0540406389317374,2.455567247131557,3.8003787263535633,5.583035803461805,6.322530787910215,5.091720581870569
70 - 79,6.149514607447925,2.010883216983299,1.963868579311679,2.164016608256576,2.7671472458153614,4.334749593323384,6.496079650855868,7.351746056479356,6.149514607447925
80+,6.061607629023681,1.8538646191526462,1.8008970586054276,1.9682745499346381,2.6356658128295907,4.02977200643238,6.265003061524999,7.118840137546162,6.061607629023681
