Altersgruppen,Fälle pro 1000 Personen,woche1,woche2,woche3,woche4,woche5,woche6,woche7,woche8
0 - 9,0.2767017155506364,0.0,0.0,0.0,0.5534034311012728,0.2767017155506364,0.2767017155506364,0.0,0.2767017155506364
10 - 19,0.5330490405117271,0.26652452025586354,0.26652452025586354,0.26652452025586354,0.0,0.0,0.5330490405117271,0.26652452025586354,0.5330490405117271
20 - 29,1.384721901684745,0.46157396722824834,0.9231479344564967,1.1539349180706207,0.6923609508423725,1.1539349180706207,0.46157396722824834,0.46157396722824834,1.384721901684745
30 - 39,0.8626266982963123,0.6469700237222342,0.8626266982963123,2.3722234203148584,3.234850118611171,0.8626266982963123,1.0782833728703904,1.5095967220185464,0.8626266982963123
40 - 49,1.4944491887275833,1.067463706233988,1.7079419299743808,1.4944491887275833,1.4944491887275833,0.8539709649871904,1.9214346712211785,4.056362083689154,1.4944491887275833
50 - 59,1.6283698208793198,1.0855798805862131,1.4474398407816176,1.2665098606839154,1.990229781074724,2.894879681563235,1.4474398407816176,2.5330197213678307,1.6283698208793198
60 - 69,2.3022185014650485,0.8371703641691084,1.6743407283382168,1.883633319380494,3.1393888656341566,2.7208036835496023,3.1393888656341566,1.4650481372959396,2.3022185014650485
70 - 79,1.6689847009735743,0.2781641168289291,1.6689847009735743,1.9471488178025036,2.225312934631433,2.225312934631433,4.450625869262866,1.9471488178025036,1.6689847009735743
80+,2.8208744710860367,0.4701457451810061,0.9402914903620122,0.9402914903620122,0.9402914903620122,1.4104372355430184,2.8208744710860367,3.291020216267043,2.8208744710860367
