Altersgruppen,Fälle pro 1000 Personen,woche1,woche2,woche3,woche4,woche5,woche6,woche7,woche8
0 - 9,6.25403858580264,9.600295393704421,21.18526723899197,37.73193021323733,35.60878796270654,27.43930582479461,28.039324286901135,18.462106526354656,6.25403858580264
10 - 19,11.945767680469036,28.459753267375106,40.86967143031635,59.75326737510687,59.069256137779405,48.931232441675824,41.01624526688653,25.406131672163184,11.945767680469036
20 - 29,17.7328970626951,38.643800067697164,31.554402196397007,33.754560156455675,33.60412200534056,31.479183120839444,28.056715182970404,19.93305502275377,17.7328970626951
30 - 39,18.389769752746794,21.0907150836126,25.759015655479416,35.8625518931626,37.9466146484603,33.62843661948348,30.79411127227863,22.99138031644409,18.389769752746794
40 - 49,15.222945981933998,16.35656961888653,22.924389102817866,35.10634469356174,35.55619534314607,30.841760535502214,27.96271637816245,20.09932702342822,15.222945981933998
50 - 59,12.765203953510834,13.489585010141335,14.53591320305206,19.622677956279578,20.07340394707189,19.397314960883424,17.723189852226266,13.553974437397379,12.765203953510834
60 - 69,9.890793623549099,6.7798064751442855,7.466369156171554,11.435559655860455,12.100667253105623,10.963547812654209,10.191164796498532,9.740608037074384,9.890793623549099
70 - 79,5.347108936015951,2.7490786055223246,3.0209655005739835,5.256479970998732,5.286689626004471,5.196060660987252,5.951302036130747,4.984593075947072,5.347108936015951
80+,4.368841792154675,3.3928239449711843,4.833612195575386,5.251905558654025,6.785647889942369,6.599739728574084,5.670198921732664,5.670198921732664,4.368841792154675
