Altersgruppen,Fälle pro 1000 Personen,woche1,woche2,woche3,woche4,woche5,woche6,woche7,woche8
0 - 9,0.17791909927315486,0.8234460876616526,0.4710294102552112,0.32048248010100333,0.33530907170709956,0.3067963955415298,0.18020011336640043,0.13686084559473452,0.17791909927315486
10 - 19,0.424956856873118,1.8187211741522642,1.03708307729977,0.8734570299164918,0.6780475057033684,0.5261931164052182,0.396704877468811,0.2919371205111725,0.424956856873118
20 - 29,1.2859611572301841,3.4889522932492336,2.694257196084513,2.056574584783853,1.4660920459208542,1.1867446784326492,0.9045075105911182,0.7214868215471221,1.2859611572301841
30 - 39,1.5853864530296085,4.55104847855988,3.2487954762996387,2.3607860170684427,1.8805852497124425,1.6449088262027138,1.2395132035102112,1.0014237108177892,1.5853864530296085
40 - 49,1.3108865171784394,4.166538352377948,2.9505350497762337,2.2056185844589615,1.7087301712808485,1.504814490830869,1.123617014724377,0.880582815983993,1.3108865171784394
50 - 59,1.489482406788037,4.50462586280289,3.2291362772484833,2.459377927487224,1.9551862083935991,1.6149530177991223,1.2531665934113303,0.9252495364130339,1.489482406788037
60 - 69,1.409087008796714,4.101135850254266,3.0228689755844402,2.229934466599055,1.8091726085064195,1.568294198345279,1.1950877345333835,1.0400157966614045,1.409087008796714
70 - 79,1.3211725712082145,3.8060089589893367,2.6925850038087247,2.161671873960408,1.693219112329541,1.4746078235684694,1.2288398529737246,0.9762827119205614,1.3211725712082145
80+,1.1913879669815335,4.012751778899341,3.3908734444859028,2.347863466066172,1.7652616580367408,1.4903259733486949,1.1652036160588624,0.728797767347678,1.1913879669815335
