Altersgruppen,Fälle pro 1000 Personen,woche1,woche2,woche3,woche4,woche5,woche6,woche7,woche8
0 - 9,0.1850481125092524,0.07401924500370095,0.1480384900074019,0.25906735751295334,0.2775721687638786,0.3700962250185048,0.44411547002220575,0.22205773501110287,0.1850481125092524
10 - 19,0.7083780058201868,0.45948843620768876,0.6509419512942257,0.6126512482769183,0.8615408178894164,0.8998315209067238,0.8423954663807628,0.5552151937509573,0.7083780058201868
20 - 29,1.36986301369863,1.6161305217792827,2.401108203786363,2.031706941665384,2.2933661690010774,2.2010158534708326,1.446821609973834,1.2005541018931816,1.36986301369863
30 - 39,1.6564158961617315,2.1587715368009452,3.0412882027887527,2.905516408021398,2.7425902543005716,3.516489484474495,2.321697690521771,1.6292615372082604,1.6564158961617315
40 - 49,1.902222754778024,2.0669822059792704,3.2053202324606076,3.5348391348631,3.355101551734468,3.639686058354802,2.0370259421244983,2.2916541848900605,1.902222754778024
50 - 59,1.7801280121467558,3.0235997853375043,3.9791096742103957,3.9005746148509797,3.6911477898925376,3.4424534352543885,2.2906058979829576,1.9371981308655872,1.7801280121467558
60 - 69,1.6890493301760254,3.2290648959247545,4.239182632598652,4.70284323303913,3.974233718061236,3.659606882048055,2.450777459471096,2.003676166189207,1.6890493301760254
70 - 79,1.2931621216933618,4.33322746041109,5.059213212940696,5.218022596306548,5.649076636871001,3.811425200780435,2.8131947910522257,2.291392531421571,1.2931621216933618
80+,1.7964071856287425,3.480538922155689,5.014970059880239,4.790419161676646,4.303892215568863,3.3308383233532934,2.5074850299401197,1.9461077844311379,1.7964071856287425
