Altersgruppen,Fälle pro 1000 Personen,woche1,woche2,woche3,woche4,woche5,woche6,woche7,woche8
0 - 9,35.51647743007477,8.838733499492292,6.438659651066186,4.500138465798948,6.73866888211945,9.600295393704421,21.116034339518137,37.70885258007939,35.51647743007477
10 - 19,58.33638695492854,12.800781727128374,10.528887260290704,10.553316233052401,14.681812629778918,28.459753267375106,40.86967143031635,59.75326737510687,58.33638695492854
20 - 29,33.15280755199519,7.55951709353492,9.364774906916393,14.724134040392643,22.58452743615781,38.643800067697164,31.554402196397007,33.773364925345064,33.15280755199519
30 - 39,37.479784591273614,9.67005118458127,9.169876123309825,10.687073809166542,14.88854432384668,21.107387585654976,25.7756881575218,35.82920688907784,37.479784591273614
40 - 49,35.142332745528485,9.680785979054955,8.817072731853024,9.248929355453988,11.534170655342425,16.35656961888653,22.924389102817866,35.10634469356174,35.142332745528485
50 - 59,19.799748881233704,5.601880171275877,6.245774443836321,6.326261227906378,9.819387656546795,13.489585010141335,14.552010559866071,19.63877531309359,19.799748881233704
60 - 69,11.843206247720396,4.956124353665602,3.518633740264756,3.3899032375721427,5.492501448218156,6.7798064751442855,7.466369156171554,11.457014739642558,11.843206247720396
70 - 79,5.226270315992991,2.2657241254304874,2.024046885384569,1.7219503353271706,2.628239985499366,2.7188689505165855,3.0209655005739835,5.196060660987252,5.226270315992991
80+,6.2744004461795875,2.835099460866332,1.9055586540249116,1.4872652909462725,3.113961702918758,3.3928239449711843,4.787135155233314,4.9265662762595275,6.2744004461795875
