Altersgruppen,Fälle pro 1000 Personen,woche1,woche2,woche3,woche4,woche5,woche6,woche7,woche8
0 - 9,28.039324286901135,4.500138465798948,6.73866888211945,9.600295393704421,21.18526723899197,37.73193021323733,35.60878796270654,27.43930582479461,28.039324286901135
10 - 19,41.13839013069501,10.553316233052401,14.681812629778918,28.459753267375106,40.86967143031635,59.75326737510687,59.16697202882619,48.95566141443752,41.13839013069501
20 - 29,28.131934258527963,14.724134040392643,22.58452743615781,38.643800067697164,31.554402196397007,33.773364925345064,33.79216969423446,31.5732069652864,28.131934258527963
30 - 39,30.9108187865753,10.687073809166542,14.88854432384668,21.0907150836126,25.759015655479416,35.8625518931626,38.04664966071458,33.661781623568245,30.9108187865753
40 - 49,28.01669845611257,9.248929355453988,11.534170655342425,16.35656961888653,22.924389102817866,35.10634469356174,35.610177421096196,30.877748587468957,28.01669845611257
50 - 59,17.755384565854285,6.326261227906378,9.819387656546795,13.489585010141335,14.552010559866071,19.63877531309359,20.089501303885903,19.413412317697436,17.755384565854285
60 - 69,10.212619880280633,3.3899032375721427,5.492501448218156,6.7798064751442855,7.466369156171554,11.457014739642558,12.100667253105623,11.006457980218412,10.212619880280633
70 - 79,5.951302036130747,1.7219503353271706,2.628239985499366,2.7490786055223246,3.0209655005739835,5.256479970998732,5.286689626004471,5.196060660987252,5.951302036130747
80+,5.670198921732664,1.4872652909462725,3.113961702918758,3.3928239449711843,4.833612195575386,5.251905558654025,6.8786019706265105,6.599739728574084,5.670198921732664
