Altersgruppen,Fälle pro 1000 Personen,woche1,woche2,woche3,woche4,woche5,woche6,woche7,woche8
0 - 9,0.26143790849673204,0.0,0.26143790849673204,0.26143790849673204,0.0,1.3071895424836601,0.0,0.0,0.26143790849673204
10 - 19,0.7921837866385001,0.2640612622128334,1.0562450488513335,1.5843675732770002,0.7921837866385001,1.3203063110641668,0.7921837866385001,1.0562450488513335,0.7921837866385001
20 - 29,1.9052155275065492,1.9052155275065492,1.6670635865682304,1.1907597046915932,1.1907597046915932,1.4289116456299118,1.4289116456299118,1.6670635865682304,1.9052155275065492
30 - 39,2.1847070506454815,2.5819265143992056,3.972194637537239,1.7874875868917577,1.7874875868917577,2.3833167825223436,1.7874875868917577,0.5958291956305859,2.1847070506454815
40 - 49,1.7914012738853504,2.7866242038216558,3.1847133757961785,2.3885350318471334,2.3885350318471334,4.578025477707007,2.5875796178343946,1.7914012738853504,1.7914012738853504
50 - 59,2.940695964711648,4.411043947067473,2.940695964711648,2.940695964711648,2.7773239666721126,2.4505799705930404,3.2674399607907203,2.940695964711648,2.940695964711648
60 - 69,0.6065507480792559,4.448038819247877,4.852405984634047,5.256773150020218,4.448038819247877,1.819652244237768,2.2240194096239385,2.628386575010109,0.6065507480792559
70 - 79,1.7123287671232876,4.5662100456621,7.9908675799086755,7.134703196347032,5.136986301369863,1.9977168949771689,1.4269406392694064,1.141552511415525,1.7123287671232876
80+,3.009027081243731,4.012036108324975,6.018054162487462,3.009027081243731,2.0060180541624875,2.0060180541624875,1.0030090270812437,0.5015045135406219,3.009027081243731
