Altersgruppen,Fälle pro 1000 Personen,woche1,woche2,woche3,woche4,woche5,woche6,woche7,woche8
0 - 9,7.960739185427057,10.882718238874638,19.792359287091855,36.6262432952442,39.558486912111384,25.608945224868073,16.604642091781166,10.59302944903245,7.960739185427057
10 - 19,15.862309269709874,31.95298870627123,36.396789633407025,48.50747147138663,51.063098441667904,38.80173938019866,27.426786172539547,18.215463720926948,15.862309269709874
20 - 29,16.85909526130538,44.419121230977886,32.79827074346857,33.81933353497718,32.91193622403273,28.60035409686996,22.048213429094897,16.449706877917492,16.85909526130538
30 - 39,16.11608471481544,27.702034217321014,28.440433387225212,37.2489402604506,39.62742211819212,32.58447753030413,24.10414806592505,17.340315146835263,16.11608471481544
40 - 49,14.1267789562347,22.49314801698243,25.167356512026448,32.829592243546905,34.96030302702424,29.276465550318484,21.659174499387003,15.545033321486804,14.1267789562347
50 - 59,10.767379796460498,17.032443005167387,17.162532166277042,19.598817343271428,19.742762154676782,17.466586714432736,14.116598376271737,10.965977450698901,10.767379796460498
60 - 69,7.5168537351143865,9.282606201016652,9.788140718479303,11.539419803513516,12.332354312498902,11.30887952254384,9.566904753781946,7.719481067267106,7.5168537351143865
70 - 79,4.8216688595687245,4.695390289042144,4.632929920824695,5.542678762252756,6.246036821744899,6.007058021608572,5.616001803203673,4.920790748261632,4.8216688595687245
80+,4.831012745232811,4.20040629384515,4.7480956339776865,5.498713693760924,5.904571133062325,5.9765780980996706,5.954757805664111,5.036123494127068,4.831012745232811
