Altersgruppen,Fälle pro 1000 Personen,woche1,woche2,woche3,woche4,woche5,woche6,woche7,woche8
0 - 9,49.46696669002914,9.332693939282157,11.250876092810506,9.037588992585489,8.115386034158398,7.451399904090892,17.70629680180014,34.047733225128184,49.46696669002914
10 - 19,69.57501359645715,11.187941884857432,13.1691399269676,11.071400823556832,13.1691399269676,21.36586123844301,32.786885245901644,51.1226788905291,69.57501359645715
20 - 29,34.06113537117904,7.205240174672489,6.924516531503431,8.577666874610106,18.24703680598877,32.127261384903306,27.386150966936995,33.90517779164067,34.06113537117904
30 - 39,40.51774134022249,7.96119576105868,7.697580007381242,8.040280487161914,12.310855696736438,18.663995360362737,22.091000158169454,33.53192386777034,40.51774134022249
40 - 49,34.77141017385705,7.5030096027324396,7.475013298244632,7.1950502533665555,10.974551359220582,15.257985945855147,18.22559422156275,30.31999776029564,34.77141017385705
50 - 59,18.551901969285538,5.043013942450311,4.632270725418159,5.248385550966387,9.355817721287908,11.888734226319514,12.596125322319331,18.0270634141889,18.551901969285538
60 - 69,11.993960286031736,3.1338138514572234,3.589641320760092,3.988490356400103,5.469929631634426,6.381584570240165,6.780433605880174,9.942736674168827,11.993960286031736
70 - 79,4.9634800855494134,2.25979581130705,2.219442314676567,1.7352003551107704,2.3808563011984987,3.1072192405471935,3.4300472135910574,4.681005609136032,4.9634800855494134
80+,5.1997630487724615,2.303692489962483,1.9087737773974858,1.6454946356874876,2.0404133482524847,2.1720529191074833,3.883367340222471,4.212466267359968,5.1997630487724615
