Altersgruppen,Fälle pro 1000 Personen,woche1,woche2,woche3,woche4,woche5,woche6,woche7,woche8
0 - 9,1.4400485068970745,6.366530241018645,3.0316810671517356,3.865393360618463,5.608609974230711,9.852963468243141,8.26133090798848,4.547521600727603,1.4400485068970745
10 - 19,5.626758361988122,14.53579243513598,10.550171928727726,12.660206314473273,24.69521725539231,30.47827446076899,24.30447014692091,11.019068458893404,5.626758361988122
20 - 29,7.35956743766897,18.774406728747373,15.620306398317814,16.4463802943827,31.766296185040552,32.1417843196155,23.13006908981676,13.817963352358065,7.35956743766897
30 - 39,9.684575014878536,20.667640534545257,12.822593734783315,12.389763566520587,25.536979927500944,32.84098901693448,28.837309960504246,16.555753936049342,9.684575014878536
40 - 49,9.145558238709345,18.085598314751067,12.228330678723733,12.022812516056106,20.91147305143092,30.365308534141704,26.614602065457536,16.390073472743154,9.145558238709345
50 - 59,7.679099494419536,10.827053324430029,8.2991510063913,9.825431651244873,20.795573786129925,30.621005437374794,25.899074692359058,14.928932557474004,7.679099494419536
60 - 69,6.677444296056793,9.13755535249877,7.310044281999016,6.958599845364448,14.620088563998031,24.601110564419766,21.648977296689395,11.8788219582484,6.677444296056793
70 - 79,6.603223926976113,6.214798990095164,4.078461837249951,5.243736647892795,10.7787919984463,15.634103709458149,16.993590988541463,11.74985434064867,6.603223926976113
80+,5.784167906131217,3.1399768633283753,5.784167906131217,3.305238803503553,5.288382085605686,9.75045447033548,13.882002974714922,10.742026111386547,5.784167906131217
