Altersgruppen,Fälle pro 1000 Personen,woche1,woche2,woche3,woche4,woche5,woche6,woche7,woche8
0 - 9,0.4801646278724134,0.5258945924316909,0.8231393620669945,0.43443466331313596,0.22864982279638732,0.18291985823710985,0.22864982279638732,0.2515148050760261,0.4801646278724134
10 - 19,0.7714747221485571,0.8196918922828419,0.4821717013428482,0.8920176474842691,0.7473661370814146,0.530388871477133,0.40984594614142095,0.4580631162757058,0.7714747221485571
20 - 29,2.503679070389695,1.414291993960591,1.5863004797125548,1.1467232383464252,1.3569558320432697,1.6054125336849951,1.6245245876574355,2.5992393402518967,2.503679070389695
30 - 39,3.1559669032279167,1.8477940935997645,1.9132027340811721,1.5371030513130786,1.6515681721555417,1.4062857703502634,2.1584851358864503,2.8943323413022863,3.1559669032279167
40 - 49,3.1738062364395994,1.7572486506840719,2.008284172210368,1.8469041940863202,1.667593107281823,1.7751797593645215,2.761390736789256,2.743459628108806,3.1738062364395994
50 - 59,4.169483885508226,1.8513152387391738,1.75472487845713,2.1732831063459863,1.9157088122605364,2.0122991725425803,2.9943011687433594,3.6704336907176667,4.169483885508226
60 - 69,5.030348382805355,1.8915772844433358,1.5797788309636651,2.348881682880186,1.95393697513927,2.016296665835204,3.1179845347967072,4.739336492890995,5.030348382805355
70 - 79,6.1932410302218255,1.816287032901593,2.2033645972904568,2.620217358940003,1.9651630192050025,2.620217358940003,4.079202024713414,5.865713860354325,6.1932410302218255
80+,5.123554749489911,1.7683065064611199,1.3602357742008615,1.8136476989344819,2.1310360462480165,2.4030832010881884,4.851507594649739,4.398095669916119,5.123554749489911
