Altersgruppen,Fälle pro 1000 Personen,woche1,woche2,woche3,woche4,woche5,woche6,woche7,woche8
0 - 9,0.3033060357901122,0.3033060357901122,0.2359046945034206,0.37070737707680385,0.6066120715802245,0.7751154247969534,0.5729114009368786,0.3033060357901122,0.3033060357901122
10 - 19,0.8001454809965448,0.6546644844517185,0.5455537370430987,1.3456992180396434,2.000363702491362,3.1642116748499727,4.109838152391344,1.6730314602655028,0.8001454809965448
20 - 29,2.2378707405860236,1.6112669332219371,2.148355910962583,2.7451214417855225,4.923315629289252,7.131348093334129,8.891806409261802,4.565256310795489,2.2378707405860236
30 - 39,3.1257032832387286,1.625365707284139,2.5755795053887125,3.5758045560251053,4.801080243054687,6.176389687679729,7.251631617113851,4.37598459653422,3.1257032832387286
40 - 49,2.988480765051076,1.3584003477504891,3.124320799826125,3.586176918061291,5.053249293631819,6.384481634427298,5.732449467507064,3.8850249945663986,2.988480765051076
50 - 59,3.188974622006155,1.6948396592480264,2.4084563578787743,3.411979840328264,4.683109584764283,6.2441461130190445,5.64203202354935,4.794612193925338,3.188974622006155
60 - 69,3.6100023479690067,1.2913829537450106,2.2892697816388825,3.4926038976285514,4.607889175862878,4.7839868513735615,5.3416294904907256,3.4632542850434374,3.6100023479690067
70 - 79,3.29075557479974,0.822688893699935,2.164970772894566,2.857761420220827,3.94024680666811,4.459839792162806,5.499025763152197,3.593851483004979,3.29075557479974
80+,2.7572844474252927,0.9687756166629407,1.4159028243535285,3.8005812653699977,3.1298904538341157,4.247708473060586,4.992920485878233,3.0553692525523513,2.7572844474252927
