Altersgruppen,Fälle pro 1000 Personen,woche1,woche2,woche3,woche4,woche5,woche6,woche7,woche8
0 - 9,20.951659724851698,7.38356683074593,6.689385333838192,3.9126593462072448,5.490344566452102,13.883629938154739,22.907989397955323,33.82557112204973,20.951659724851698
10 - 19,41.50003278043664,13.30885727397889,10.227496230249788,11.079787582770603,23.142988264603687,29.240149478791057,35.92735855241592,47.990559234249,41.50003278043664
20 - 29,28.470524314045097,10.6492800869329,10.812279271936974,16.951915240423798,34.5558272208639,27.709861450692745,30.209182287421896,34.82749252920402,28.470524314045097
30 - 39,31.51298938894987,12.852177094767654,11.251372118551043,15.504939626783754,21.084888401024514,22.548481522136846,30.826930113428467,39.60848884010245,31.51298938894987
40 - 49,29.404031551270815,10.823838737949167,9.15863277826468,11.174408413672216,15.205959684487292,20.508326029798422,25.85451358457493,31.244522348816826,29.404031551270815
50 - 59,16.739339294952334,8.12948045229473,7.538245510309659,9.274998152390806,13.376690562412238,14.152686423767646,16.222008720715394,20.50846205010716,16.739339294952334
60 - 69,12.845899974612847,6.092916984006093,5.128205128205129,7.057628839807058,7.971566387407972,8.834729626808835,12.642802741812643,14.419903528814421,12.845899974612847
70 - 79,7.342035004449719,4.375556214773064,3.4114506081281517,3.485612577870068,4.375556214773064,4.894690002966478,4.820528033224562,5.784633639869475,7.342035004449719
80+,6.469979296066253,3.7525879917184266,4.011387163561077,4.140786749482402,2.846790890269151,3.4937888198757765,3.3643892339544514,5.693581780538302,6.469979296066253
