Altersgruppen,Fälle pro 1000 Personen,woche1,woche2,woche3,woche4,woche5,woche6,woche7,woche8
0 - 9,0.5698005698005698,11.396011396011396,7.407407407407407,4.5584045584045585,3.988603988603989,2.849002849002849,2.2792022792022792,3.4188034188034186,0.5698005698005698
10 - 19,1.8083182640144664,40.988547317661244,23.508137432188065,18.083182640144667,19.891500904159134,9.644364074743821,5.424954792043399,4.822182037371911,1.8083182640144664
20 - 29,1.4436958614051971,25.98652550529355,20.692974013474494,22.617901828681426,37.0548604427334,13.95572666025024,11.068334937439845,2.4061597690086622,1.4436958614051971
30 - 39,4.814636494944632,30.33220991815118,23.591718825228696,22.147327876745305,42.85026480500722,19.74000962927299,7.221954742416948,8.184882041405874,4.814636494944632
40 - 49,4.092071611253196,30.69053708439898,22.506393861892583,13.81074168797954,37.851662404092075,22.506393861892583,13.29923273657289,7.672634271099745,4.092071611253196
50 - 59,4.078303425774878,18.35236541598695,15.905383360522023,13.05057096247961,35.48123980424143,23.246329526916803,19.168026101141926,14.274061990212072,4.078303425774878
60 - 69,6.629270780214177,14.278429372768995,18.357980622131564,10.198878123406425,20.39775624681285,26.007139214686386,17.338092809790925,15.298317185109639,6.629270780214177
70 - 79,0.7183908045977011,8.620689655172413,11.494252873563218,4.310344827586206,6.4655172413793105,17.95977011494253,10.057471264367816,15.804597701149428,0.7183908045977011
80+,3.1120331950207465,3.1120331950207465,8.298755186721992,4.149377593360996,3.1120331950207465,11.410788381742737,11.410788381742737,8.298755186721992,3.1120331950207465
