Altersgruppen,Fälle pro 1000 Personen,woche1,woche2,woche3,woche4,woche5,woche6,woche7,woche8
0 - 9,0.12621481761958855,0.3786444528587656,0.5048592704783542,0.3786444528587656,0.1893222264293828,0.0,0.1893222264293828,0.12621481761958855,0.12621481761958855
10 - 19,0.5244869861666557,0.9178522257916476,0.3933652396249918,0.7211696059791517,0.7211696059791517,0.9178522257916476,0.4589261128958238,0.7867304792499836,0.5244869861666557
20 - 29,1.9559902200488997,1.358326541700625,1.1953273566965499,0.8149959250203749,1.1409942950285248,1.0866612333605,0.9236620483564248,1.6843249117087746,1.9559902200488997
30 - 39,3.796194657885108,2.2868642517380167,1.6008049762166119,1.5550676911818513,1.3263812660080498,1.0976948408342482,1.3721185510428102,1.5550676911818513,3.796194657885108
40 - 49,2.629272567922875,1.9719544259421558,1.7528483786152498,1.8404907975460123,1.4022787028922,1.4022787028922,1.3584574934268185,2.9798422436459244,2.629272567922875
50 - 59,4.027788042273299,1.5519917227108122,1.810657009829281,2.0323701130736826,1.2933264355923435,1.5519917227108122,1.773704825955214,3.1778878131697583,4.027788042273299
60 - 69,5.128205128205129,1.6755521706016756,1.9294237116019295,1.2693577050012694,1.3201320132013201,1.117034780401117,1.4216806296014215,2.691038334602691,5.128205128205129
70 - 79,6.08128151883714,1.1124295461287452,2.7439928804509046,1.2607534856125777,2.0023731830317413,1.7057253040640759,1.6315633343221596,3.633936517353901,6.08128151883714
80+,4.270186335403727,1.0351966873706004,1.9409937888198758,0.6469979296066253,1.2939958592132506,2.329192546583851,2.458592132505176,2.846790890269151,4.270186335403727
