Altersgruppen,Fälle pro 1000 Personen,woche1,woche2,woche3,woche4,woche5,woche6,woche7,woche8
0 - 9,27.904155292690323,13.210662892191555,9.975398510430358,6.200923398375627,5.358406632291982,6.4705287635223945,15.064199777575574,29.25218211842416,27.904155292690323
10 - 19,52.009456264775416,20.694671758501546,15.602836879432624,9.674486270230952,11.27477723222404,22.22222222222222,32.95144571740317,50.809238043280594,52.009456264775416
20 - 29,30.315688965805336,12.024825446082234,10.413558512860298,10.47323506594259,16.500566927254283,30.25601241272304,26.40687473891508,28.10765650176046,30.315688965805336
30 - 39,33.13245480233053,14.228201345302693,13.077942537070841,9.852216748768473,12.802880648145832,16.10362331524593,20.80468105323698,32.407291640619135,33.13245480233053
40 - 49,32.492936318191695,13.937187567920017,11.655074983699196,9.563138448163443,9.86198652466855,12.877635296674637,15.893284068680721,26.760486850684632,32.492936318191695
50 - 59,17.662013291111013,9.388519691360777,7.782882119441595,6.088042460193568,8.362695687079077,10.570447348467955,12.666696400695777,17.57281120378217,17.662013291111013
60 - 69,10.301714017374971,6.456914768725053,4.84268607654379,4.373092275181968,5.752524066682319,5.429678328246067,6.046020192533459,8.599436487438366,10.301714017374971
70 - 79,5.066031608573284,4.200043299415459,3.3340549902576315,2.987659666594501,3.377354405715523,1.9484736956051094,2.94436025113661,3.5072526520891967,5.066031608573284
80+,3.6515388628064684,3.278932856397645,2.1611148371711755,3.6515388628064684,2.7572844474252927,3.502496460242939,4.247708473060586,2.7572844474252927,3.6515388628064684
