Altersgruppen,Fälle pro 1000 Personen,woche1,woche2,woche3,woche4,woche5,woche6,woche7,woche8
0 - 9,0.33829499323410017,0.8457374830852503,0.0,0.16914749661705009,0.0,0.0,0.5074424898511501,0.6765899864682003,0.33829499323410017
10 - 19,0.7617596648257475,2.0948390782708053,2.2852789944772423,0.7617596648257475,0.9521995810321843,0.38087983241287376,0.5713197486193106,0.5713197486193106,0.7617596648257475
20 - 29,0.829324929507381,6.137004478354619,5.307679548847238,1.4927848731132858,1.4927848731132858,1.4927848731132858,1.4927848731132858,2.3221098026206666,0.829324929507381
30 - 39,1.8115942028985508,5.156075808249721,5.016722408026756,2.787068004459309,2.6477146042363433,1.254180602006689,1.254180602006689,1.3935340022296545,1.8115942028985508
40 - 49,0.9968669894616917,3.8450583879236686,4.414696667616064,2.990600968385076,1.424095699230988,1.9937339789233834,1.9937339789233834,1.2816861293078894,0.9968669894616917
50 - 59,2.1664766248574687,4.789053591790194,5.473204104903079,3.7628278221208666,2.622576966932725,2.052451539338654,2.1664766248574687,1.9384264538198406,2.1664766248574687
60 - 69,1.6755096341803966,4.188774085450991,3.351019268360793,3.630270874057526,2.0943870427254954,1.5358838313320302,1.6755096341803966,1.5358838313320302,1.6755096341803966
70 - 79,2.6114905584572115,2.008838891120932,4.2185616713539575,3.4150261149055843,3.013258336681398,1.6070711128967456,1.8079550020088389,1.004419445560466,2.6114905584572115
80+,0.6646726487205051,4.320372216683284,0.6646726487205051,3.9880358923230306,2.6586905948820205,0.9970089730807576,0.6646726487205051,0.6646726487205051,0.6646726487205051
