Altersgruppen,Fälle pro 1000 Personen,woche1,woche2,woche3,woche4,woche5,woche6,woche7,woche8
0 - 9,29.21848144778081,15.097900448218919,13.210662892191555,9.975398510430358,6.200923398375627,5.358406632291982,6.4705287635223945,15.064199777575574,29.21848144778081
10 - 19,50.70012729587198,27.35042735042735,20.694671758501546,15.602836879432624,9.638116021094744,11.27477723222404,22.22222222222222,32.80596472085834,50.70012729587198
20 - 29,28.137494778301605,10.77161783135406,12.024825446082234,10.413558512860298,10.47323506594259,16.500566927254283,30.226174136181893,26.40687473891508,28.137494778301605
30 - 39,32.407291640619135,13.002925658273112,14.228201345302693,13.077942537070841,9.852216748768473,12.802880648145832,16.10362331524593,20.80468105323698,32.407291640619135
40 - 49,26.70615083677461,14.725059769615301,13.937187567920017,11.655074983699196,9.563138448163443,9.86198652466855,12.877635296674637,15.893284068680721,26.70615083677461
50 - 59,17.57281120378217,8.69720351456224,9.388519691360777,7.782882119441595,6.088042460193568,8.362695687079077,10.570447348467955,12.666696400695777,17.57281120378217
60 - 69,8.599436487438366,6.3101667057994835,6.456914768725053,4.84268607654379,4.373092275181968,5.752524066682319,5.429678328246067,6.046020192533459,8.599436487438366
70 - 79,3.5072526520891967,4.546438623078589,4.200043299415459,3.3340549902576315,2.987659666594501,3.377354405715523,1.9484736956051094,2.94436025113661,3.5072526520891967
80+,2.7572844474252927,3.577017661524704,3.278932856397645,2.1611148371711755,3.6515388628064684,2.7572844474252927,3.502496460242939,4.247708473060586,2.7572844474252927
