Altersgruppen,Fälle pro 1000 Personen,woche1,woche2,woche3,woche4,woche5,woche6,woche7,woche8
0 - 9,0.09954871250331829,0.43137775418104596,0.13273161667109107,0.4645606583488187,0.5309264666843643,0.33182904167772764,0.19909742500663657,0.23228032917440936,0.09954871250331829
10 - 19,0.5383097075183922,0.5024223936838328,1.1842813565404628,0.7177462766911897,1.0048447873676656,1.112506728871344,0.7895209043603085,1.112506728871344,0.5383097075183922
20 - 29,1.5287247378237074,1.834469685388449,3.24089644418626,2.476534075274406,2.629406549056777,2.4153850857614576,1.7427462011190265,1.651022716849604,1.5287247378237074
30 - 39,1.7686072218128224,2.7511667894866125,4.446082043723901,4.225006140997298,3.4635224760501107,3.389830508474576,2.038811102923115,2.2598870056497176,1.7686072218128224
40 - 49,2.2841480127912286,2.7678499449117244,4.622040684706957,3.466530513530218,4.353317389084459,3.0634455700964716,2.821594604036224,2.7141052857872245,2.2841480127912286
50 - 59,2.2842298562278853,3.5607112464728807,5.553813768083486,5.397052895597259,4.456487660679894,4.725220584941998,3.0232453979486724,2.664934832265866,2.2842298562278853
60 - 69,2.4112791126492867,3.4892627159513205,5.47502198519191,6.240957703327566,4.453774361011035,3.7729426115571187,2.5814870500127656,2.780062976936825,2.4112791126492867
70 - 79,2.792232516816855,4.146042221940179,6.642128865761306,7.361340271608072,5.711384693489022,3.3422177095232053,3.0883783898125823,2.5806997503913354,2.792232516816855
80+,3.117975491262418,3.262997607135088,5.365818287288811,7.903705315060548,6.30846204046117,3.1904865491987526,2.6103980857080704,2.9004423174534115,3.117975491262418
