Altersgruppen,Fälle pro 1000 Personen,woche1,woche2,woche3,woche4,woche5,woche6,woche7,woche8
0 - 9,0.5664117813650523,0.0,0.0,0.0,1.1328235627301046,0.28320589068252616,0.28320589068252616,0.0,0.5664117813650523
10 - 19,0.2642706131078224,0.2642706131078224,0.5285412262156448,0.5285412262156448,0.2642706131078224,0.2642706131078224,0.5285412262156448,1.0570824524312896,0.2642706131078224
20 - 29,1.3556258472661546,1.3556258472661546,0.22593764121102577,0.6778129236330773,1.1296882060551288,0.45187528242205155,0.45187528242205155,0.22593764121102577,1.3556258472661546
30 - 39,0.4417936823503424,1.9880715705765406,0.6626905235255136,0.2208968411751712,1.5462778882261983,0.8835873647006848,1.1044842058758562,0.4417936823503424,0.4417936823503424
40 - 49,1.9051651143099069,1.0584250635055037,0.8467400508044031,0.6350550381033022,1.4817950889077054,0.6350550381033022,0.8467400508044031,0.6350550381033022,1.9051651143099069
50 - 59,1.088139281828074,0.9067827348567282,0.7254261878853826,1.2694958287994198,1.2694958287994198,0.544069640914037,0.544069640914037,0.18135654697134565,1.088139281828074
60 - 69,1.6931216931216932,0.4232804232804233,0.6349206349206349,0.4232804232804233,0.8465608465608466,0.8465608465608466,1.4814814814814814,0.8465608465608466,1.6931216931216932
70 - 79,0.8542141230068337,1.7084282460136675,0.2847380410022779,1.1389521640091116,1.1389521640091116,0.2847380410022779,0.2847380410022779,1.4236902050113895,0.8542141230068337
80+,0.4816955684007707,0.9633911368015414,0.4816955684007707,0.4816955684007707,0.9633911368015414,0.4816955684007707,0.0,1.9267822736030829,0.4816955684007707
