Altersgruppen,Fälle pro 1000 Personen,woche1,woche2,woche3,woche4,woche5,woche6,woche7,woche8
0 - 9,0.4744509313950796,1.1097133563639723,0.8405536933609945,0.5280547625863506,0.5166496921201228,0.541740847145824,0.5063851287005178,0.5360383119127101,0.4744509313950796
10 - 19,0.9005318435122861,3.0288476253034142,1.9329062575780047,1.2795792338534053,1.2160122801937143,1.2054177879170993,0.9923507765762839,0.924075159682542,0.9005318435122861
20 - 29,1.4333409752498232,7.217758015824547,5.384661325031257,3.358911277349552,2.4900446377827907,2.267530010576669,1.8523620264821306,1.5344839876162422,1.4333409752498232
30 - 39,2.0511088052894477,7.458796843705509,5.88708444937783,3.9405419753384328,2.98496657899182,2.6897677823089854,2.4613305663473373,2.171762264424121,2.0511088052894477
40 - 49,2.0699522337922405,6.257298308665084,4.69172526814912,3.325906363584155,2.6359222856534084,2.5901452961646374,2.3387880084262953,2.018349082004899,2.0699522337922405
50 - 59,2.0483269687147114,6.9940243659308035,5.3398136722938565,3.714084037598077,2.7318723833027097,2.5625255463552326,2.263859306647864,2.144546762434869,2.0483269687147114
60 - 69,2.0004279985485267,6.511987577703963,5.19490991871129,3.750673270663594,2.516300645202643,2.5545517232110644,2.1968524531863665,2.180311446480022,2.0004279985485267
70 - 79,2.0204571284253063,6.267762167211837,5.166558718856378,3.5833241679532146,2.408797678646837,2.3422638081543368,2.050329478442347,2.004163119325102,2.0204571284253063
80+,1.8983654418936522,6.851571824765595,5.444162962672026,3.6876294216095085,2.487513337653751,2.280220559515939,2.1187503954928,1.8045381844207475,1.8983654418936522
