Altersgruppen,Fälle pro 1000 Personen,woche1,woche2,woche3,woche4,woche5,woche6,woche7,woche8
0 - 9,0.09954871250331829,0.5309264666843643,0.33182904167772764,0.19909742500663657,0.23228032917440936,0.09954871250331829,0.19909742500663657,0.13273161667109107,0.09954871250331829
10 - 19,0.5383097075183922,1.0048447873676656,1.112506728871344,0.7895209043603085,1.112506728871344,0.5383097075183922,0.7177462766911897,0.7536335905257492,0.5383097075183922
20 - 29,1.1312563059895435,2.629406549056777,2.4153850857614576,1.7427462011190265,1.651022716849604,1.5287247378237074,1.5592992325801815,1.437001253554285,1.1312563059895435
30 - 39,1.0808155244411692,3.4635224760501107,3.389830508474576,2.038811102923115,2.2598870056497176,1.7931712110046671,1.3755833947433063,1.4738393515106853,1.0808155244411692
40 - 49,1.5317227850482358,4.353317389084459,3.0634455700964716,2.821594604036224,2.7141052857872245,2.3110203423534785,2.337892671915728,1.4779781259237363,1.5317227850482358
50 - 59,1.3884534420208714,4.456487660679894,4.725220584941998,3.0232453979486724,2.664934832265866,2.2842298562278853,2.015496931965781,1.8139472387692033,1.3884534420208714
60 - 69,1.0496156137414543,4.453774361011035,3.7729426115571187,2.5814870500127656,2.780062976936825,2.4396471022098667,1.9006553005588493,1.616975404953051,1.0496156137414543
70 - 79,1.7768752379743622,5.711384693489022,3.3422177095232053,3.0883783898125823,2.538393197106232,2.8345390701019584,2.4960866438211275,1.4807293649786353,1.7768752379743622
80+,2.1028206801537235,6.30846204046117,3.1904865491987526,2.6103980857080704,2.9004423174534115,3.117975491262418,2.9004423174534115,3.1904865491987526,2.1028206801537235
