Altersgruppen,Fälle pro 1000 Personen,woche1,woche2,woche3,woche4,woche5,woche6,woche7,woche8
0 - 9,16.60350158473454,6.600114278806072,7.067722167921415,10.882718238874638,19.79349979413848,36.62852430933745,39.588140095323574,25.620350295334298,16.60350158473454
10 - 19,27.471518473263032,10.685134043870615,16.23429366519992,31.95534303788826,36.40032113083256,48.50982580300366,51.18081502251918,38.86530633385835,27.471518473263032
20 - 29,22.095413501532555,13.107171135903458,24.294551570413837,44.422974298115655,32.801160543821894,33.825113135683836,33.04005070636353,28.69571750852973,22.095413501532555
30 - 39,24.134713608905834,10.867659242457147,17.93795194774901,27.698012435349856,28.441237743619443,37.25215768602753,39.73601023141334,32.67295673366955,24.134713608905834
40 - 49,21.677485295182514,9.273585761525188,14.990715594222777,22.49148339918284,25.165691894226857,32.83125686134649,35.049360079302396,29.329733319905415,21.677485295182514
50 - 59,14.134302818316247,6.2819978924016375,11.639516006740003,17.032443005167387,17.162532166277042,19.601896376670474,19.802803305958157,17.507383906970084,14.134302818316247
60 - 69,9.575175257135118,4.088730095224507,7.314226402961667,9.282606201016652,9.78917453139845,11.537352177675224,12.364402512992443,11.329555780926773,9.575175257135118
70 - 79,5.625506641845459,2.2472154217364797,3.8589644885650003,4.695390289042144,4.632929920824695,5.542678762252756,6.263688664936786,6.0206363625254085,5.625506641845459
80+,5.952575776420555,2.3325892613612806,3.417057795408574,4.196042235358038,4.750277663221243,5.496531664517368,5.943847659446332,5.996216361291674,5.952575776420555
