Altersgruppen,Fälle pro 1000 Personen,woche1,woche2,woche3,woche4,woche5,woche6,woche7,woche8
0 - 9,3.4188034188034186,12.535612535612534,11.396011396011396,7.407407407407407,4.5584045584045585,3.988603988603989,2.849002849002849,2.2792022792022792,3.4188034188034186
10 - 19,4.822182037371911,37.3719107896323,40.988547317661244,23.508137432188065,18.083182640144667,19.891500904159134,9.644364074743821,5.424954792043399,4.822182037371911
20 - 29,2.4061597690086622,31.76130895091434,25.98652550529355,20.692974013474494,22.617901828681426,37.0548604427334,13.95572666025024,11.068334937439845,2.4061597690086622
30 - 39,8.184882041405874,28.406355320173326,30.33220991815118,23.591718825228696,22.147327876745305,42.85026480500722,19.74000962927299,7.221954742416948,8.184882041405874
40 - 49,7.672634271099745,27.10997442455243,30.69053708439898,22.506393861892583,13.81074168797954,37.851662404092075,22.506393861892583,13.29923273657289,7.672634271099745
50 - 59,14.274061990212072,15.905383360522023,18.35236541598695,15.905383360522023,13.05057096247961,35.48123980424143,23.246329526916803,19.168026101141926,14.274061990212072
60 - 69,15.298317185109639,9.688934217236104,14.278429372768995,18.357980622131564,10.198878123406425,20.39775624681285,26.007139214686386,17.338092809790925,15.298317185109639
70 - 79,15.804597701149428,7.902298850574714,8.620689655172413,11.494252873563218,4.310344827586206,6.4655172413793105,17.95977011494253,10.057471264367816,15.804597701149428
80+,8.298755186721992,5.186721991701245,3.1120331950207465,8.298755186721992,4.149377593360996,3.1120331950207465,11.410788381742737,11.410788381742737,8.298755186721992
