Altersgruppen,Fälle pro 1000 Personen,woche1,woche2,woche3,woche4,woche5,woche6,woche7,woche8
0 - 9,2.678504532853825,12.11882820109388,8.185360005993855,6.256087510301941,5.750355885217652,5.675432681501461,5.338278264778602,4.308084213680977,2.678504532853825
10 - 19,9.383145091225021,33.43952118930399,25.504392315860606,19.248962255043924,17.70441162274351,23.59301090838884,22.415291051259775,15.986099044309295,9.383145091225021
20 - 29,13.864185707119077,30.4799258144449,24.216719113421806,18.652802480959547,19.91456499597148,34.56925251972454,31.878505951566563,23.69985254100728,13.864185707119077
30 - 39,17.45024117092643,31.851194766313686,26.792149470532795,18.559073016577038,19.00260575483728,30.492875755391697,31.754171979819258,27.443588179852526,17.45024117092643
40 - 49,16.729603273706537,27.47145285772315,22.852758428741218,16.74464788096707,17.030495418917088,25.425386270291416,27.41127442868104,24.838646587130842,16.729603273706537
50 - 59,16.845648968513903,18.815976617038764,16.897843078408602,12.252567297780445,13.335595078095437,22.052011430510067,26.77557837598027,24.270261101034748,16.845648968513903
60 - 69,13.486360385519191,11.255661887409325,11.255661887409325,8.633314034669482,8.939822225249463,15.853284746109049,19.531383033068828,18.81619725504887,13.486360385519191
70 - 79,10.80608819607302,5.678944222191566,6.230744470501678,5.173127327907297,6.368694532579207,9.058720743091001,13.749022853726952,15.634340368786498,10.80608819607302
80+,10.818691015115476,5.064068134734904,4.335149236553365,3.7980511010511777,3.9131435586587893,7.059004066600169,14.808562878846006,13.964551523056855,10.818691015115476
