Altersgruppen,Fälle pro 1000 Personen,woche1,woche2,woche3,woche4,woche5,woche6,woche7,woche8
0 - 9,33.82557112204973,10.286507635996466,7.38356683074593,6.689385333838192,3.9126593462072448,5.490344566452102,13.883629938154739,22.907989397955323,33.82557112204973
10 - 19,47.72831574116567,21.569527306103716,13.30885727397889,10.227496230249788,11.079787582770603,23.077427391332854,29.240149478791057,35.92735855241592,47.72831574116567
20 - 29,34.5558272208639,12.822602553653898,10.6492800869329,10.812279271936974,16.951915240423798,34.50149415919587,27.65552838902472,30.209182287421896,34.5558272208639
30 - 39,39.379802414928655,14.773143066227588,12.852177094767654,11.251372118551043,15.504939626783754,21.084888401024514,22.548481522136846,30.826930113428467,39.379802414928655
40 - 49,31.113058720420685,12.708150744960562,10.823838737949167,9.15863277826468,11.174408413672216,15.205959684487292,20.508326029798422,25.810692375109554,31.113058720420685
50 - 59,20.286748946862758,9.82928091050181,8.12948045229473,7.538245510309659,9.274998152390806,13.376690562412238,14.152686423767646,16.222008720715394,20.286748946862758
60 - 69,14.267580604214267,6.905305915206905,6.092916984006093,5.128205128205129,7.057628839807058,7.971566387407972,8.834729626808835,12.642802741812643,14.267580604214267
70 - 79,5.710471670127559,3.633936517353901,4.375556214773064,3.4114506081281517,3.485612577870068,4.375556214773064,4.894690002966478,4.820528033224562,5.710471670127559
80+,5.564182194616977,4.528985507246377,3.7525879917184266,4.011387163561077,4.140786749482402,2.846790890269151,3.3643892339544514,3.3643892339544514,5.564182194616977
