Altersgruppen,Fälle pro 1000 Personen,woche1,woche2,woche3,woche4,woche5,woche6,woche7,woche8
0 - 9,12.535612535612534,10.256410256410257,4.5584045584045585,2.849002849002849,0.0,1.1396011396011396,2.2792022792022792,8.547008547008549,12.535612535612534
10 - 19,37.3719107896323,21.699819168173597,10.849909584086799,7.2332730560578655,27.727546714888486,27.124773960217,27.124773960217,29.535864978902953,37.3719107896323
20 - 29,33.205004812319544,10.105871029836381,12.03079884504331,14.436958614051973,43.79210779595765,33.205004812319544,31.76130895091434,29.836381135707413,33.205004812319544
30 - 39,28.406355320173326,15.888300433317285,9.1478093403948,5.777563793933558,19.74000962927299,23.11025517573423,25.51757342320655,34.66538276360135,28.406355320173326
40 - 49,28.132992327365727,14.83375959079284,11.76470588235294,6.138107416879795,7.672634271099745,19.437340153452684,23.017902813299234,32.73657289002557,28.132992327365727
50 - 59,16.31321370309951,8.97226753670473,7.748776508972267,7.34094616639478,9.787928221859705,18.35236541598695,15.905383360522023,14.68189233278956,16.31321370309951
60 - 69,10.198878123406425,3.569607343192249,6.119326874043855,4.07955124936257,5.099439061703213,2.039775624681285,9.688934217236104,10.708822029576748,10.198878123406425
70 - 79,7.902298850574714,0.0,2.155172413793103,2.155172413793103,6.4655172413793105,4.310344827586206,7.183908045977011,7.902298850574714,7.902298850574714
80+,5.186721991701245,3.1120331950207465,1.037344398340249,3.1120331950207465,0.0,12.448132780082986,4.149377593360996,5.186721991701245,5.186721991701245
