Altersgruppen,Fälle pro 1000 Personen,woche1,woche2,woche3,woche4,woche5,woche6,woche7,woche8
0 - 9,0.0,0.0,0.2554931016862545,0.7664793050587635,0.510986203372509,0.2554931016862545,0.2554931016862545,0.2554931016862545,0.0
10 - 19,1.2671059300557526,1.2671059300557526,0.7602635580334517,1.2671059300557526,0.0,0.25342118601115055,1.0136847440446022,0.0,1.2671059300557526
20 - 29,2.158428663932657,1.7267429311461255,0.4316857327865314,1.9425857975393912,2.8059572631124543,3.0218001295057197,2.374271530325923,1.5109000647528599,2.158428663932657
30 - 39,3.544842254519674,1.4179369018078696,1.2406947890818858,2.6586316908897554,1.772421127259837,6.026231832683446,3.7220843672456576,3.7220843672456576,3.544842254519674
40 - 49,3.206841261357563,2.494209869944771,1.4252627828255835,1.6034206306787815,2.672367717797969,3.206841261357563,2.850525565651167,3.206841261357563,3.206841261357563
50 - 59,5.637288601677437,2.7498968788670424,0.41248453183005634,1.9249278152069298,3.024886566753747,4.8123195380173245,6.324762821394198,5.224804069847381,5.637288601677437
60 - 69,2.8113113940797088,1.65371258475277,2.149826360178601,2.645940135604432,4.96113775425831,5.457251529684141,4.299652720357202,4.795766495783033,2.8113113940797088
70 - 79,3.1383097960098634,1.1208249271463797,2.017484868863484,0.44832997085855186,4.034969737726968,4.034969737726968,4.707464694014795,6.05245460659045,3.1383097960098634
80+,4.2283298097251585,0.8456659619450316,5.919661733615222,3.8054968287526427,2.1141649048625792,4.651162790697675,5.496828752642706,3.3826638477801265,4.2283298097251585
