Altersgruppen,Fälle pro 1000 Personen,woche1,woche2,woche3,woche4,woche5,woche6,woche7,woche8
0 - 9,0.6066120715802245,0.20220402386007483,0.168503353216729,0.0674013412866916,0.10110201193003741,0.3033060357901122,0.2359046945034206,0.37070737707680385,0.6066120715802245
10 - 19,2.000363702491362,0.4000727404982724,0.4000727404982724,0.2545917439534461,0.2545917439534461,0.6546644844517185,0.5455537370430987,1.3456992180396434,2.000363702491362
20 - 29,4.923315629289252,0.9846631258578504,0.8354717431521156,0.6862803604463806,1.1935310616458794,1.6112669332219371,2.148355910962583,2.7451214417855225,4.923315629289252
30 - 39,4.801080243054687,1.2252756870295818,1.1502588082318523,0.6001350303818359,1.3002925658273112,1.6503713335500487,2.5755795053887125,3.5758045560251053,4.801080243054687
40 - 49,4.998913279721799,1.1682242990654206,0.7335361877852641,0.46185611823516626,0.7335361877852641,1.3584003477504891,3.124320799826125,3.586176918061291,4.998913279721799
50 - 59,4.683109584764283,1.5164354845903394,0.7136166986307481,0.8028187859595914,1.1150260916105437,1.6948396592480264,2.4084563578787743,3.411979840328264,4.683109584764283
60 - 69,4.578539563277765,1.5261798544259215,1.0859356656492134,0.9391876027236441,0.9685372153087579,1.2913829537450106,2.2892697816388825,3.4926038976285514,4.578539563277765
70 - 79,3.94024680666811,1.385581294652522,1.1690842173630656,0.9958865555315002,1.5154795410261963,0.822688893699935,2.164970772894566,2.857761420220827,3.94024680666811
80+,3.1298904538341157,2.2356360384529395,0.670690811535882,0.37260600640882335,0.7452120128176467,0.9687756166629407,1.4159028243535285,3.8005812653699977,3.1298904538341157
