Altersgruppen,Fälle pro 1000 Personen,woche1,woche2,woche3,woche4,woche5,woche6,woche7,woche8
0 - 9,0.6310740880979427,0.1893222264293828,0.12621481761958855,0.1893222264293828,0.3786444528587656,0.4417518616685599,0.6941814969077369,0.8203963145273255,0.6310740880979427
10 - 19,1.0489739723333114,0.5244869861666557,0.6556087327083197,0.8522913525208157,0.7211696059791517,1.5079000852291353,2.032387071395791,1.770143578312463,1.0489739723333114
20 - 29,2.6079869600651997,0.8693289866883999,0.9779951100244498,1.1409942950285248,2.2819885900570496,2.71665308340125,4.346644933442,3.5859820700896496,2.6079869600651997
30 - 39,3.9334065129893894,0.8690084156604464,2.058177826564215,1.4178558360775704,3.0186608122941823,4.665203073545554,5.031101353823637,4.3450420783022325,3.9334065129893894
40 - 49,3.330411919368975,0.6134969325153374,1.7090271691498684,2.1910604732690624,2.629272567922875,3.9000876424189306,5.170902716914987,3.9877300613496938,3.330411919368975
50 - 59,3.547409651910428,1.2563742517182765,1.4780873549626783,2.2910354001921514,2.586652871184687,4.61902298425837,5.542827581110044,4.61902298425837,3.547409651910428
60 - 69,3.2495557248032494,0.913937547600914,1.4216806296014215,1.7771007870017772,2.6402640264026402,4.468139121604468,4.874333587204874,4.722010662604722,3.2495557248032494
70 - 79,2.595668940967072,0.7416196974191634,0.7416196974191634,2.5215069712251554,1.928211213289825,2.966478789676654,3.85642242657965,4.598042123998813,2.595668940967072
80+,2.846790890269151,0.6469979296066253,1.2939958592132506,1.1645962732919255,2.070393374741201,2.070393374741201,2.329192546583851,4.917184265010352,2.846790890269151
