Altersgruppen,Fälle pro 1000 Personen,woche1,woche2,woche3,woche4,woche5,woche6,woche7,woche8
0 - 9,9.303112313937753,5.412719891745603,13.024357239512856,24.69553450608931,22.15832205683356,10.148849797023004,12.686062246278755,11.671177266576455,9.303112313937753
10 - 19,34.0887450009522,16.187392877547133,27.804227766139785,48.562178632641405,39.99238240335174,30.089506760617027,31.04170634164921,21.519710531327366,34.0887450009522
20 - 29,18.411013435063857,27.699452645546526,23.552827998009622,26.538397744236192,34.66578205340853,30.85088737767457,28.694642560955383,18.74274340686681,18.411013435063857
30 - 39,24.38684503901895,13.656633221850614,14.771460423634336,24.24749163879599,33.16610925306578,30.93645484949833,26.755852842809364,17.837235228539576,24.38684503901895
40 - 49,21.076616348618625,8.54457419538593,18.22842495015665,26.63058957561948,26.203360865850186,26.915408715465677,27.342637425234976,18.22842495015665,21.076616348618625
50 - 59,12.884834663625998,6.613454960091221,10.4903078677309,14.937286202964653,19.156214367160775,14.481185860889395,15.39338654503991,12.65678449258837,12.884834663625998
60 - 69,11.868193242111143,6.143535325328121,4.607651493996091,7.1209159452666855,11.449315833566043,9.63418039653728,11.728567439262775,9.215302987992182,11.868193242111143
70 - 79,7.231820008035355,1.6070711128967456,1.8079550020088389,3.013258336681398,5.62474889513861,5.825632784250703,4.620329449578144,5.02209722780233,7.231820008035355
80+,5.982053838484546,1.6616816218012629,2.991026919242273,11.299435028248588,14.955134596211366,5.982053838484546,2.6586905948820205,5.317381189764041,5.982053838484546
