Altersgruppen,Fälle pro 1000 Personen,woche1,woche2,woche3,woche4,woche5,woche6,woche7,woche8
0 - 9,1.68503353216729,13.581370269268358,15.873015873015872,13.412866916051629,10.211303204933778,8.593671014053179,6.706433458025814,3.639672429481347,1.68503353216729
10 - 19,5.601018366975814,27.823240589198036,27.568648845244592,25.85924713584288,27.823240589198036,29.532642298599747,20.040007274049827,12.002182214948173,5.601018366975814
20 - 29,9.011159515426389,23.12466431938891,18.141672137017366,21.931133257743035,30.524556901593364,35.059974935847706,27.779435459807843,16.94814107537149,9.011159515426389
30 - 39,8.9020029506639,23.23022680103023,21.529844214948366,20.80468105323698,30.88194843839864,34.83283738841239,31.482083468780473,20.52961916431197,8.9020029506639
40 - 49,7.851554009997828,20.18582916757227,17.795044555531405,19.859813084112147,27.331014996739842,30.645511845251033,28.3362312540752,18.17539665290154,7.851554009997828
50 - 59,8.764105080058874,14.718344409259176,12.153784398554926,13.00120422817894,21.809910351902236,28.87917577271308,26.71602515498863,16.546987199500467,8.764105080058874
60 - 69,7.748297722470063,10.066917116694059,8.10049307349143,9.597323315332238,15.085700868748532,21.48391641230336,22.041559051420524,13.764968302418408,7.748297722470063
70 - 79,5.975319333189002,6.23511582593635,5.412426932236414,5.715522840441654,9.266074907988742,15.198094825719853,17.146568521324962,11.301147434509634,5.975319333189002
80+,7.67568373202176,5.738132498695879,4.173187271778821,5.141962888441762,8.271853342275877,16.09657947686117,18.704821521722927,12.14695580892764,7.67568373202176
