Altersgruppen,Fälle pro 1000 Personen,woche1,woche2,woche3,woche4,woche5,woche6,woche7,woche8
0 - 9,11.396011396011396,4.5584045584045585,2.849002849002849,0.0,1.1396011396011396,2.2792022792022792,8.547008547008549,12.535612535612534,11.396011396011396
10 - 19,41.59132007233273,10.849909584086799,7.2332730560578655,27.727546714888486,27.124773960217,27.124773960217,29.535864978902953,37.3719107896323,41.59132007233273
20 - 29,25.98652550529355,12.03079884504331,14.436958614051973,43.79210779595765,33.205004812319544,31.76130895091434,29.836381135707413,31.76130895091434,25.98652550529355
30 - 39,30.33220991815118,9.1478093403948,5.777563793933558,19.74000962927299,23.11025517573423,25.51757342320655,34.66538276360135,28.406355320173326,30.33220991815118
40 - 49,30.69053708439898,11.76470588235294,6.138107416879795,7.672634271099745,19.437340153452684,23.017902813299234,32.22506393861892,27.10997442455243,30.69053708439898
50 - 59,18.35236541598695,7.748776508972267,7.34094616639478,9.787928221859705,18.35236541598695,15.905383360522023,14.68189233278956,15.905383360522023,18.35236541598695
60 - 69,14.278429372768995,6.119326874043855,4.07955124936257,5.099439061703213,2.039775624681285,9.688934217236104,10.708822029576748,9.688934217236104,14.278429372768995
70 - 79,8.620689655172413,2.155172413793103,2.155172413793103,6.4655172413793105,4.310344827586206,7.183908045977011,7.902298850574714,7.902298850574714,8.620689655172413
80+,3.1120331950207465,1.037344398340249,3.1120331950207465,0.0,12.448132780082986,4.149377593360996,5.186721991701245,5.186721991701245,3.1120331950207465
