Altersgruppen,Fälle pro 1000 Personen,woche1,woche2,woche3,woche4,woche5,woche6,woche7,woche8
0 - 9,21.835163448188815,7.38356683074593,6.689385333838192,3.9126593462072448,5.490344566452102,13.883629938154739,22.907989397955323,34.078000757288905,21.835163448188815
10 - 19,43.2701763587491,13.30885727397889,10.227496230249788,11.079787582770603,23.142988264603687,29.240149478791057,35.92735855241592,48.515046220415655,43.2701763587491
20 - 29,29.50285248573757,10.6492800869329,10.812279271936974,16.951915240423798,34.5558272208639,27.65552838902472,30.209182287421896,35.42515620755229,29.50285248573757
30 - 39,32.83937065495792,12.852177094767654,11.251372118551043,15.504939626783754,21.084888401024514,22.594218807171607,30.781192828393706,39.92864983534577,32.83937065495792
40 - 49,30.1489921121823,10.823838737949167,9.15863277826468,11.174408413672216,15.205959684487292,20.508326029798422,25.85451358457493,31.63891323400526,30.1489921121823
50 - 59,17.256669869189267,8.12948045229473,7.538245510309659,9.274998152390806,13.376690562412238,14.152686423767646,16.222008720715394,20.8040795210997,17.256669869189267
60 - 69,13.201320132013201,6.092916984006093,5.128205128205129,7.057628839807058,7.971566387407972,8.834729626808835,12.642802741812643,14.47067783701447,13.201320132013201
70 - 79,7.1937110649658855,4.375556214773064,3.4114506081281517,3.485612577870068,4.375556214773064,4.894690002966478,4.820528033224562,5.784633639869475,7.1937110649658855
80+,6.728778467908903,3.7525879917184266,4.011387163561077,4.140786749482402,2.846790890269151,3.4937888198757765,3.3643892339544514,5.693581780538302,6.728778467908903
