Altersgruppen,Fälle pro 1000 Personen,woche1,woche2,woche3,woche4,woche5,woche6,woche7,woche8
0 - 9,0.16005487595747114,0.22864982279638732,0.2515148050760261,0.4801646278724134,0.4801646278724134,0.342974734194581,0.342974734194581,0.2972447696353035,0.16005487595747114
10 - 19,0.6991489669471299,0.40984594614142095,0.4580631162757058,0.7955833072156995,0.940234817618554,0.6991489669471299,0.6750403818799875,0.7955833072156995,0.6991489669471299
20 - 29,1.6245245876574355,1.6245245876574355,2.6183513942243373,2.503679070389695,1.7200848575196377,1.643636641629876,1.414291993960591,1.4907402098503526,1.6245245876574355
30 - 39,2.027667854923635,2.1584851358864503,2.8943323413022863,3.1559669032279167,2.6654020996173595,2.6490499394970075,2.125780815645747,2.3220067370899695,2.027667854923635
40 - 49,2.2234574763757644,2.761390736789256,2.743459628108806,3.1738062364395994,3.1738062364395994,2.6896663020674567,2.0800086069321666,1.9544908461690187,2.2234574763757644
50 - 59,2.1893814997263275,2.9943011687433594,3.6704336907176667,4.169483885508226,3.155285102546766,2.881612415080975,2.3825622202904153,2.028397565922921,2.1893814997263275
60 - 69,2.5151741914026773,3.1179845347967072,4.760123056456306,5.0511349463706665,3.8455142595826057,3.0348382805354617,2.598320445663923,2.4943876278373662,2.5151741914026773
70 - 79,2.2033645972904568,4.079202024713414,5.8954890576150065,6.223016227482507,4.615155575405686,3.3943724877177313,2.530891767157957,2.08426380824773,2.2033645972904568
80+,2.856495125821809,4.851507594649739,4.398095669916119,5.440943096803446,5.395601904330084,3.76331897528905,2.1763772387213782,2.0403536613012925,2.856495125821809
