Altersgruppen,Fälle pro 1000 Personen,woche1,woche2,woche3,woche4,woche5,woche6,woche7,woche8
0 - 9,0.0,0.5201560468140441,0.7802340702210664,0.5201560468140441,0.2600780234070221,0.7802340702210664,0.2600780234070221,0.0,0.0
10 - 19,0.5341880341880343,0.8012820512820512,0.8012820512820512,1.0683760683760686,0.26709401709401714,0.26709401709401714,0.8012820512820512,0.5341880341880343,0.5341880341880343
20 - 29,1.408781404085466,1.8783752054472882,1.173984503404555,0.23479690068091102,2.113172106128199,1.408781404085466,0.46959380136182205,1.408781404085466,1.408781404085466
30 - 39,2.012882447665056,2.6167471819645733,1.8115942028985508,0.6038647342995169,1.8115942028985508,2.214170692431562,1.4090177133655395,1.2077294685990339,2.012882447665056
40 - 49,0.5945303210463733,0.7927070947284979,2.378121284185493,2.5762980578676182,1.1890606420927465,1.7835909631391202,1.5854141894569957,1.7835909631391202,0.5945303210463733
50 - 59,2.293577981651376,1.3106159895150722,1.965923984272608,2.6212319790301444,2.293577981651376,0.81913499344692,1.3106159895150722,1.8020969855832243,2.293577981651376
60 - 69,2.689284236657013,2.689284236657013,1.2412081092263136,2.068680182043856,1.4480761274306992,1.2412081092263136,1.8618121638394705,2.2755482002482417,2.689284236657013
70 - 79,4.737933076695291,2.07284572105419,1.4806040864672787,2.6650873556411017,1.1844832691738227,3.257328990228013,1.7767249037607344,2.9612081729345574,4.737933076695291
80+,2.589331952356292,1.5535991714137751,0.5178663904712584,2.0714655618850335,2.0714655618850335,1.0357327809425168,2.0714655618850335,2.589331952356292,2.589331952356292
