Altersgruppen,Fälle pro 1000 Personen,woche1,woche2,woche3,woche4,woche5,woche6,woche7,woche8
0 - 9,1.111994370457218,0.13229881740824334,0.16879504290017255,0.23380394455767145,0.41856608611056306,0.6546510447614801,0.8987195527387567,1.2203425398863827,1.111994370457218
10 - 19,3.014721635601261,0.2931142863196853,0.4284883542986564,0.7333742987034696,1.1030043625764863,1.6515636293434475,2.594473441962194,3.4067178498360207,3.014721635601261
20 - 29,7.192713079429053,0.7214868215471221,1.2898142243679525,1.8282803568710784,3.1363966501434306,3.6767893162154404,5.420302196055616,7.687832206632285,7.192713079429053
30 - 39,7.448340210580504,1.0022280672120203,1.588603878606533,2.3342422560588147,3.6751043652421513,4.765007279425368,6.538613128705067,8.181108885725086,7.448340210580504
40 - 49,6.233161350571005,0.880582815983993,1.3250357684749687,2.059132218094895,3.19107232181723,4.27806774495059,6.042562612517759,7.271882857516207,6.233161350571005
50 - 59,6.968622340388682,0.9275588114623177,1.495640473586127,2.2084367054650533,3.326125829318402,4.560818222335462,6.370520102624183,7.764552474041824,6.968622340388682
60 - 69,6.4778717513721285,1.0400157966614045,1.3822078728989045,1.9508049784294934,2.981516458818579,4.183840883785988,5.732492636667483,6.7838803754395,6.4778717513721285
70 - 79,6.22838497855301,0.9762827119205614,1.2926580552828573,1.788267498747398,2.750971869751123,3.8942681749487758,5.344434984866939,6.525750644631735,6.22838497855301
80+,6.783928918215362,0.7309797965912339,1.1913879669815335,1.5776071430909318,2.7078982912528993,3.9865674279766696,5.14740698554842,6.6901016607424575,6.783928918215362
