Altersgruppen,Fälle pro 1000 Personen,woche1,woche2,woche3,woche4,woche5,woche6,woche7,woche8
0 - 9,11.80419786786676,8.115386034158398,7.451399904090892,17.70629680180014,34.047733225128184,49.54074292670331,43.011545981039504,16.636541370024712,11.80419786786676
10 - 19,19.306969155465776,13.1691399269676,21.404708258876543,32.82573226633517,51.20037293139616,69.53616657602362,53.33695905524046,27.076373242172323,19.306969155465776
20 - 29,18.683718028696195,18.24703680598877,32.127261384903306,27.35495945102932,33.90517779164067,34.09232688708671,30.53649407361198,24.204616344354335,18.683718028696195
30 - 39,18.95397268940792,12.310855696736438,18.663995360362737,22.091000158169454,33.53192386777034,40.596826066325725,36.7480360626351,25.72889755891812,18.95397268940792
40 - 49,19.23346118312383,10.974551359220582,15.257985945855147,18.28158683053837,30.236008846832217,34.88339539180828,32.25174276995436,23.096951202441275,19.23346118312383
50 - 59,12.048467699609795,9.355817721287908,11.888734226319514,12.596125322319331,18.0270634141889,18.50626383405974,16.247176140382905,15.288775300641216,12.048467699609795
60 - 69,8.20489444745164,5.469929631634426,6.381584570240165,6.808922822711604,9.942736674168827,12.050938719694596,10.370074926640266,9.942736674168827,8.20489444745164
70 - 79,4.640652112505548,2.3808563011984987,3.1072192405471935,3.4300472135910574,4.681005609136032,5.044187078810379,5.649489528267624,4.9634800855494134,4.640652112505548
80+,7.437635753307444,2.0404133482524847,2.1720529191074833,3.883367340222471,4.212466267359968,5.660501546764957,4.936483907062462,8.03001382215494,7.437635753307444
