Altersgruppen,Fälle pro 1000 Personen,woche1,woche2,woche3,woche4,woche5,woche6,woche7,woche8
0 - 9,5.319547463849554,10.077170899827676,20.66007342473964,23.54461676781299,12.11882820109388,8.185360005993855,6.256087510301941,5.750355885217652,5.319547463849554
10 - 19,21.623708852205812,27.33854619171735,43.09296264118158,49.48354088232455,33.43952118930399,25.504392315860606,19.248962255043924,17.70441162274351,21.623708852205812
20 - 29,32.41057448199329,24.353536735531538,30.95118651282285,32.380170565968896,30.4799258144449,24.216719113421806,18.652802480959547,19.91456499597148,32.41057448199329
30 - 39,28.344514054443646,19.196651327826135,30.24338859012031,35.524200255031325,31.851194766313686,26.792149470532795,18.559073016577038,19.00260575483728,28.344514054443646
40 - 49,23.695256435330755,17.060584633438143,26.598865636612558,31.74412131971295,27.47145285772315,22.852758428741218,16.74464788096707,17.030495418917088,23.695256435330755
50 - 59,20.447042551248092,11.026005715255033,15.945300572830355,18.189647298302386,18.815976617038764,16.910891605882277,12.252567297780445,13.335595078095437,20.447042551248092
60 - 69,14.610223750979124,5.976909716309642,8.497088172189489,11.374859517079319,11.255661887409325,11.255661887409325,8.616285801859483,8.939822225249463,14.610223750979124
70 - 79,8.552903848806732,2.3221593783050536,3.6096932910286474,5.724927576217409,5.678944222191566,6.230744470501678,5.173127327907297,6.3457028555662855,8.552903848806732
80+,6.138264405739277,2.340213304688099,4.143328473874012,3.8747794061229186,5.025703982199033,4.2584209314816235,3.721322795979437,3.6445944909076955,6.138264405739277
