Altersgruppen,Fälle pro 1000 Personen,woche1,woche2,woche3,woche4,woche5,woche6,woche7,woche8
0 - 9,0.33199306503375264,16.56276513335055,10.402449371057582,4.500350437124203,1.4017484968091778,0.885314840090007,0.47954553838208713,0.36888118337083625,0.33199306503375264
10 - 19,0.7380933882371222,33.75806075673996,18.607722787662187,7.691710045839484,2.5639033486131617,1.398492735607179,0.8934814699712532,0.8934814699712532,0.7380933882371222
20 - 29,1.372426699937617,31.752963194011226,15.689332501559575,7.797878976918279,5.552089831565814,3.1815346225826575,2.682470368059888,2.214597629444791,1.372426699937617
30 - 39,1.5289713713291506,34.665471608583324,19.11214214161438,8.962935625032953,6.089523909948859,3.427004797806717,2.5570728106711655,1.9507565772130542,1.5289713713291506
40 - 49,1.1758447884879195,35.191354741174166,20.773257929953246,9.126795263025281,5.543268288585907,4.003471541756489,2.631652621853915,1.8757524006831099,1.1758447884879195
50 - 59,1.6657919357415056,31.558770508637014,17.89014900851151,9.17326518038473,5.65912876799854,3.4228601419346005,2.761107181160578,2.464459302192912,1.6657919357415056
60 - 69,1.880288310874334,24.9850431611635,14.671946668186092,7.663599327654483,4.130936440557249,3.6751089712543803,2.5355402979972084,2.05122361186291,1.880288310874334
70 - 79,1.6141398652193213,18.23978047697833,12.670997941971672,6.012670997941972,3.954642669787337,3.2282797304386426,2.3001493079375326,1.6948468584802874,1.6141398652193213
80+,1.5796748502599882,16.06002764430988,14.41453300862239,6.055420259329955,3.6859079839399724,2.5011518462449813,2.369512275389982,1.5138550648324887,1.5796748502599882
