Altersgruppen,Fälle pro 1000 Personen,woche1,woche2,woche3,woche4,woche5,woche6,woche7,woche8
0 - 9,4.270622611822882,23.54461676781299,12.11882820109388,8.185360005993855,6.256087510301941,5.750355885217652,5.675432681501461,5.35700906570765,4.270622611822882
10 - 19,16.00540592721305,49.48354088232455,33.43952118930399,25.504392315860606,19.248962255043924,17.70441162274351,23.573704025485085,22.434597934163527,16.00540592721305
20 - 29,23.8518721211292,32.380170565968896,30.4799258144449,24.216719113421806,18.652802480959547,19.91456499597148,34.56925251972454,31.93931378361533,23.8518721211292
30 - 39,27.693075345123912,35.524200255031325,31.851194766313686,26.792149470532795,18.559073016577038,19.00260575483728,30.479015357321064,31.851194766313686,27.693075345123912
40 - 49,24.89882501617295,31.74412131971295,27.47145285772315,22.852758428741218,16.74464788096707,17.030495418917088,25.425386270291416,27.45640825046262,24.89882501617295
50 - 59,24.400746375771494,18.189647298302386,18.815976617038764,16.910891605882277,12.252567297780445,13.335595078095437,22.052011430510067,26.85386954082232,24.400746375771494
60 - 69,18.901338419098867,11.391887749889317,11.255661887409325,11.255661887409325,8.633314034669482,8.939822225249463,15.81922828048905,19.56543949868883,18.901338419098867
70 - 79,15.542373660734814,5.724927576217409,5.678944222191566,6.230744470501678,5.173127327907297,6.368694532579207,9.058720743091001,13.817997884765713,15.542373660734814
80+,13.657638302769893,3.8747794061229186,5.064068134734904,4.335149236553365,3.7980511010511777,3.9131435586587893,7.059004066600169,14.885291183917747,13.657638302769893
