Altersgruppen,Fälle pro 1000 Personen,woche1,woche2,woche3,woche4,woche5,woche6,woche7,woche8
0 - 9,0.2600780234070221,10.663198959687906,3.1209362808842656,3.6410923276983094,4.6814044213263974,4.6814044213263974,2.860858257477243,1.3003901170351106,0.2600780234070221
10 - 19,1.3354700854700854,20.032051282051285,16.292735042735043,14.155982905982906,15.224358974358974,12.286324786324785,6.143162393162393,2.136752136752137,1.3354700854700854
20 - 29,2.817562808170932,21.601314862643815,14.08781404085466,36.158722704860295,30.993190889880253,14.32261094153557,11.505048133364639,3.521953510213665,2.817562808170932
30 - 39,3.2206119162640903,24.154589371980677,18.317230273752013,36.63446054750403,35.628019323671495,25.966183574879228,16.505636070853463,7.0450885668276975,3.2206119162640903
40 - 49,3.5671819262782405,16.44867221561633,14.268727705112962,24.772096710265558,21.601268331351562,19.619500594530322,11.890606420927467,5.1525961157352365,3.5671819262782405
50 - 59,4.095674967234601,16.055045871559635,13.269986893840105,22.771952817824374,27.359108781127127,18.676277850589777,12.123197903014416,4.750982961992136,4.095674967234601
60 - 69,4.551096400496483,10.343400910219279,10.136532892014895,12.20521307405875,22.13487794786926,22.548613984278028,9.929664873810509,4.137360364087712,4.551096400496483
70 - 79,2.3689665383476455,7.106899615042938,6.810778797749482,10.36422860527095,18.359490672194255,14.806040864672786,11.548711874444773,4.14569144210838,2.3689665383476455
80+,2.0714655618850335,7.767995857068876,12.428793371310201,8.803728638011393,25.37545313309166,18.125323666494047,9.83946141895391,5.696530295183843,2.0714655618850335
