Altersgruppen,Fälle pro 1000 Personen,woche1,woche2,woche3,woche4,woche5,woche6,woche7,woche8
0 - 9,0.42940451290291304,0.3324422035377391,0.24933165265330431,0.16622110176886956,0.06925879240369565,0.1385175848073913,0.22162813569182607,0.24933165265330431,0.42940451290291304
10 - 19,1.421245421245421,0.761904761904762,0.46886446886446886,0.3663003663003663,0.29304029304029305,0.380952380952381,0.6153846153846154,1.1868131868131868,1.421245421245421
20 - 29,3.1412572478613376,1.1546913994114798,0.9684508511193057,0.670465973851827,0.6580499372990154,1.3160998745980308,1.5768366422070748,2.979848772674787,3.1412572478613376
30 - 39,3.49188087236469,1.6551111649358643,1.170688384954636,0.9688455599624572,0.9082927124648036,1.3220705036987699,2.0789810974194394,2.977181668634634,3.49188087236469
40 - 49,3.369751768596425,1.6534806814852023,1.4965046674201516,0.8267403407426012,0.6488341914688769,1.1197622336640294,2.103478588471681,2.689522374314538,3.369751768596425
50 - 59,4.549429693169343,1.9258322014029734,1.2745845970638037,1.0699067785572074,0.8187112740263849,1.3676199691122564,2.1677241687289506,3.163202649647396,4.549429693169343
60 - 69,3.603670085848523,1.6972917127887241,1.4390081912773967,0.8240474257742356,0.7994489951541092,1.3652128994170172,1.8448822965094827,2.8411187366246033,3.603670085848523
70 - 79,3.1759327121069347,1.6054165357903187,1.4658150978955085,1.1866122221058877,0.8027082678951594,1.0470107842110772,1.3960143789481032,2.3732244442117754,3.1759327121069347
80+,2.998732494512629,1.360249791325316,1.452994095279315,0.9583578075246545,0.5873805917086593,0.8346987355859894,1.3293350233406498,2.565925742727301,2.998732494512629
