Altersgruppen,Fälle pro 1000 Personen,woche1,woche2,woche3,woche4,woche5,woche6,woche7,woche8
0 - 9,0.4547521600727603,0.37896013339396695,0.3031681067151736,0.1515840533575868,0.0,0.0757920266787934,0.1515840533575868,0.37896013339396695,0.4547521600727603
10 - 19,1.8755861206627071,1.4848390121913098,1.015942482025633,0.3907471084713973,0.7814942169427946,1.0940919037199124,0.859643638637074,1.4848390121913098,1.8755861206627071
20 - 29,4.130369480324422,1.0513667768098527,1.0513667768098527,0.5256833884049263,0.9011715229798738,1.351757284469811,2.328026434364674,3.3042955842595374,4.130369480324422
30 - 39,4.707028079857166,2.3264621544121624,0.8115565654926148,1.0820754206568197,2.1641508413136394,2.5969810095763672,3.3544338040361414,5.031650706054212,4.707028079857166
40 - 49,4.778297282022299,2.31207933001079,1.3872475980064738,1.0789703540050353,2.0551816266762573,2.8258747366798542,3.1341519806812927,4.264501875353234,4.778297282022299
50 - 59,5.580463607745874,2.4802060478870556,2.003243346370314,1.2401030239435278,2.384813507583707,2.8140799389487743,3.195650100162167,4.14957550319565,5.580463607745874
60 - 69,4.639066563576298,3.162999929711113,1.265199971884445,1.0543333099037042,1.7572221831728403,2.389822169115063,2.319533281788149,4.076755464960989,4.639066563576298
70 - 79,3.9813556030297144,2.0392309186249755,0.8739561079821324,0.5826374053214216,2.816080792386871,2.2334433870654493,2.4276558555059236,3.5929306661487668,3.9813556030297144
80+,3.9662865642042635,1.6526194017517766,1.3220955214014214,0.16526194017517767,1.8178813419269542,3.4705007436787305,3.305238803503553,1.9831432821021318,3.9662865642042635
