Altersgruppen,Fälle pro 1000 Personen,woche1,woche2,woche3,woche4,woche5,woche6,woche7,woche8
0 - 9,22.13127179020767,5.911778080945885,5.002273760800364,4.168561467333636,8.337122934667272,21.752311656813703,34.03061997877823,38.80551765954222,22.13127179020767
10 - 19,43.7636761487965,10.31572366364489,9.690528290090652,12.660206314473273,29.931228508909033,42.74773366677086,59.70615817442951,51.81306658330728,43.7636761487965
20 - 29,27.260438570141183,8.185641333733853,11.114448783418444,21.553018924601982,41.3787924301592,29.888855512165815,33.41844397717032,31.616100931210575,27.260438570141183
30 - 39,30.352215549423796,7.0875940053021695,9.522263701780014,14.662121949899907,25.591083698533787,28.079857166044473,33.86896066655846,35.81669642374073,30.352215549423796
40 - 49,26.049427118121564,7.244515234033808,7.3472743153676205,8.94004007604172,17.00662796074603,23.531829625443148,30.87910394081077,32.52324924215178,26.049427118121564
50 - 59,16.93217590384432,6.248211389869312,5.294285986835829,7.106744252599446,12.973385481255367,15.024325097777353,17.790708766574454,17.59992368596776,16.93217590384432
60 - 69,10.754199761017782,4.779644338230126,3.30357770436494,4.849933225557039,7.3803331693259295,10.051310887748647,10.051310887748647,11.949110845575316,10.754199761017782
70 - 79,4.952417945232084,1.553699747523791,2.3305496212856864,1.6508059817440282,2.0392309186249755,2.816080792386871,4.078461837249951,4.952417945232084,4.952417945232084
80+,3.305238803503553,1.9831432821021318,2.1484052222773093,1.6526194017517766,3.305238803503553,3.305238803503553,3.801024624029086,5.123120145430507,3.305238803503553
