Altersgruppen,Fälle pro 1000 Personen,woche1,woche2,woche3,woche4,woche5,woche6,woche7,woche8
0 - 9,16.56244333105612,6.597833264712826,7.0665816608747924,10.882718238874638,19.79349979413848,36.62738380229082,39.59042110941682,25.65798702787285,16.56244333105612
10 - 19,27.50447911590139,10.688665541296153,16.23547083100843,31.95181154046272,36.40032113083256,48.508648637195144,51.19611817802985,38.965365427581936,27.50447911590139
20 - 29,22.18981364640788,13.106207869119016,24.29166177006051,44.422974298115655,32.79827074346857,33.82414986889939,33.05546297491461,28.75736658273402,22.18981364640788
30 - 39,24.17573578501162,10.866854886062915,17.93795194774901,27.6939906533787,28.43802031804252,37.25296204242176,39.74646686453834,32.736500888813815,24.17573578501162
40 - 49,21.70661610667537,9.273585761525188,14.989050976423187,22.492315708082636,25.161530349727876,32.830424552446694,35.05102469710198,29.39715034078888,21.70661610667537
50 - 59,14.135842335015768,6.2819978924016375,11.639516006740003,17.032443005167387,17.16176240792728,19.598817343271428,19.80665209770697,17.532016174162447,14.135842335015768
60 - 69,9.560701876267068,4.088730095224507,7.315260215880814,9.282606201016652,9.787106905560156,11.537352177675224,12.367503951749883,11.335758658441652,9.560701876267068
70 - 79,5.633653646395562,2.2472154217364797,3.8589644885650003,4.696748123133827,4.632929920824695,5.545394430436123,6.266404333120153,6.036930371625613,5.633653646395562
80+,5.974396068856115,2.3325892613612806,3.417057795408574,4.196042235358038,4.7480956339776865,5.498713693760924,5.946029688689888,6.018036653727233,5.974396068856115
