Altersgruppen,Fälle pro 1000 Personen,woche1,woche2,woche3,woche4,woche5,woche6,woche7,woche8
0 - 9,0.0,0.0,1.1422044545973729,0.0,0.0,0.0,0.0,0.0,0.0
10 - 19,0.6002400960384153,0.6002400960384153,0.6002400960384153,0.0,0.6002400960384153,0.0,0.0,0.0,0.6002400960384153
20 - 29,1.492537313432836,0.49751243781094523,2.487562189054726,2.985074626865672,0.49751243781094523,0.0,1.492537313432836,0.9950248756218905,1.492537313432836
30 - 39,0.4798464491362764,0.4798464491362764,0.0,1.4395393474088292,1.4395393474088292,1.4395393474088292,0.9596928982725528,0.4798464491362764,0.4798464491362764
40 - 49,1.0362694300518134,1.5544041450777202,1.5544041450777202,2.5906735751295336,3.1088082901554404,1.0362694300518134,0.5181347150259067,1.5544041450777202,1.0362694300518134
50 - 59,0.8051529790660226,4.428341384863124,1.6103059581320451,3.2206119162640903,2.4154589371980677,0.8051529790660226,2.012882447665056,0.4025764895330113,0.8051529790660226
60 - 69,1.9753086419753088,4.444444444444445,1.4814814814814814,5.432098765432099,1.4814814814814814,0.4938271604938272,1.4814814814814814,2.4691358024691357,1.9753086419753088
70 - 79,0.0,7.676203768318214,4.1870202372644805,1.3956734124214933,2.7913468248429867,1.3956734124214933,0.0,2.7913468248429867,0.0
80+,0.0,6.1412487205731825,4.094165813715455,1.0235414534288638,2.0470829068577276,4.094165813715455,0.0,1.0235414534288638,0.0
