Altersgruppen,Fälle pro 1000 Personen,woche1,woche2,woche3,woche4,woche5,woche6,woche7,woche8
0 - 9,8.492215469153276,19.792359287091855,36.6262432952442,39.559627419158005,25.61692877419443,16.606923105874408,10.59302944903245,8.231039355476657,8.492215469153276
10 - 19,21.176035729336622,36.39796679921554,48.506294305578116,51.066629939093446,38.81704253570933,27.435026333199136,18.218995218352486,16.364959069944838,21.176035729336622
20 - 29,27.786393664016398,32.79827074346857,33.8174070014083,32.915789291170505,28.61383983185215,22.053029763017108,16.45644974540859,17.29738164822653,27.786393664016398
30 - 39,24.29960666972322,28.440433387225212,37.25054897323906,39.63144390016328,32.59815158900606,24.109778560684667,17.343532572412187,16.585024492652202,24.29960666972322
40 - 49,20.439841961186108,25.168188820926243,32.83208917024629,34.96196764482383,29.288117874915624,21.661671426086393,15.550859483785375,14.621170442713428,20.439841961186108
50 - 59,17.228731384356507,17.162532166277042,19.60112661832071,19.745841188075826,17.470435506181545,14.120447168020544,10.971365759147231,11.126856945799005,17.228731384356507
60 - 69,11.763757206968313,9.787106905560156,11.539419803513516,12.332354312498902,11.307845709624694,9.567938566701091,7.7205148801862515,7.725683944781984,11.763757206968313
70 - 79,7.301073910983113,4.632929920824695,5.542678762252756,6.246036821744899,6.012489357975307,5.618717471387041,4.9262220846283675,4.915359411894898,7.301073910983113
80+,6.685737602255345,4.7480956339776865,5.498713693760924,5.90238910381877,5.972214039612559,5.9765780980996706,5.097220312946634,4.961934499846167,6.685737602255345
