Altersgruppen,Fälle pro 1000 Personen,woche1,woche2,woche3,woche4,woche5,woche6,woche7,woche8
0 - 9,17.86208806424813,6.73866888211945,9.600295393704421,21.18526723899197,37.73193021323733,35.60878796270654,27.43930582479461,28.039324286901135,17.86208806424813
10 - 19,24.69769146207402,14.681812629778918,28.459753267375106,40.86967143031635,59.75326737510687,59.11811408330279,48.95566141443752,41.06510321240992,24.69769146207402
20 - 29,19.594569182744745,22.58452743615781,38.643800067697164,31.554402196397007,33.773364925345064,33.773364925345064,31.5732069652864,28.09432472074918,19.594569182744745
30 - 39,22.357825238833595,14.88854432384668,21.0907150836126,25.759015655479416,35.8625518931626,38.01330465662982,33.661781623568245,30.827456276363392,22.357825238833595
40 - 49,19.52351819196027,11.534170655342425,16.35656961888653,22.924389102817866,35.10634469356174,35.592183395112826,30.859754561485587,27.998704430129195,19.52351819196027
50 - 59,13.199832587489134,9.819387656546795,13.489585010141335,14.53591320305206,19.63877531309359,20.089501303885903,19.397314960883424,17.723189852226266,13.199832587489134
60 - 69,9.461691947907056,5.492501448218156,6.7798064751442855,7.466369156171554,11.435559655860455,12.100667253105623,10.985002896436312,10.191164796498532,9.461691947907056
70 - 79,4.954383420941332,2.628239985499366,2.7490786055223246,3.0209655005739835,5.256479970998732,5.286689626004471,5.196060660987252,5.951302036130747,4.954383420941332
80+,5.065997397285741,3.113961702918758,3.3928239449711843,4.833612195575386,5.251905558654025,6.8786019706265105,6.599739728574084,5.670198921732664,5.065997397285741
