Altersgruppen,Fälle pro 1000 Personen,woche1,woche2,woche3,woche4,woche5,woche6,woche7,woche8
0 - 9,0.4417518616685599,0.12621481761958855,0.1893222264293828,0.12621481761958855,0.1893222264293828,0.12621481761958855,0.1893222264293828,0.3786444528587656,0.4417518616685599
10 - 19,1.5079000852291353,0.1966826198124959,0.1966826198124959,0.3278043663541598,0.5244869861666557,0.6556087327083197,0.8522913525208157,0.7211696059791517,1.5079000852291353
20 - 29,2.662320021733225,0.8149959250203749,0.7063298016843249,0.4889975550122249,0.8693289866883999,0.9779951100244498,1.1409942950285248,2.2819885900570496,2.662320021733225
30 - 39,4.665203073545554,1.0519575557994876,0.823271130625686,0.8690084156604464,0.8690084156604464,2.058177826564215,1.4178558360775704,3.0186608122941823,4.665203073545554
40 - 49,3.9877300613496938,1.270815074496056,0.8764241893076249,0.35056967572305,0.6134969325153374,1.6652059596844875,2.1910604732690624,2.5854513584574934,3.9877300613496938
50 - 59,4.582070800384303,1.5519917227108122,1.1824698839701426,0.7020914936072722,1.2563742517182765,1.4780873549626783,2.2910354001921514,2.586652871184687,4.582070800384303
60 - 69,4.468139121604468,1.3709063214013708,0.5077430820005078,0.5585173902005585,0.913937547600914,1.4216806296014215,1.7771007870017772,2.5894897182025893,4.468139121604468
70 - 79,2.8923168199347375,0.6674577276772471,0.8157816671610798,0.3708098487095817,0.7416196974191634,0.7416196974191634,2.5215069712251554,1.928211213289825,2.8923168199347375
80+,2.070393374741201,0.5175983436853002,0.6469979296066253,0.12939958592132506,0.6469979296066253,1.2939958592132506,1.1645962732919255,2.070393374741201,2.070393374741201
