Altersgruppen,Fälle pro 1000 Personen,woche1,woche2,woche3,woche4,woche5,woche6,woche7,woche8
0 - 9,0.3033748744016615,6.021877206168319,2.566140854901272,1.2990375261033549,0.8245865947082754,0.4710294102552112,0.3216229871476261,0.33530907170709956,0.3033748744016615
10 - 19,0.515598624128603,12.901737261300203,6.246041779968876,2.6215482555579883,1.8187211741522642,1.0359059114912572,0.8734570299164918,0.6780475057033684,0.515598624128603
20 - 29,1.1800018109415547,15.356399077575727,8.301433148321893,5.038848549416549,3.4889522932492336,2.694257196084513,2.056574584783853,1.465128779136412,1.1800018109415547
30 - 39,1.6288216983180908,17.969321847124025,9.820387217168182,6.270762449426092,4.55104847855988,3.2487954762996387,2.3599816606742117,1.8789765369239801,1.6288216983180908
40 - 49,1.4914975484341355,17.03819548772053,9.26359805472764,5.622246618120863,4.166538352377948,2.9505350497762337,2.2056185844589615,1.7087301712808485,1.4914975484341355
50 - 59,1.5980183341043748,16.280389097450637,9.12548523641973,5.7631807646625495,4.50462586280289,3.2291362772484833,2.459377927487224,1.9551862083935991,1.5980183341043748
60 - 69,1.5620913208304,13.318611837364687,7.574747258586592,5.088427188039199,4.10010203733512,3.0218351626652935,2.229934466599055,1.80607116974898,1.5620913208304
70 - 79,1.4623873167433163,10.713310983384185,6.323433364970867,4.277177388803572,3.8046511248976533,2.6925850038087247,2.161671873960408,1.6945769464212246,1.4623873167433163
80+,1.4706877101566915,10.827229106524486,7.028316193493626,4.822284628258588,4.014933808142897,3.3908734444859028,2.347863466066172,1.7652616580367408,1.4706877101566915
