Altersgruppen,Fälle pro 1000 Personen,woche1,woche2,woche3,woche4,woche5,woche6,woche7,woche8
0 - 9,9.053344936091689,36.6262432952442,39.559627419158005,25.618069281241056,16.59893955654805,10.594169956079075,8.231039355476657,8.492215469153276,9.053344936091689
10 - 19,23.290225521425594,48.506294305578116,51.066629939093446,38.81704253570933,27.43738066481616,18.217818052543972,16.364959069944838,21.177212895145132,23.290225521425594
20 - 29,29.71389049968501,33.8174070014083,32.915789291170505,28.614803098636592,22.052066496232666,16.45644974540859,17.29738164822653,27.792173264723054,29.71389049968501
30 - 39,28.087320930157734,37.25054897323906,39.629835187374816,32.59815158900606,24.11138727347313,17.343532572412187,16.585024492652202,24.30041102611745,28.087320930157734
40 - 49,24.620529564860583,32.83208917024629,34.961135335924034,29.288117874915624,21.662503734986185,15.550859483785375,14.621170442713428,20.440674270085903,24.620529564860583
50 - 59,22.81486772857397,19.60112661832071,19.746610946425587,17.470435506181545,14.120447168020544,10.971365759147231,11.126856945799005,17.231810417755554,22.81486772857397
60 - 69,17.003121081202906,11.53838599059437,12.332354312498902,11.307845709624694,9.56897237962024,7.7205148801862515,7.725683944781984,11.763757206968313,17.003121081202906
70 - 79,11.991032863658521,5.542678762252756,6.246036821744899,6.012489357975307,5.618717471387041,4.9262220846283675,4.915359411894898,7.298358242799745,11.991032863658521
80+,10.945058685676505,5.498713693760924,5.90238910381877,5.972214039612559,5.978760127343227,5.097220312946634,4.961934499846167,6.687919631498901,10.945058685676505
