Altersgruppen,Fälle pro 1000 Personen,woche1,woche2,woche3,woche4,woche5,woche6,woche7,woche8
0 - 9,5.8519416562215225,25.61920978828768,16.593237021314938,10.591888941985829,8.232179862523282,8.493355976199899,9.599647811424004,9.192486795779667,5.8519416562215225
10 - 19,12.608622974980518,38.81586536990081,27.442089328050216,18.220172384160996,16.36966773317889,21.177212895145132,24.2660959766827,21.768150131018555,12.608622974980518
20 - 29,15.078014976871964,28.61383983185215,22.05110322944822,16.457413012193033,17.3012347153643,27.79602633186082,30.476797792963144,25.127777338956243,15.078014976871964
30 - 39,17.60655711332577,32.59815158900606,24.11299598626159,17.34594564159488,16.58985063101759,24.303628451694376,29.217441664052508,27.15024573087844,17.60655711332577
40 - 49,16.593742535229552,29.288117874915624,21.665000661685575,15.54753024818619,14.621170442713428,20.444003505685085,25.71251884139272,25.273892051200313,16.593742535229552
50 - 59,15.832389737889585,17.471975022881065,14.120447168020544,10.97059600079747,11.132245254247334,17.2348894511546,23.842495125505252,24.194274691346145,15.832389737889585
60 - 69,13.053955730063176,11.307845709624694,9.567938566701091,7.722582506024545,7.731886822296864,11.769960084483193,17.753669260503283,19.008718144347164,13.053955730063176
70 - 79,10.544939556015409,6.0111315238836225,5.617359637295357,4.924864250536683,4.919432914169949,7.306505247349848,12.388878252521838,14.462290910522807,10.544939556015409
80+,10.591569948220446,5.9765780980996706,5.978760127343227,5.0994023421901895,5.00339305547373,6.725014128639352,11.409830914553917,13.759876409863645,10.591569948220446
