Altersgruppen,Fälle pro 1000 Personen,woche1,woche2,woche3,woche4,woche5,woche6,woche7,woche8
0 - 9,16.046331476631376,9.037588992585489,8.115386034158398,7.451399904090892,17.70629680180014,34.047733225128184,49.57763104504039,43.04843409937659,16.046331476631376
10 - 19,26.610208996969934,11.071400823556832,13.1691399269676,21.404708258876543,32.82573226633517,51.20037293139616,69.65270763732421,53.57004117784166,26.610208996969934
20 - 29,23.67436057392389,8.577666874610106,18.24703680598877,32.127261384903306,27.386150966936995,33.873986275733,34.185901434809736,30.630068621334996,23.67436057392389
30 - 39,25.06985817472452,8.040280487161914,12.310855696736438,18.663995360362737,22.091000158169454,33.53192386777034,40.64954921706121,36.87984393947382,25.06985817472452
40 - 49,22.341050981270474,7.1950502533665555,10.974551359220582,15.257985945855147,18.28158683053837,30.264005151320028,34.93938800078389,32.3637279879056,22.341050981270474
50 - 59,14.809574880770372,5.248385550966387,9.355817721287908,11.888734226319514,12.596125322319331,18.0270634141889,18.62035917212423,16.2928142756087,14.809574880770372
60 - 69,9.743312156348821,3.988490356400103,5.469929631634426,6.381584570240165,6.808922822711604,9.942736674168827,12.079427936526026,10.370074926640266,9.743312156348821
70 - 79,4.9634800855494134,1.7352003551107704,2.3808563011984987,3.1072192405471935,3.4300472135910574,4.681005609136032,5.044187078810379,5.649489528267624,4.9634800855494134
80+,7.700914895017442,1.6454946356874876,2.0404133482524847,2.1720529191074833,3.883367340222471,4.212466267359968,5.660501546764957,4.936483907062462,7.700914895017442
