Altersgruppen,Fälle pro 1000 Personen,woche1,woche2,woche3,woche4,woche5,woche6,woche7,woche8
0 - 9,5.375739866636698,20.66007342473964,23.54461676781299,12.11882820109388,8.185360005993855,6.256087510301941,5.750355885217652,5.675432681501461,5.375739866636698
10 - 19,22.55043923158606,43.09296264118158,49.48354088232455,33.43952118930399,25.504392315860606,19.248962255043924,17.70441162274351,23.573704025485085,22.55043923158606
20 - 29,32.10653532174944,30.95118651282285,32.380170565968896,30.4799258144449,24.216719113421806,18.652802480959547,19.91456499597148,34.554050561712344,32.10653532174944
30 - 39,31.906636358596216,30.24338859012031,35.524200255031325,31.851194766313686,26.792149470532795,18.559073016577038,19.00260575483728,30.479015357321064,31.906636358596216
40 - 49,27.486497464983675,26.598865636612558,31.74412131971295,27.47145285772315,22.852758428741218,16.74464788096707,17.030495418917088,25.425386270291416,27.486497464983675
50 - 59,26.906063650717016,15.945300572830355,18.189647298302386,18.815976617038764,16.910891605882277,12.252567297780445,13.335595078095437,22.052011430510067,26.906063650717016
60 - 69,19.599495964308826,8.497088172189489,11.374859517079319,11.255661887409325,11.255661887409325,8.633314034669482,8.939822225249463,15.81922828048905,19.599495964308826
70 - 79,13.817997884765713,3.6096932910286474,5.724927576217409,5.678944222191566,6.230744470501678,5.173127327907297,6.368694532579207,9.058720743091001,13.817997884765713
80+,14.540013811094912,4.143328473874012,3.8747794061229186,5.025703982199033,4.335149236553365,3.7980511010511777,3.9131435586587893,6.867183303920816,14.540013811094912
