Altersgruppen,Fälle pro 1000 Personen,woche1,woche2,woche3,woche4,woche5,woche6,woche7,woche8
0 - 9,0.33302805761385396,9.16853614780059,6.021877206168319,2.566140854901272,1.2990375261033549,0.8245865947082754,0.4710294102552112,0.32048248010100333,0.33302805761385396
10 - 19,0.6804018373203939,21.67397686633753,12.901737261300203,6.246041779968876,2.6215482555579883,1.8187211741522642,1.0359059114912572,0.8734570299164918,0.6804018373203939
20 - 29,1.4612757119986437,25.00255265697877,15.356399077575727,8.301433148321893,5.0398118162009915,3.4899155600336758,2.694257196084513,2.0536847844305264,1.4612757119986437
30 - 39,1.8685199037989753,27.056940389147623,17.969321847124025,9.820387217168182,6.271566805820323,4.55104847855988,3.2487954762996387,2.35917730427998,1.8685199037989753
40 - 49,1.6970778466837069,25.18317038112257,17.03819548772053,9.26359805472764,5.622246618120863,4.166538352377948,2.9505350497762337,2.2031216577595742,1.6970778466837069
50 - 59,1.9474886248959864,24.111910547921692,16.280389097450637,9.12548523641973,5.763950523012311,4.50462586280289,3.228366518898722,2.4578384107877014,1.9474886248959864
60 - 69,1.7988344793149542,18.931182175411173,13.319645650283833,7.574747258586592,5.088427188039199,4.10010203733512,3.019767536827001,2.229934466599055,1.7988344793149542
70 - 79,1.68914561005449,14.420198053680613,10.7119531492925,6.323433364970867,4.275819554711887,3.8046511248976533,2.6925850038087247,2.160314039868725,1.68914561005449
80+,1.7630796287931851,13.70314364953119,10.827229106524486,7.028316193493626,4.820102599015032,4.014933808142897,3.3886914152423473,2.345681436822616,1.7630796287931851
