Altersgruppen,Fälle pro 1000 Personen,woche1,woche2,woche3,woche4,woche5,woche6,woche7,woche8
0 - 9,8.226477327290167,10.882718238874638,19.792359287091855,36.6262432952442,39.559627419158005,25.613507253054564,16.604642091781166,10.594169956079075,8.226477327290167
10 - 19,16.3614275725193,31.95652020369677,36.39796679921554,48.506294305578116,51.06780710490195,38.80409371181568,27.42914050415657,18.21664088673546,16.3614275725193
20 - 29,17.29352858108876,44.42104776454677,32.797307476684125,33.81933353497718,32.91675255795494,28.60902349792994,22.05110322944822,16.454523211839703,17.29352858108876
30 - 39,16.574567859527196,27.704447286503704,28.440433387225212,37.2513533296333,39.63063954376905,32.58769495588105,24.105756778713513,17.343532572412187,16.574567859527196
40 - 49,14.615344280414856,22.496477252581613,25.167356512026448,32.83208917024629,34.961135335924034,29.281459403717257,21.659174499387003,15.54753024818619,14.615344280414856
50 - 59,11.121468637350677,17.03398252186691,17.162532166277042,19.59958710162119,19.745071429726067,17.469665747831783,14.118907651321022,10.966747209048663,11.121468637350677
60 - 69,7.722582506024545,9.282606201016652,9.787106905560156,11.539419803513516,12.333388125418049,11.307845709624694,9.567938566701091,7.719481067267106,7.722582506024545
70 - 79,4.911285909619847,4.695390289042144,4.632929920824695,5.542678762252756,6.246036821744899,6.009773689791939,5.616001803203673,4.922148582353317,4.911285909619847
80+,4.931386090436384,4.20040629384515,4.7480956339776865,5.498713693760924,5.90238910381877,5.9765780980996706,5.965667951881891,5.047033640344848,4.931386090436384
