Altersgruppen,Fälle pro 1000 Personen,woche1,woche2,woche3,woche4,woche5,woche6,woche7,woche8
0 - 9,0.16661112962345886,0.0,0.33322225924691773,0.16661112962345886,0.0,0.33322225924691773,0.49983338887037654,0.0,0.16661112962345886
10 - 19,0.9414422895876483,0.3765769158350593,0.3765769158350593,0.9414422895876483,0.564865373752589,0.18828845791752966,1.3180192054227076,0.564865373752589,0.9414422895876483
20 - 29,2.041163463174009,1.1906786868515054,1.360775642116006,2.3813573737030107,0.8504847763225039,3.0617451947610137,3.0617451947610137,1.5308725973805068,2.041163463174009
30 - 39,0.974794596852806,1.5318200807686952,1.2533073388107507,3.0636401615373905,1.949589193705612,3.7599220164322515,2.785127419579446,1.6710764517476675,0.974794596852806
40 - 49,2.6790750141003947,1.9740552735476595,2.6790750141003947,4.230118443316413,2.397067117879301,2.8200789622109417,4.37112239142696,1.8330513254371121,2.6790750141003947
50 - 59,2.437325905292479,1.508820798514392,4.0622098421541315,4.642525533890436,3.481894150417827,3.9461467038068707,5.338904363974002,2.55338904363974,2.437325905292479
60 - 69,1.4921323928377646,2.0347259902333152,3.52685838307108,6.918068366793271,6.375474769397721,5.425935973955507,3.255561584373304,2.1703743895822027,1.4921323928377646
70 - 79,2.5742574257425743,2.376237623762376,4.752475247524752,5.9405940594059405,9.504950495049505,5.742574257425742,3.762376237623762,1.7821782178217822,2.5742574257425743
80+,2.9201817001946786,1.2978585334198571,4.866969500324465,6.489292667099286,5.840363400389357,5.840363400389357,5.840363400389357,1.946787800129786,2.9201817001946786
