Altersgruppen,Fälle pro 1000 Personen,woche1,woche2,woche3,woche4,woche5,woche6,woche7,woche8
0 - 9,0.0,0.0,0.0,0.0,0.510986203372509,0.0,0.0,0.2554931016862545,0.0
10 - 19,0.5068423720223011,2.2807906741003547,1.2671059300557526,0.5068423720223011,0.7602635580334517,0.25342118601115055,0.25342118601115055,0.5068423720223011,0.5068423720223011
20 - 29,0.6475285991797971,1.2950571983595942,2.158428663932657,2.158428663932657,1.7267429311461255,0.4316857327865314,0.4316857327865314,0.8633714655730628,0.6475285991797971
30 - 39,0.7089684509039348,3.544842254519674,2.835873803615739,1.772421127259837,1.4179369018078696,1.9496632399858207,0.8862105636299185,0.5317263381779511,0.7089684509039348
40 - 49,1.2471049349723855,3.3849991092107605,2.672367717797969,2.494209869944771,1.9597363263851773,1.9597363263851773,0.7126313914127917,0.7126313914127917,1.2471049349723855
50 - 59,0.41248453183005634,2.199917503093634,3.024886566753747,4.262340162243916,1.7874329712635777,1.7874329712635777,1.6499381273202254,0.6874742197167606,0.41248453183005634
60 - 69,0.661485033901108,2.645940135604432,2.149826360178601,3.142053911030263,2.149826360178601,1.65371258475277,1.322970067802216,0.826856292376385,0.661485033901108
70 - 79,1.1208249271463797,1.7933198834342075,3.586639766868415,3.3624747814391394,1.5691548980049317,2.2416498542927594,1.7933198834342075,1.3449899125756557,1.1208249271463797
80+,1.2684989429175475,3.3826638477801265,2.1141649048625792,3.3826638477801265,1.6913319238900633,2.536997885835095,1.6913319238900633,3.3826638477801265,1.2684989429175475
