Altersgruppen,Fälle pro 1000 Personen,woche1,woche2,woche3,woche4,woche5,woche6,woche7,woche8
0 - 9,9.616755417123343,36.6262432952442,39.559627419158005,25.618069281241056,16.595518035408183,10.59302944903245,8.232179862523282,8.491074962106653,9.616755417123343
10 - 19,24.366155070406286,48.506294305578116,51.068984270710466,38.81586536990081,27.439734996433188,18.217818052543972,16.366136235753352,21.178390060953646,24.366155070406286
20 - 29,30.671377683420445,33.8174070014083,32.91675255795494,28.615766365421035,22.05110322944822,16.45644974540859,17.29738164822653,27.793136531507493,30.671377683420445
30 - 39,29.310747005783323,37.249744616844836,39.63063954376905,32.59815158900606,24.11219162986736,17.345141285200647,16.585024492652202,24.301215382511682,29.310747005783323
40 - 49,25.809898982668834,32.83208917024629,34.96196764482383,29.288117874915624,21.663336043885984,15.550859483785375,14.621170442713428,20.442338887885494,25.809898982668834
50 - 59,23.91408265203305,19.60112661832071,19.746610946425587,17.470435506181545,14.120447168020544,10.97059600079747,11.126856945799005,17.233349934455077,23.91408265203305
60 - 69,17.80019084186487,11.53838599059437,12.333388125418049,11.307845709624694,9.56897237962024,7.7205148801862515,7.727751570620278,11.766858645725753,17.80019084186487
70 - 79,12.410603597988775,5.542678762252756,6.246036821744899,6.0111315238836225,5.618717471387041,4.924864250536683,4.915359411894898,7.302431745074796,12.410603597988775
80+,11.350916124977907,5.498713693760924,5.90238910381877,5.972214039612559,5.9765780980996706,5.097220312946634,4.961934499846167,6.696647748473125,11.350916124977907
