Altersgruppen,Fälle pro 1000 Personen,woche1,woche2,woche3,woche4,woche5,woche6,woche7,woche8
0 - 9,2.576405418320877,16.593237021314938,10.59302944903245,8.229898848430036,8.492215469153276,9.596226290284134,9.177660204173572,6.035563290727792,2.576405418320877
10 - 19,6.231915790266722,27.442089328050216,18.220172384160996,16.372022064795914,21.178390060953646,24.23313533404434,21.705760343167377,12.908800256151281,6.231915790266722
20 - 29,8.292763747261914,22.052066496232666,16.45837627897747,17.305087782502067,27.795063065076377,30.422854853034384,25.042046595140896,15.382407280755665,8.292763747261914
30 - 39,9.806713158466254,24.11299598626159,17.34755435438334,16.593068056594515,24.302824095300146,29.17802820073518,27.089919001311102,17.992648182556728,9.806713158466254
40 - 49,9.240293405533356,21.665000661685575,15.54753024818619,14.626996605011998,20.444003505685085,25.680891103200477,25.217295046014197,17.05234473901706,9.240293405533356
50 - 59,9.087767077281429,14.120447168020544,10.969826242447708,11.131475495897574,17.2348894511546,23.809395516465518,24.127305714916915,16.28962619764777,9.087767077281429
60 - 69,7.561307690637687,9.566904753781946,7.723616318943691,7.736022073973449,11.773061523240631,17.726790124605472,18.946689369198374,13.319645650283833,7.561307690637687
70 - 79,6.316644194512449,5.617359637295357,4.924864250536683,4.919432914169949,7.307863081441531,12.3671529070549,14.424271555955665,10.713310983384185,6.316644194512449
80+,7.050136485929184,5.978760127343227,5.0994023421901895,5.001211026230173,6.727196157882908,11.39673873909258,13.718417854236083,10.80322678484537,7.050136485929184
