Altersgruppen,Fälle pro 1000 Personen,woche1,woche2,woche3,woche4,woche5,woche6,woche7,woche8
0 - 9,0.7414147541536077,15.873015873015872,13.412866916051629,10.211303204933778,8.559970343409834,6.706433458025814,3.639672429481347,1.68503353216729,0.7414147541536077
10 - 19,1.6730314602655028,27.568648845244592,25.85924713584288,27.823240589198036,29.532642298599747,20.040007274049827,12.002182214948173,5.63738861611202,1.6730314602655028
20 - 29,4.445903204630901,18.141672137017366,21.931133257743035,30.524556901593364,35.059974935847706,27.6899206301844,16.94814107537149,9.040997791967536,4.445903204630901
30 - 39,5.551249031031982,21.529844214948366,20.80468105323698,30.88194843839864,34.8578430146783,31.482083468780473,20.504613538046062,8.92700857692981,5.551249031031982
40 - 49,4.075201043251467,17.795044555531405,19.859813084112147,27.331014996739842,30.645511845251033,28.3362312540752,18.148228645946535,7.851554009997828,4.075201043251467
50 - 59,5.218322108737345,12.153784398554926,13.00120422817894,21.78760983007002,28.87917577271308,26.71602515498863,16.546987199500467,8.741804558226661,5.218322108737345
60 - 69,4.2850434374266255,8.10049307349143,9.597323315332238,15.085700868748532,21.48391641230336,22.041559051420524,13.764968302418408,7.748297722470063,4.2850434374266255
70 - 79,3.7237497293786537,5.412426932236414,5.715522840441654,9.266074907988742,15.198094825719853,17.146568521324962,11.301147434509634,5.932019917731111,3.7237497293786537
80+,4.769356882032938,4.173187271778821,5.141962888441762,8.271853342275877,16.09657947686117,18.928385125568226,12.14695580892764,7.67568373202176,4.769356882032938
