Altersgruppen,Fälle pro 1000 Personen,woche1,woche2,woche3,woche4,woche5,woche6,woche7,woche8
0 - 9,0.16914749661705009,0.16914749661705009,0.0,0.0,0.5074424898511501,0.8457374830852503,0.8457374830852503,0.0,0.16914749661705009
10 - 19,0.7617596648257475,0.19043991620643688,0.0,1.333079413445058,0.5713197486193106,1.333079413445058,2.0948390782708053,2.2852789944772423,0.7617596648257475
20 - 29,1.4927848731132858,0.3317299718029524,0.829324929507381,2.1562448167191905,0.9951899154088573,2.653839774423619,6.137004478354619,5.307679548847238,1.4927848731132858
30 - 39,2.787068004459309,1.254180602006689,1.6722408026755853,1.3935340022296545,3.205128205128205,2.508361204013378,5.156075808249721,5.016722408026756,2.787068004459309
40 - 49,3.1330105383081746,0.5696382796923953,0.5696382796923953,1.851324409000285,2.848191398461976,3.70264881800057,3.8450583879236686,4.414696667616064,3.1330105383081746
50 - 59,3.7628278221208666,0.9122006841505131,0.9122006841505131,1.596351197263398,2.394526795895097,2.1664766248574687,4.789053591790194,5.473204104903079,3.7628278221208666
60 - 69,3.630270874057526,1.5358838313320302,0.9773806199385646,2.3736386484222285,2.652890254118961,4.607651493996091,4.188774085450991,3.351019268360793,3.630270874057526
70 - 79,3.4150261149055843,0.2008838891120932,0.6026516673362796,0.8035355564483728,1.6070711128967456,3.2141422257934913,2.008838891120932,4.2185616713539575,3.4150261149055843
80+,3.9880358923230306,8.308408109006313,0.9970089730807576,2.6586905948820205,1.6616816218012629,3.6556995679627784,4.320372216683284,0.6646726487205051,3.9880358923230306
