Altersgruppen,Fälle pro 1000 Personen,woche1,woche2,woche3,woche4,woche5,woche6,woche7,woche8
0 - 9,39.72498090145149,8.9126559714795,11.204481792717086,11.204481792717086,11.45912910618793,18.58925388337153,47.61904761904761,60.60606060606061,39.72498090145149
10 - 19,44.20731707317073,16.00609756097561,12.957317073170731,14.735772357723578,25.660569105691057,29.471544715447155,62.2459349593496,91.71747967479675,44.20731707317073
20 - 29,28.021748222501046,10.874111250522795,13.174404015056462,23.630280217482227,48.09703053115851,28.439983270598077,32.20409870347135,34.92262651610205,28.021748222501046
30 - 39,38.25235678027556,7.432922407541697,15.04713560551124,14.865844815083394,22.84263959390863,21.754894851341554,35.53299492385787,47.679477882523564,38.25235678027556
40 - 49,35.40295321117239,10.318448674613059,13.87653442447963,10.496352962106386,19.569471624266143,19.21366304927949,35.22504892367906,49.27948763565202,35.40295321117239
50 - 59,23.747066132817892,7.869667264945465,8.97418196879746,11.735468728427447,12.978047770260941,12.287726080353444,20.01932900731741,23.194808780891897,23.747066132817892
60 - 69,14.0893470790378,4.982817869415808,5.326460481099656,3.7800687285223367,5.154639175257732,6.8728522336769755,9.965635738831615,14.948453608247423,14.0893470790378
70 - 79,8.624602814344076,1.8157058556513845,2.2696323195642307,2.0426690876078077,1.8157058556513845,2.9505220154334997,4.5392646391284615,6.354970494779845,8.624602814344076
80+,6.17011899515205,2.644336712208021,1.762891141472014,3.085059497576025,1.762891141472014,2.644336712208021,3.9665050683120318,10.136624063464081,6.17011899515205
