Altersgruppen,Fälle pro 1000 Personen,woche1,woche2,woche3,woche4,woche5,woche6,woche7,woche8
0 - 9,22.132871002250173,17.70629680180014,34.047733225128184,49.54074292670331,43.011545981039504,16.636541370024712,11.80419786786676,13.83304437640636,22.132871002250173
10 - 19,43.39212182425608,32.82573226633517,51.16152591096263,69.57501359645715,53.33695905524046,27.076373242172323,19.306969155465776,22.686659933183126,43.39212182425608
20 - 29,41.45352464129757,27.35495945102932,33.90517779164067,34.123518402994385,30.53649407361198,24.204616344354335,18.683718028696195,20.711166562694945,41.45352464129757
30 - 39,37.565244899035164,22.117361733537194,33.53192386777034,40.62318764169347,36.721674487267364,25.72889755891812,18.95397268940792,17.63589392102072,37.565244899035164
40 - 49,29.984042106441947,18.28158683053837,30.236008846832217,34.88339539180828,32.25174276995436,23.06895489795347,19.23346118312383,15.873904644586913,29.984042106441947
50 - 59,23.549277776510053,12.596125322319331,18.0270634141889,18.50626383405974,16.247176140382905,15.288775300641216,12.071286767222691,13.02968760696438,23.549277776510053
60 - 69,15.583601606791829,6.808922822711604,9.942736674168827,12.050938719694596,10.370074926640266,9.942736674168827,8.20489444745164,9.116549386057377,15.583601606791829
70 - 79,8.635648278923368,3.4300472135910574,4.681005609136032,5.084540575440862,5.649489528267624,4.9634800855494134,4.640652112505548,4.559945119244582,8.635648278923368
80+,6.976897255314947,3.883367340222471,4.212466267359968,5.660501546764957,4.936483907062462,8.03001382215494,7.437635753307444,7.108536826169947,6.976897255314947
