Altersgruppen,Fälle pro 1000 Personen,woche1,woche2,woche3,woche4,woche5,woche6,woche7,woche8
0 - 9,25.70588832383101,9.142304485728266,6.597833264712826,7.0665816608747924,10.882718238874638,19.79349979413848,36.62738380229082,39.606388208069546,25.70588832383101
10 - 19,39.16312928341208,11.555059576361568,10.685134043870615,16.23547083100843,31.95063437465421,36.40267546244959,48.50747147138663,51.231433152285234,39.16312928341208
20 - 29,28.955799540329092,7.844844692496345,13.102354801981248,24.29166177006051,44.422011031331216,32.793454409546364,33.822223335330506,33.09110384593896,28.955799540329092
30 - 39,32.943220482131224,8.655679158321469,10.865246173274453,17.93714759135478,27.693186296984468,28.436411605254058,37.25296204242176,39.78185854588451,32.943220482131224
40 - 49,29.571935209746005,8.477066144420576,9.272753452625393,14.98821866752339,22.49148339918284,25.158201114128694,32.8287599346471,35.07599396409586,29.571935209746005
50 - 59,17.664414610321383,5.515318576039424,6.281228134051877,11.639516006740003,17.030133730118106,17.160992649577516,19.598817343271428,19.825896056451,17.664414610321383
60 - 69,11.407091749862762,3.794093413267748,4.0876962823053615,7.314226402961667,9.28053857517836,9.784005466802716,11.53838599059437,12.381977332617936,11.407091749862762
70 - 79,6.089885901201276,2.3028866194955104,2.2472154217364797,3.8562488203816327,4.696748123133827,4.63157208673301,5.5467522645278065,6.269120001303521,6.089885901201276
80+,6.052949121624128,2.4329626065648533,2.3325892613612806,3.417057795408574,4.196042235358038,4.7480956339776865,5.498713693760924,5.954757805664111,6.052949121624128
