Altersgruppen,Fälle pro 1000 Personen,woche1,woche2,woche3,woche4,woche5,woche6,woche7,woche8
0 - 9,10.59302944903245,7.068862674968037,10.882718238874638,19.792359287091855,36.62852430933745,39.558486912111384,25.60780471782145,16.60350158473454,10.59302944903245
10 - 19,18.211932223501407,16.233116499391407,31.95416587207975,36.39796679921554,48.5133573004292,51.06192127585939,38.80173938019866,27.42796333834806,18.211932223501407
20 - 29,16.44778034434861,24.29166177006051,44.42008449776233,32.79827074346857,33.81933353497718,32.909046423679406,28.60035409686996,22.047250162310455,16.44778034434861
30 - 39,17.3387064340468,17.93795194774901,27.70122986092678,28.438824674436752,37.249744616844836,39.62581340540366,32.58447753030413,24.10414806592505,17.3387064340468
40 - 49,15.544201012587006,14.989883285322982,22.49314801698243,25.167356512026448,32.830424552446694,34.96030302702424,29.275633241418685,21.657509881587412,15.544201012587006
50 - 59,10.965207692349141,11.640285765089766,17.032443005167387,17.162532166277042,19.598817343271428,19.742762154676782,17.466586714432736,14.115828617921975,10.965207692349141
60 - 69,7.717413441428812,7.314226402961667,9.282606201016652,9.788140718479303,11.539419803513516,12.331320499579755,11.30887952254384,9.566904753781946,7.717413441428812
70 - 79,4.920790748261632,3.8589644885650003,4.695390289042144,4.632929920824695,5.542678762252756,6.244678987653215,6.005700187516888,5.616001803203673,4.920790748261632
80+,5.033941464883512,3.4192398246521303,4.20040629384515,4.7480956339776865,5.498713693760924,5.908935191549437,5.978760127343227,5.952575776420555,5.033941464883512
