Altersgruppen,Fälle pro 1000 Personen,woche1,woche2,woche3,woche4,woche5,woche6,woche7,woche8
0 - 9,8.593671014053179,29.2858827890675,28.00525730462036,10.986418629730732,13.64877161055505,15.839315202372529,13.513968927981667,10.211303204933778,8.593671014053179
10 - 19,29.605382796872156,50.918348790689215,52.55501000181851,26.004728132387708,27.750500090925623,27.605019094380797,25.822876886706673,27.823240589198036,29.605382796872156
20 - 29,34.970460106224266,28.137494778301605,30.85277794354598,26.764934057408844,23.12466431938891,18.111833860476217,21.931133257743035,30.524556901593364,34.970460106224266
30 - 39,34.907854267210126,32.38228601435323,33.5825560751169,30.106774024155435,23.23022680103023,21.529844214948366,20.779675426971068,30.88194843839864,34.907854267210126
40 - 49,30.75418387307107,26.814822864594653,32.98196044338187,25.99978265594436,20.18582916757227,17.795044555531405,19.832645077157142,27.331014996739842,30.75418387307107
50 - 59,28.946077338209715,17.595111725614377,18.108023727755228,14.896748583916864,14.718344409259176,12.153784398554926,13.023504750011151,21.78760983007002,28.946077338209715
60 - 69,21.454566799718243,8.599436487438366,10.624559755811223,9.861469828598262,10.066917116694059,8.10049307349143,9.53862409016201,15.056351256163419,21.454566799718243
70 - 79,15.198094825719853,3.550552067547088,5.0227321931153925,4.459839792162806,6.23511582593635,5.412426932236414,5.715522840441654,9.266074907988742,15.198094825719853
80+,16.245621879424696,2.7572844474252927,3.8005812653699977,4.769356882032938,5.738132498695879,4.173187271778821,5.141962888441762,8.271853342275877,16.245621879424696
