Altersgruppen,Fälle pro 1000 Personen,woche1,woche2,woche3,woche4,woche5,woche6,woche7,woche8
0 - 9,8.948235978557479,32.06682088291109,19.946532212264348,11.247627886360174,8.782014876788608,11.261479644840913,14.281162993642043,13.006801213414043,8.948235978557479
10 - 19,29.186813186813186,49.27472527472528,34.76923076923077,22.564102564102566,18.036630036630036,21.5970695970696,34.46153846153846,36.87912087912088,29.186813186813186
20 - 29,32.033374306253954,30.009560348145666,29.090773643237608,23.441477011708326,18.33848598850275,19.989818850026694,35.29879191964341,38.390385021293504,32.033374306253954
30 - 39,32.73890621373136,36.32161635734254,32.375589128745446,24.6349167902954,17.34839080807775,19.407187622997974,30.629648692563098,36.42253776983863,32.73890621373136
40 - 49,31.583574029888233,31.91845619322701,27.82661475993135,21.27548243961656,16.147599313491565,18.104566955502534,28.538239357026246,33.58240194231655,31.583574029888233
50 - 59,29.827140278733975,16.550992687419757,16.002083992333887,13.564557244664423,11.703849803695364,12.866791954301027,20.54221014829838,28.85026887222522,29.827140278733975
60 - 69,21.449831500750253,9.679482449019753,9.999262047081396,8.929230315105896,7.133544879836666,7.52711976975869,13.123262735837454,20.035421740092982,21.449831500750253
70 - 79,15.321257808955432,4.659197989739294,4.851149966844658,4.973301225002618,4.5021463721076325,4.60684745052874,7.259274770530137,13.00038390395421,15.321257808955432
80+,12.736884409682505,4.822703805607939,4.606300429715275,5.750146845147928,5.162766253439268,4.049834605991282,6.615760348718583,10.78925402664853,12.736884409682505
