Altersgruppen,Fälle pro 1000 Personen,woche1,woche2,woche3,woche4,woche5,woche6,woche7,woche8
0 - 9,0.9095043201455206,0.1515840533575868,0.0,0.0757920266787934,0.1515840533575868,0.37896013339396695,0.4547521600727603,1.6674245869334545,0.9095043201455206
10 - 19,2.5789309159112226,0.3907471084713973,0.7814942169427946,1.0940919037199124,0.859643638637074,1.4848390121913098,1.8755861206627071,3.1259768677711786,2.5789309159112226
20 - 29,6.758786422349053,0.5256833884049263,0.9011715229798738,1.351757284469811,2.328026434364674,3.3042955842595374,4.130369480324422,6.833884049264044,6.758786422349053
30 - 39,6.167829897743873,1.0820754206568197,2.1641508413136394,2.5969810095763672,3.3544338040361414,5.031650706054212,4.707028079857166,7.4122166314992155,6.167829897743873
40 - 49,5.292092688691364,1.0789703540050353,2.0551816266762573,2.8258747366798542,3.1341519806812927,4.264501875353234,4.829676822689206,6.1141653393618665,5.292092688691364
50 - 59,7.726795764571211,1.2401030239435278,2.384813507583707,2.8140799389487743,3.195650100162167,4.14957550319565,5.628159877897549,7.440618143661166,7.726795764571211
60 - 69,6.044844310114571,1.0543333099037042,1.7572221831728403,2.389822169115063,2.319533281788149,4.076755464960989,4.639066563576298,4.990511000210867,6.044844310114571
70 - 79,5.535055350553505,0.5826374053214216,2.816080792386871,2.2334433870654493,2.4276558555059236,3.5929306661487668,3.9813556030297144,5.632161584773742,5.535055350553505
80+,4.792596265080152,0.16526194017517767,1.8178813419269542,3.4705007436787305,3.305238803503553,1.9831432821021318,4.131548504379442,4.296810444554619,4.792596265080152
