Altersgruppen,Fälle pro 1000 Personen,woche1,woche2,woche3,woche4,woche5,woche6,woche7,woche8
0 - 9,0.3031681067151736,0.22737608003638016,0.37896013339396695,0.3031681067151736,0.37896013339396695,0.37896013339396695,0.5305441867515538,0.0757920266787934,0.3031681067151736
10 - 19,0.7814942169427946,0.6251953735542357,1.015942482025633,0.859643638637074,0.6251953735542357,1.4066895904970305,0.5470459518599562,0.5470459518599562,0.7814942169427946
20 - 29,1.2015620306398318,2.2529288074496847,2.778612195854611,2.1027335536197054,0.6758786422349055,1.4268549113848004,1.2015620306398318,1.6521477921297687,1.2015620306398318
30 - 39,1.6231131309852296,2.6510847806092084,2.9216036357734136,2.75929232267489,1.5149055889195477,2.0018395282151165,2.5428772385435265,2.2723583833793217,1.6231131309852296
40 - 49,2.414838411344603,1.7982839233417252,1.746904382674819,2.4662179520115086,2.2093202486769767,2.1579407080100705,2.106561167343164,2.2093202486769767,2.414838411344603
50 - 59,1.8124582657636175,2.1940284269770105,3.0048650195554707,2.670991128493752,2.337117237432033,2.337117237432033,1.8124582657636175,2.5755985881904038,1.8124582657636175
60 - 69,2.0383777324804946,3.0927110423841992,2.460111056441977,1.8977999578266675,2.53039994376889,1.8977999578266675,1.4057777465382724,1.7572221831728403,2.0383777324804946
70 - 79,1.8450184501845017,1.4565935133035541,2.5247620897261602,1.9421246844047388,1.2623810448630801,1.1652748106428432,1.4565935133035541,2.5247620897261602,1.8450184501845017
80+,1.9831432821021318,1.1568335812262438,1.6526194017517766,0.49578582052553294,1.487357461576599,1.6526194017517766,2.974714923153198,1.487357461576599,1.9831432821021318
