Altersgruppen,Fälle pro 1000 Personen,woche1,woche2,woche3,woche4,woche5,woche6,woche7,woche8
0 - 9,39.3839893339781,10.299919138050395,9.142304485728266,6.598973771759449,7.0665816608747924,10.882718238874638,19.780954216625627,36.60571416840499,39.3839893339781
10 - 19,50.82648811415683,13.386729574407473,11.557413907978594,10.685134043870615,16.23193933358289,31.94357137980313,36.3850179753219,48.48275098940786,50.82648811415683
20 - 29,32.80790341131299,7.443162443383995,7.844844692496345,13.102354801981248,24.29069850327607,44.41430489705568,32.77515234064196,33.81837026819274,32.80790341131299
30 - 39,39.49389895674975,8.521351640484866,8.655679158321469,10.864441816880223,17.935538878566316,27.68675144583062,28.418715764580973,37.244114122085215,39.49389895674975
40 - 49,34.82879822085649,8.946488363905425,8.477066144420576,9.272753452625393,14.98821866752339,22.48732185468386,25.141554936132774,32.82376608124833,34.82879822085649
50 - 59,19.658088736203045,5.72700212222377,5.515318576039424,6.2819978924016375,11.638746248390243,17.02705469671906,17.14867651598134,19.58804072637477,19.658088736203045
60 - 69,12.27342697610755,4.167299877079644,3.794093413267748,4.085628656467068,7.315260215880814,9.27433569766348,9.778836402206984,11.534250738917784,12.27342697610755
70 - 79,6.233816314919745,2.6803644969835716,2.3028866194955104,2.2472154217364797,3.854890986289949,4.695390289042144,4.628856418549644,5.541320928161072,6.233816314919745
80+,5.898025045331657,2.993744122158725,2.4329626065648533,2.3325892613612806,3.417057795408574,4.198224264601595,4.7480956339776865,5.487803547543144,5.898025045331657
