Altersgruppen,Fälle pro 1000 Personen,woche1,woche2,woche3,woche4,woche5,woche6,woche7,woche8
0 - 9,11.261479644840913,4.972781294585348,4.917374260662392,6.773509897081435,12.425027357223,28.61773302120704,32.12222791683404,19.932680453783608,11.261479644840913
10 - 19,22.622710622710624,9.142857142857144,10.54945054945055,20.644688644688642,25.655677655677657,42.095238095238095,49.37728937728938,34.93040293040293,22.622710622710624
20 - 29,23.578053413789252,9.78383680361555,16.674737090425996,29.723991507431,25.626699445003165,29.624663215008507,30.183384859885027,29.239766081871345,23.578053413789252
30 - 39,24.745930344041092,8.568227920917982,11.737160273295185,18.630092746778086,20.92100881043931,32.103101315006,36.42253776983863,32.52697124748958,24.745930344041092
40 - 49,21.32780777763824,7.1790363765749925,10.402277198710705,14.734815186906108,16.51387667964335,27.816149692327013,32.0021767340617,27.88940516555737,21.32780777763824
50 - 59,13.555253707459578,5.796103678618611,8.047559682191169,11.545689671212994,12.159723126732784,15.51830005768193,16.569599761829448,16.076512289972648,13.555253707459578
60 - 69,8.966127961036086,3.886552037979977,5.177969645536614,5.866725702900156,7.318033109487615,9.273608343787666,9.74097852557007,9.999262047081396,8.966127961036086
70 - 79,5.025651764213172,2.0765713886853034,2.3906746239486263,3.24573343105434,2.7222280389488014,3.8390395421072836,4.659197989739294,4.833699787107808,5.025651764213172
80+,5.595573005224596,1.7312270071413114,1.8239713110953102,2.565925742727301,2.875073422573964,4.049834605991282,4.791789037623273,4.606300429715275,5.595573005224596
