Altersgruppen,Fälle pro 1000 Personen,woche1,woche2,woche3,woche4,woche5,woche6,woche7,woche8
0 - 9,0.2018697472522334,0.5166496921201228,0.5428813541924469,0.5075256357471405,0.5428813541924469,0.47559143844170243,0.38891290289837055,0.23608495865091703,0.2018697472522334
10 - 19,0.6580356869586509,1.2160122801937143,1.2054177879170993,0.9958822740018224,0.9299609887251059,0.9111263357889012,0.8534452111717744,0.736905796129008,0.6580356869586509
20 - 29,1.3803613021055086,2.4900446377827907,2.2704198109299956,1.8533252932665725,1.5373737879695686,1.4410471095253599,1.2483937526369429,1.3013734257812575,1.3803613021055086
30 - 39,1.7929104027412466,2.98496657899182,2.691376495097448,2.4621349227415683,2.1741753336068146,2.0567393000490655,1.897476733991297,1.747866444664302,1.7929104027412466
40 - 49,1.9958767417104115,2.6359222856534084,2.5909776050644333,2.3421172440254785,2.0216783176040822,2.083269176188974,1.8627073177430777,1.851887302045732,1.9958767417104115
50 - 59,2.2877218154904635,2.732642141652471,2.5625255463552326,2.2646290649976253,2.1483955541836752,2.0629523773601757,1.9228563577036262,2.0367805934682925,2.2877218154904635
60 - 69,2.498725825577152,2.516300645202643,2.5535179102919177,2.1989200790246595,2.1823790723183154,2.0107661277399917,2.032476199042069,2.1048431033823256,2.498725825577152
70 - 79,2.784917722043214,2.4101555127385206,2.3436216422460205,2.050329478442347,2.0068787875084695,2.029961967067092,1.9824377738581633,2.187470721702398,2.784917722043214
80+,2.690442057304452,2.4918773961408633,2.280220559515939,2.120932424736356,1.8045381844207475,1.907093558867876,1.8547248570225336,2.02274110877634,2.690442057304452
