Altersgruppen,Fälle pro 1000 Personen,woche1,woche2,woche3,woche4,woche5,woche6,woche7,woche8
0 - 9,11.109110301552782,6.773509897081435,12.425027357223,28.61773302120704,32.06682088291109,19.91882869530287,11.261479644840913,8.795866635269347,11.109110301552782
10 - 19,21.054945054945055,20.644688644688642,25.655677655677657,42.095238095238095,49.27472527472528,34.78388278388279,22.564102564102566,18.036630036630036,21.054945054945055
20 - 29,19.592505680336725,29.723991507431,25.626699445003165,29.624663215008507,30.009560348145666,29.065941570131983,23.441477011708326,18.33848598850275,19.592505680336725
30 - 39,19.154884091757747,18.630092746778086,20.92100881043931,32.103101315006,36.32161635734254,32.36549698749584,24.6349167902954,17.32820652557853,19.154884091757747
40 - 49,17.612708778098707,14.734815186906108,16.51387667964335,27.816149692327013,31.91845619322701,27.816149692327013,21.27548243961656,16.1580643810959,17.612708778098707
50 - 59,12.42022216846845,11.545689671212994,12.159723126732784,15.51830005768193,16.5602962246246,16.002083992333887,13.564557244664423,11.685242729285674,12.42022216846845
60 - 69,7.3426315401077416,5.866725702900156,7.318033109487615,9.273608343787666,9.679482449019753,9.999262047081396,8.929230315105896,7.121245664526603,7.3426315401077416
70 - 79,4.519596551844484,3.24573343105434,2.7222280389488014,3.8390395421072836,4.659197989739294,4.851149966844658,4.955851045265766,4.449795832897079,4.519596551844484
80+,3.926175534052617,2.565925742727301,2.844158654589297,4.049834605991282,4.822703805607939,4.606300429715275,5.7192320771632605,4.606300429715275,3.926175534052617
