Altersgruppen,Fälle pro 1000 Personen,woche1,woche2,woche3,woche4,woche5,woche6,woche7,woche8
0 - 9,26.977753161635743,4.500138465798948,6.73866888211945,9.600295393704421,21.18526723899197,37.73193021323733,35.60878796270654,27.50853872426844,26.977753161635743
10 - 19,40.0879443019421,10.553316233052401,14.681812629778918,28.459753267375106,40.86967143031635,59.75326737510687,59.16697202882619,49.077806278245994,40.0879443019421
20 - 29,28.056715182970404,14.724134040392643,22.58452743615781,38.643800067697164,31.554402196397007,33.773364925345064,33.79216969423446,31.535597427507618,28.056715182970404
30 - 39,30.37729872121909,10.687073809166542,14.88854432384668,21.107387585654976,25.7756881575218,35.8625518931626,38.04664966071458,33.64510912152586,30.37729872121909
40 - 49,27.638823910461728,9.248929355453988,11.534170655342425,16.35656961888653,22.924389102817866,35.10634469356174,35.610177421096196,30.913736639435708,27.638823910461728
50 - 59,17.433437429574063,6.326261227906378,9.819387656546795,13.489585010141335,14.552010559866071,19.63877531309359,20.105598660699915,19.3651202472554,17.433437429574063
60 - 69,10.126799545152224,3.3899032375721427,5.492501448218156,6.7798064751442855,7.466369156171554,11.457014739642558,12.100667253105623,10.963547812654209,10.126799545152224
70 - 79,5.890882726119268,1.7219503353271706,2.628239985499366,2.7490786055223246,3.0209655005739835,5.256479970998732,5.286689626004471,5.196060660987252,5.890882726119268
80+,5.48429076036438,1.4872652909462725,3.113961702918758,3.3928239449711843,4.833612195575386,5.251905558654025,6.8786019706265105,6.553262688232014,5.48429076036438
