Altersgruppen,Fälle pro 1000 Personen,woche1,woche2,woche3,woche4,woche5,woche6,woche7,woche8
0 - 9,9.198189331012783,39.559627419158005,25.61920978828768,16.593237021314938,10.591888941985829,8.233320369569903,8.493355976199899,9.600788318470626,9.198189331012783
10 - 19,21.78816194976327,51.068984270710466,38.81586536990081,27.442089328050216,18.220172384160996,16.36966773317889,21.178390060953646,24.27315897153378,21.78816194976327
20 - 29,25.160528409627275,32.91675255795494,28.61383983185215,22.052066496232666,16.45837627897747,17.300271448579856,27.79602633186082,30.47968759331647,25.160528409627275
30 - 39,27.18644176861884,39.63144390016328,32.59815158900606,24.11299598626159,17.34594564159488,16.588241918229127,24.303628451694376,29.219050376840972,27.18644176861884
40 - 49,25.29469977369521,34.962799953723625,29.288117874915624,21.665000661685575,15.548362557085987,14.621170442713428,20.44317119678529,25.7158480769919,25.29469977369521
50 - 59,24.228913817085402,19.745841188075826,17.471975022881065,14.120447168020544,10.97059600079747,11.133015012597095,17.2348894511546,23.8494229506531,24.228913817085402
60 - 69,19.029394402730095,12.333388125418049,11.307845709624694,9.567938566701091,7.722582506024545,7.731886822296864,11.770993897402338,17.752635447584137,19.029394402730095
70 - 79,14.479942753714694,6.246036821744899,6.0111315238836225,5.617359637295357,4.924864250536683,4.919432914169949,7.306505247349848,12.388878252521838,14.479942753714694
80+,13.764240468350756,5.9002070745752135,5.9765780980996706,5.978760127343227,5.0994023421901895,5.00339305547373,6.727196157882908,11.40764888531036,13.764240468350756
