Altersgruppen,Fälle pro 1000 Personen,woche1,woche2,woche3,woche4,woche5,woche6,woche7,woche8
0 - 9,0.5052446216538948,0.8975790456921338,1.2180615257931373,1.1097133563639723,0.8439752145008628,0.5280547625863506,0.5166496921201228,0.541740847145824,0.5052446216538948
10 - 19,0.9899964449592584,2.594473441962194,3.4090721814530465,3.0288476253034142,1.9329062575780047,1.2795792338534053,1.2160122801937143,1.2042406221085866,0.9899964449592584
20 - 29,1.8436926254221517,5.423191996408941,7.688795473416727,7.216794749040105,5.3856245918157,3.358911277349552,2.489081370998349,2.267530010576669,1.8436926254221517
30 - 39,2.448460864039639,6.543439267070453,8.185130667696242,7.4571881309170465,5.886280092983599,3.9389332625499707,2.9825535098091263,2.6881590695205233,2.448460864039639
40 - 49,2.3329618461277244,6.043394921417556,7.276044402015186,6.257298308665084,4.689228341449732,3.324241745784563,2.6350899767536125,2.5876483694652497,2.3329618461277244
50 - 59,2.2538524481009676,6.372829377673467,7.765322232391585,6.993254607581042,5.3367346388948125,3.711774762548793,2.7311026249529484,2.5594465129561876,2.2538524481009676
60 - 69,2.178243820641729,5.7335264495866305,6.790083252954378,6.510953764784817,5.190774667034704,3.748605644825301,2.5121653935260566,2.552484097372771,2.178243820641729
70 - 79,2.039466805708878,5.3525819894170406,6.537971151456888,6.2623308308451024,5.1584117143062755,3.5792506656781637,2.3965771718216837,2.3436216422460205,2.039466805708878
80+,2.107840249275021,5.1604991610097555,6.698829777716681,6.829751532330036,5.435434845697802,3.674537246148173,2.4700571037053036,2.2627643255674914,2.107840249275021
