Altersgruppen,Fälle pro 1000 Personen,woche1,woche2,woche3,woche4,woche5,woche6,woche7,woche8
0 - 9,0.6941814969077369,5.1117001135933355,2.966048214060331,5.048592704783542,4.228196390256216,3.0291556228701246,1.5776852202448568,0.4417518616685599,0.6941814969077369
10 - 19,1.9668261981249593,13.833344260145545,19.078214121812103,14.488952992853864,14.357831246312202,9.440765750999802,4.392578509145742,2.032387071395791,1.9668261981249593
20 - 29,2.173322466721,16.951915240423798,33.30616680249932,27.22086389568052,17.006248302091823,11.681608258625374,6.791632708503124,3.1513175767454493,2.173322466721
30 - 39,3.5675082327113063,17.15148188803513,28.72301500182949,26.07025246981339,20.032930845225025,14.590193926088547,7.592389315770216,3.9791437980241495,3.5675082327113063
40 - 49,2.629272567922875,13.540753724802803,21.253286590709905,22.87467134092901,19.36897458369851,12.532865907099035,7.405784399649431,4.601226993865031,2.629272567922875
50 - 59,2.8083659744290888,12.933264355923434,20.730175153351563,24.610154460128594,19.76941837262582,13.118025275293771,7.020914936072722,4.545118616510236,2.8083659744290888
60 - 69,2.3863924854023866,8.225437928408226,13.505965981213507,21.78217821782178,18.075653719218074,11.779639502411781,5.9913683676059915,3.5542015740035544,2.3863924854023866
70 - 79,2.3731830317413234,5.784633639869475,7.638682883417384,14.090774250964106,11.865915158706615,9.196084247997627,4.9688519727083955,2.7439928804509046,2.3731830317413234
80+,2.199792960662526,5.822981366459627,8.281573498964804,13.457556935817806,11.51656314699793,9.446169772256727,5.046583850931677,4.399585921325052,2.199792960662526
