Altersgruppen,Fälle pro 1000 Personen,woche1,woche2,woche3,woche4,woche5,woche6,woche7,woche8
0 - 9,11.053819971017424,9.975398510430358,6.200923398375627,5.324705961648636,6.4705287635223945,15.064199777575574,29.2858827890675,28.038957975263706,11.053819971017424
10 - 19,26.40480087288598,15.602836879432624,9.674486270230952,11.27477723222404,22.22222222222222,32.95144571740317,50.88197854155301,52.518639752682304,26.40480087288598
20 - 29,27.212508205526046,10.413558512860298,10.47323506594259,16.500566927254283,30.25601241272304,26.436713015456228,28.10765650176046,30.94229277316942,27.212508205526046
30 - 39,30.181790902953164,13.077942537070841,9.852216748768473,12.802880648145832,16.12862894151184,20.82968667950289,32.38228601435323,33.48253357005326,30.181790902953164
40 - 49,26.217126711584438,11.655074983699196,9.563138448163443,9.86198652466855,12.850467289719626,15.974788089545749,26.787654857639644,32.791784394696805,26.217126711584438
50 - 59,14.919049105749075,7.782882119441595,6.088042460193568,8.407296730743498,10.592747870300165,12.666696400695777,17.57281120378217,18.063422684090806,14.919049105749075
60 - 69,9.890819441183377,4.84268607654379,4.373092275181968,5.752524066682319,5.429678328246067,6.046020192533459,8.599436487438366,10.507161305470767,9.890819441183377
70 - 79,4.459839792162806,3.3340549902576315,2.987659666594501,3.377354405715523,1.9484736956051094,2.94436025113661,3.5072526520891967,5.109331024031175,4.459839792162806
80+,4.843878083314703,2.1611148371711755,3.6515388628064684,2.7572844474252927,3.502496460242939,4.247708473060586,2.7572844474252927,3.7260600640882333,4.843878083314703
