Altersgruppen,Fälle pro 1000 Personen,woche1,woche2,woche3,woche4,woche5,woche6,woche7,woche8
0 - 9,0.0,0.0,0.5201560468140441,0.0,0.0,0.0,0.5201560468140441,0.0,0.0
10 - 19,0.5341880341880343,0.26709401709401714,0.5341880341880343,0.26709401709401714,0.26709401709401714,0.26709401709401714,0.26709401709401714,0.0,0.5341880341880343
20 - 29,0.9391876027236441,1.643578304766377,0.9391876027236441,0.0,0.704390702042733,0.9391876027236441,0.23479690068091102,0.46959380136182205,0.9391876027236441
30 - 39,0.6038647342995169,1.4090177133655395,1.6103059581320451,1.6103059581320451,0.6038647342995169,0.6038647342995169,0.6038647342995169,0.20128824476650564,0.6038647342995169
40 - 49,0.19817677368212447,2.179944510503369,2.179944510503369,0.7927070947284979,0.5945303210463733,0.7927070947284979,0.39635354736424894,0.7927070947284979,0.19817677368212447
50 - 59,0.982961992136304,1.965923984272608,2.1297509829619923,0.6553079947575361,0.81913499344692,0.491480996068152,0.32765399737876805,0.16382699868938402,0.982961992136304
60 - 69,0.6206040546131568,3.3098882912701693,1.4480761274306992,1.034340091021928,0.6206040546131568,1.034340091021928,0.6206040546131568,0.20686801820438558,0.6206040546131568
70 - 79,1.1844832691738227,0.2961208172934557,1.1844832691738227,0.8883624518803672,1.4806040864672787,0.8883624518803672,0.8883624518803672,0.8883624518803672,1.1844832691738227
80+,1.0357327809425168,2.589331952356292,1.0357327809425168,2.0714655618850335,2.0714655618850335,2.0714655618850335,0.5178663904712584,0.0,1.0357327809425168
