Altersgruppen,Fälle pro 1000 Personen,woche1,woche2,woche3,woche4,woche5,woche6,woche7,woche8
0 - 9,0.8457374830852503,0.6765899864682003,0.16914749661705009,0.0,0.16914749661705009,0.0,0.0,0.5074424898511501,0.8457374830852503
10 - 19,1.333079413445058,0.7617596648257475,0.0,0.9521995810321843,0.19043991620643688,0.0,1.333079413445058,0.5713197486193106,1.333079413445058
20 - 29,2.653839774423619,0.9951899154088573,0.1658649859014762,0.0,0.3317299718029524,0.829324929507381,2.1562448167191905,0.9951899154088573,2.653839774423619
30 - 39,2.508361204013378,1.1148272017837235,0.8361204013377926,0.4180602006688963,1.254180602006689,1.6722408026755853,1.3935340022296545,3.205128205128205,2.508361204013378
40 - 49,3.70264881800057,1.708914839077186,0.712047849615494,0.4272287097692965,0.5696382796923953,0.5696382796923953,1.851324409000285,2.848191398461976,3.70264881800057
50 - 59,2.052451539338654,1.4823261117445838,1.2542759407069555,0.5701254275940707,0.9122006841505131,0.9122006841505131,1.596351197263398,2.394526795895097,2.052451539338654
60 - 69,4.607651493996091,1.5358838313320302,0.9773806199385646,0.6981290142418319,1.5358838313320302,0.9773806199385646,2.3736386484222285,2.652890254118961,4.607651493996091
70 - 79,3.2141422257934913,1.2053033346725592,1.004419445560466,1.004419445560466,0.2008838891120932,0.6026516673362796,0.8035355564483728,1.6070711128967456,3.2141422257934913
80+,3.6556995679627784,1.3293452974410103,0.33233632436025257,0.33233632436025257,8.308408109006313,0.9970089730807576,2.6586905948820205,1.6616816218012629,3.6556995679627784
