Altersgruppen,Fälle pro 1000 Personen,woche1,woche2,woche3,woche4,woche5,woche6,woche7,woche8
0 - 9,8.180857045425256,10.882718238874638,19.792359287091855,36.6262432952442,39.559627419158005,25.608945224868073,16.604642091781166,10.59302944903245,8.180857045425256
10 - 19,16.27667163430638,31.95534303788826,36.39561246759851,48.506294305578116,51.066629939093446,38.80173938019866,27.42796333834806,18.215463720926948,16.27667163430638
20 - 29,17.20587130370453,44.422011031331216,32.79634420989969,33.81933353497718,32.915789291170505,28.602280630438845,22.048213429094897,16.45355994505526,17.20587130370453
30 - 39,16.481262517796385,27.704447286503704,28.439629030830982,37.25054897323906,39.629835187374816,32.58447753030413,24.104952422319283,17.342728216017953,16.481262517796385
40 - 49,14.535442626034456,22.496477252581613,25.16652420312665,32.83208917024629,34.96030302702424,29.276465550318484,21.660006808286802,15.54753024818619,14.535442626034456
50 - 59,11.059887969369777,17.03398252186691,17.162532166277042,19.59958710162119,19.744301671376306,17.466586714432736,14.117368134621499,10.966747209048663,11.059887969369777
60 - 69,7.6957033701267346,9.283640013935798,9.788140718479303,11.539419803513516,12.333388125418049,11.30887952254384,9.5658709408628,7.719481067267106,7.6957033701267346
70 - 79,4.890918398244592,4.695390289042144,4.632929920824695,5.542678762252756,6.246036821744899,6.007058021608572,5.616001803203673,4.923506416445,4.890918398244592
80+,4.903019710270157,4.20040629384515,4.7480956339776865,5.498713693760924,5.90238910381877,5.9765780980996706,5.965667951881891,5.049215669588404,4.903019710270157
