Altersgruppen,Fälle pro 1000 Personen,woche1,woche2,woche3,woche4,woche5,woche6,woche7,woche8
0 - 9,0.6941814969077369,0.1893222264293828,0.12621481761958855,0.1893222264293828,0.12621481761958855,0.1893222264293828,0.3786444528587656,0.4417518616685599,0.6941814969077369
10 - 19,2.032387071395791,0.1966826198124959,0.3278043663541598,0.5244869861666557,0.6556087327083197,0.8522913525208157,0.7211696059791517,1.5079000852291353,2.032387071395791
20 - 29,4.183645748437924,0.7063298016843249,0.4889975550122249,0.8693289866883999,0.9779951100244498,1.1409942950285248,2.2819885900570496,2.71665308340125,4.183645748437924
30 - 39,5.031101353823637,0.823271130625686,0.8690084156604464,0.8690084156604464,2.058177826564215,1.4178558360775704,3.0186608122941823,4.665203073545554,5.031101353823637
40 - 49,5.1270815074496054,0.8764241893076249,0.35056967572305,0.6134969325153374,1.7090271691498684,2.1910604732690624,2.5854513584574934,3.9439088518843115,5.1270815074496054
50 - 59,5.542827581110044,1.1824698839701426,0.7020914936072722,1.2563742517182765,1.4780873549626783,2.2910354001921514,2.586652871184687,4.61902298425837,5.542827581110044
60 - 69,4.874333587204874,0.5077430820005078,0.5585173902005585,0.913937547600914,1.4216806296014215,1.7771007870017772,2.6402640264026402,4.468139121604468,4.874333587204874
70 - 79,3.85642242657965,0.8157816671610798,0.3708098487095817,0.7416196974191634,0.7416196974191634,2.5215069712251554,1.928211213289825,2.966478789676654,3.85642242657965
80+,2.329192546583851,0.6469979296066253,0.12939958592132506,0.6469979296066253,1.2939958592132506,1.1645962732919255,2.070393374741201,2.070393374741201,2.329192546583851
