Altersgruppen,Fälle pro 1000 Personen,woche1,woche2,woche3,woche4,woche5,woche6,woche7,woche8
0 - 9,2.8043049871153554,4.168561467333636,8.337122934667272,21.752311656813703,34.03061997877823,38.80551765954222,22.81340003031681,6.366530241018645,2.8043049871153554
10 - 19,9.846827133479213,12.660206314473273,29.931228508909033,42.74773366677086,59.70615817442951,51.734917161613005,44.1544232572679,14.53579243513598,9.846827133479213
20 - 29,15.094623009912887,21.553018924601982,41.3787924301592,29.888855512165815,33.41844397717032,31.46590567738059,28.086512466206067,18.84950435566236,15.094623009912887
30 - 39,12.173348482389223,14.662121949899907,25.591083698533787,28.079857166044473,33.86896066655846,35.81669642374073,31.921224909376182,20.667640534545257,12.173348482389223
40 - 49,11.509017109387043,8.94004007604172,17.00662796074603,23.583209166110052,30.87910394081077,32.57462878281868,27.025638390792786,18.085598314751067,11.509017109387043
50 - 59,7.392921873509492,7.106744252599446,12.973385481255367,15.024325097777353,17.790708766574454,17.59992368596776,17.695316226271107,10.827053324430029,7.392921873509492
60 - 69,6.8180220707106205,4.849933225557039,7.3803331693259295,10.051310887748647,10.051310887748647,11.949110845575316,11.175933084979263,9.13755535249877,6.8180220707106205
70 - 79,3.4958244319285297,1.6508059817440282,2.0392309186249755,2.816080792386871,4.175568071470188,4.952417945232084,5.1466304136725585,6.214798990095164,3.4958244319285297
80+,5.4536440257808625,1.6526194017517766,3.305238803503553,3.305238803503553,3.801024624029086,5.123120145430507,3.305238803503553,3.1399768633283753,5.4536440257808625
