Altersgruppen,Fälle pro 1000 Personen,woche1,woche2,woche3,woche4,woche5,woche6,woche7,woche8
0 - 9,0.0,0.0,0.0,0.0,0.2600780234070221,0.0,0.2600780234070221,0.5201560468140441,0.0
10 - 19,1.8696581196581197,0.5341880341880343,0.5341880341880343,0.0,0.8012820512820512,0.5341880341880343,3.205128205128205,1.8696581196581197,1.8696581196581197
20 - 29,2.34796900680911,0.9391876027236441,1.8783752054472882,2.113172106128199,1.173984503404555,3.287156609532754,3.287156609532754,4.226344212256398,2.34796900680911
30 - 39,2.818035426731079,0.6038647342995169,2.214170692431562,1.4090177133655395,3.6231884057971016,3.421900161030596,5.434782608695652,5.233494363929147,2.818035426731079
40 - 49,3.1708283789139915,0.19817677368212447,2.7744748315497425,1.5854141894569957,3.1708283789139915,4.359889021006738,4.359889021006738,3.3690051525961158,3.1708283789139915
50 - 59,3.4403669724770642,0.982961992136304,1.3106159895150722,2.1297509829619923,2.7850589777195283,2.7850589777195283,3.931847968545216,4.259501965923985,3.4403669724770642
60 - 69,3.3098882912701693,0.6206040546131568,0.6206040546131568,0.8274720728175423,1.6549441456350846,4.137360364087712,5.792304509722797,5.378568473314026,3.3098882912701693
70 - 79,3.8495706248149246,1.1844832691738227,0.2961208172934557,0.8883624518803672,2.3689665383476455,2.9612081729345574,4.14569144210838,3.257328990228013,3.8495706248149246
80+,2.589331952356292,1.0357327809425168,1.5535991714137751,1.0357327809425168,3.1071983428275503,2.0714655618850335,3.625064733298809,4.6607975142413265,2.589331952356292
