Altersgruppen,Fälle pro 1000 Personen,woche1,woche2,woche3,woche4,woche5,woche6,woche7,woche8
0 - 9,0.18730800929047725,4.308084213680977,2.6972353337828725,1.086386453884768,0.543193226942384,0.44953922229714544,0.18730800929047725,0.1311156065033341,0.18730800929047725
10 - 19,0.4633651896901245,15.908871512694274,9.344531325417512,4.382662419152428,1.4866299835891494,0.9074234964764939,0.4440583067863694,0.5212858384013901,0.4633651896901245
20 - 29,1.124944892902206,23.547832960885362,13.864185707119077,8.406682780742159,3.952509083169913,2.15867803773126,2.00665845760934,1.3985801371216613,1.124944892902206
30 - 39,1.6355269723346455,27.37428618949936,17.533403559350226,8.524144813439042,4.421466984531796,2.633475633420192,2.0374785163829903,1.9958973221710927,1.6355269723346455
40 - 49,1.2787916171448344,24.778468158088735,16.759692488227593,8.530292316719072,4.257623854729272,2.5425386270291415,1.985888158389625,1.3841038679685267,1.2787916171448344
50 - 59,1.5397262418936024,24.231115518613727,16.832600441040228,8.090087033678248,4.475644923470386,3.1838407035766014,2.192152615577332,1.7876482638934197,1.5397262418936024
60 - 69,1.1749480638899295,18.748084323808875,13.486360385519191,6.760208425569594,4.120832340019753,3.4056465619997955,1.8560773762898886,1.9412185403398834,1.1749480638899295
70 - 79,1.56343403687865,15.542373660734814,10.80608819607302,5.816894284269095,3.3797765208994344,3.1038763967443783,1.701384098956178,1.5174506828528074,1.56343403687865
80+,1.266017033683726,14.002915675592725,10.933783472723087,6.33008516841863,2.9924038977978973,1.8031151691859129,1.7647510166500422,1.6496585590424306,1.266017033683726
