Altersgruppen,Fälle pro 1000 Personen,woche1,woche2,woche3,woche4,woche5,woche6,woche7,woche8
0 - 9,0.0,0.0,0.0,0.0,0.0,0.0,0.0,0.0,0.0
10 - 19,0.0,0.0,0.0,0.0,0.6002400960384153,0.6002400960384153,0.0,0.0,0.0
20 - 29,0.0,0.0,1.492537313432836,0.9950248756218905,1.492537313432836,0.49751243781094523,0.49751243781094523,0.0,0.0
30 - 39,0.0,1.4395393474088292,0.9596928982725528,0.4798464491362764,0.4798464491362764,0.9596928982725528,0.4798464491362764,0.0,0.0
40 - 49,0.0,1.0362694300518134,0.5181347150259067,1.5544041450777202,1.0362694300518134,1.5544041450777202,1.0362694300518134,0.0,0.0
50 - 59,0.0,0.8051529790660226,2.012882447665056,0.4025764895330113,0.8051529790660226,2.818035426731079,0.4025764895330113,0.0,0.0
60 - 69,0.4938271604938272,0.4938271604938272,1.4814814814814814,2.4691358024691357,1.9753086419753088,0.4938271604938272,0.9876543209876544,0.4938271604938272,0.4938271604938272
70 - 79,0.0,1.3956734124214933,0.0,2.7913468248429867,0.0,0.6978367062107467,1.3956734124214933,0.6978367062107467,0.0
80+,0.0,4.094165813715455,0.0,1.0235414534288638,0.0,0.0,2.0470829068577276,0.0,0.0
