Altersgruppen,Fälle pro 1000 Personen,woche1,woche2,woche3,woche4,woche5,woche6,woche7,woche8
0 - 9,6.837606837606837,2.849002849002849,0.0,1.1396011396011396,2.2792022792022792,8.547008547008549,12.535612535612534,11.396011396011396,6.837606837606837
10 - 19,22.905364677516577,7.2332730560578655,27.727546714888486,27.124773960217,27.124773960217,29.535864978902953,37.3719107896323,41.59132007233273,22.905364677516577
20 - 29,20.211742059672762,14.436958614051973,43.79210779595765,33.205004812319544,31.76130895091434,29.836381135707413,31.76130895091434,25.98652550529355,20.211742059672762
30 - 39,23.11025517573423,5.777563793933558,19.74000962927299,23.11025517573423,25.51757342320655,34.66538276360135,28.406355320173326,30.33220991815118,23.11025517573423
40 - 49,21.994884910485933,6.138107416879795,7.672634271099745,19.437340153452684,23.017902813299234,32.22506393861892,27.10997442455243,30.69053708439898,21.994884910485933
50 - 59,15.089722675367048,7.34094616639478,9.787928221859705,18.35236541598695,15.905383360522023,14.68189233278956,15.905383360522023,18.35236541598695,15.089722675367048
60 - 69,17.338092809790925,4.07955124936257,5.099439061703213,2.039775624681285,9.688934217236104,10.708822029576748,9.688934217236104,14.278429372768995,17.338092809790925
70 - 79,11.494252873563218,2.155172413793103,6.4655172413793105,4.310344827586206,7.183908045977011,7.902298850574714,7.902298850574714,8.620689655172413,11.494252873563218
80+,7.261410788381743,3.1120331950207465,0.0,12.448132780082986,4.149377593360996,5.186721991701245,5.186721991701245,3.1120331950207465,7.261410788381743
