Altersgruppen,Fälle pro 1000 Personen,woche1,woche2,woche3,woche4,woche5,woche6,woche7,woche8
0 - 9,0.5540703392295652,0.24933165265330431,0.42940451290291304,0.5125150637873478,0.747994957959913,0.5956256146717825,0.5679220977103043,0.40170099594143477,0.5540703392295652
10 - 19,1.3626373626373627,1.1868131868131868,1.421245421245421,1.8754578754578755,2.227106227106227,2.021978021978022,1.5677655677655677,1.0256410256410255,1.3626373626373627
20 - 29,2.756360114724178,3.00468084578041,3.166089320966961,5.078158950099949,7.039892725444184,6.928148396468879,5.00366273078308,3.3150817596007003,2.756360114724178
30 - 39,3.068010939881115,2.987273809884243,3.5221572961135164,5.550677687284912,6.549799670996196,6.085561173514185,5.015794201055638,3.885474381099438,3.068010939881115
40 - 49,3.0244045376533135,2.689522374314538,3.3906819038050986,4.730210557160199,5.49416049227678,4.929046841642597,4.2174222445477,3.6941688643308637,3.0244045376533135
50 - 59,3.014346054369871,3.163202649647396,4.5773403047838785,5.8798355134622176,7.163723647730867,6.540386655006234,5.014606553411607,3.7493254935526488,3.014346054369871
60 - 69,2.3491501242220747,2.8411187366246033,3.652866947088776,5.018079846505794,6.72767077460458,5.165670430226551,5.018079846505794,4.083339482940988,2.3491501242220747
70 - 79,2.0416710292116007,2.3732244442117754,3.1759327121069347,3.9611908002652427,5.828360032108331,5.182703381844833,4.816249607370955,3.3504345094754475,2.0416710292116007
80+,1.6384827031873126,2.565925742727301,3.029647262497295,4.14257890994528,6.121124060963923,6.152038828948589,4.204408445914613,2.596840510711967,1.6384827031873126
