Altersgruppen,Fälle pro 1000 Personen,woche1,woche2,woche3,woche4,woche5,woche6,woche7,woche8
0 - 9,0.13273161667109107,0.23228032917440936,0.09954871250331829,0.19909742500663657,0.13273161667109107,0.09954871250331829,0.26546323334218214,0.26546323334218214,0.13273161667109107
10 - 19,0.07177462766911898,1.112506728871344,0.5383097075183922,0.7177462766911897,0.7536335905257492,0.5383097075183922,0.4306477660147138,0.4665350798492733,0.07177462766911898
20 - 29,0.45861742134711225,1.651022716849604,1.5287247378237074,1.5592992325801815,1.437001253554285,1.1312563059895435,1.008958326963647,0.5503409056165346,0.45861742134711225
30 - 39,0.36845983787767134,2.2598870056497176,1.7931712110046671,1.3755833947433063,1.4738393515106853,1.0562515352493245,1.2281994595922379,0.8843036109064112,0.36845983787767134
40 - 49,0.3762126138714965,2.7141052857872245,2.3110203423534785,2.337892671915728,1.4779781259237363,1.5317227850482358,0.8867868755542418,0.7792975573052429,0.3762126138714965
50 - 59,0.2911273346172795,2.664934832265866,2.2842298562278853,2.015496931965781,1.8139472387692033,1.3884534420208714,1.7243695973485018,1.0525372866932412,0.2911273346172795
60 - 69,0.5106238120904372,2.780062976936825,2.4396471022098667,1.9006553005588493,1.616975404953051,1.0496156137414543,1.4183994780289921,1.1630875719837734,0.5106238120904372
70 - 79,0.5922917459914541,2.538393197106232,2.8345390701019584,2.4960866438211275,1.4807293649786353,1.7768752379743622,1.1422769386978044,1.1845834919829081,0.5922917459914541
80+,1.0151548111086939,2.9004423174534115,3.117975491262418,2.9004423174534115,3.1904865491987526,2.1753317380900588,1.6677543325357116,1.3777101007903705,1.0151548111086939
