Altersgruppen,Fälle pro 1000 Personen,woche1,woche2,woche3,woche4,woche5,woche6,woche7,woche8
0 - 9,10.663198959687906,8.842652795838752,5.461638491547465,9.102730819245773,17.42522756827048,33.81014304291288,35.89076723016905,17.685305591677505,10.663198959687906
10 - 19,20.032051282051285,16.826923076923077,16.826923076923077,20.566239316239315,44.87179487179487,66.77350427350427,56.623931623931625,33.11965811965812,20.032051282051285
20 - 29,21.601314862643815,21.601314862643815,36.158722704860295,31.462784691242078,34.515144400093924,37.802301009626674,34.515144400093924,29.58440948579479,21.601314862643815
30 - 39,24.154589371980677,19.524959742351047,23.349436392914654,22.544283413848632,31.199677938808374,46.90016103059581,44.887278582930755,34.82286634460548,24.154589371980677
40 - 49,16.44867221561633,13.674197384066586,19.817677368212447,18.430439952437574,32.50099088386841,51.129607609988106,43.79706698374951,27.5465715418153,16.44867221561633
50 - 59,16.055045871559635,9.993446920052424,12.2870249017038,17.365661861074706,16.382699868938403,23.26343381389253,21.788990825688074,21.461336828309303,16.055045871559635
60 - 69,10.343400910219279,7.033512618949111,5.378568473314026,6.6197765825403385,8.067852709971039,13.446421183285064,14.480761274306992,10.757136946628052,10.343400910219279
70 - 79,7.106899615042938,2.07284572105419,3.257328990228013,3.8495706248149246,4.441812259401836,7.403020432336393,7.699141249629849,7.699141249629849,7.106899615042938
80+,7.767995857068876,2.589331952356292,0.5178663904712584,2.0714655618850335,3.1071983428275503,3.1071983428275503,6.732263076126359,5.696530295183843,7.767995857068876
