Altersgruppen,Fälle pro 1000 Personen,woche1,woche2,woche3,woche4,woche5,woche6,woche7,woche8
0 - 9,8.487653440966785,19.792359287091855,36.6262432952442,39.559627419158005,25.615788267147806,16.608063612921033,10.59302944903245,8.231039355476657,8.487653440966785
10 - 19,21.165441237060005,36.39796679921554,48.506294305578116,51.065452773284925,38.81704253570933,27.433849167390623,18.217818052543972,16.364959069944838,21.165441237060005
20 - 29,27.76905486189644,32.79827074346857,33.8174070014083,32.915789291170505,28.61383983185215,22.05110322944822,16.45644974540859,17.29738164822653,27.76905486189644
30 - 39,24.282715185444367,28.440433387225212,37.2513533296333,39.629835187374816,32.59976030179452,24.109778560684667,17.342728216017953,16.58261142346951,24.282715185444367
40 - 49,20.42735732768917,25.16902112982604,32.83208917024629,34.96196764482383,29.288117874915624,21.661671426086393,15.550027174885578,14.622835060513019,20.42735732768917
50 - 59,17.216415250760328,17.162532166277042,19.60112661832071,19.745841188075826,17.470435506181545,14.120447168020544,10.969826242447708,11.126087187449244,17.216415250760328
60 - 69,11.758588142372579,9.787106905560156,11.539419803513516,12.332354312498902,11.307845709624694,9.566904753781946,7.718447254347958,7.725683944781984,11.758588142372579
70 - 79,7.290211238249643,4.632929920824695,5.542678762252756,6.246036821744899,6.012489357975307,5.617359637295357,4.922148582353317,4.914001577803214,7.290211238249643
80+,6.620276724948668,4.7480956339776865,5.498713693760924,5.90238910381877,5.972214039612559,5.974396068856115,5.051397698831959,4.93356811967994,6.620276724948668
