Altersgruppen,Fälle pro 1000 Personen,woche1,woche2,woche3,woche4,woche5,woche6,woche7,woche8
0 - 9,0.5540703392295652,0.1385175848073913,0.22162813569182607,0.24933165265330431,0.42940451290291304,0.5125150637873478,0.747994957959913,0.5956256146717825,0.5540703392295652
10 - 19,1.5531135531135531,0.380952380952381,0.6153846153846154,1.1868131868131868,1.421245421245421,1.8754578754578755,2.227106227106227,2.0073260073260073,1.5531135531135531
20 - 29,4.991246694230267,1.3160998745980308,1.5768366422070748,3.00468084578041,3.1536732844141495,5.078158950099949,7.039892725444184,6.915732359916068,4.991246694230267
30 - 39,4.99560991855642,1.3220705036987699,2.0789810974194394,2.987273809884243,3.5120651548639072,5.550677687284912,6.539707529746586,6.085561173514185,4.99560991855642
40 - 49,4.18602704173469,1.1197622336640294,2.103478588471681,2.689522374314538,3.3906819038050986,4.730210557160199,5.49416049227678,4.929046841642597,4.18602704173469
50 - 59,4.96808886738738,1.3676199691122564,2.1677241687289506,3.163202649647396,4.5773403047838785,5.8798355134622176,7.163723647730867,6.531083117801389,4.96808886738738
60 - 69,5.018079846505794,1.3652128994170172,1.857181511819546,2.8411187366246033,3.6405677317787126,5.018079846505794,6.72767077460458,5.153371214916489,5.018079846505794
70 - 79,4.816249607370955,1.0470107842110772,1.3960143789481032,2.3732244442117754,3.1759327121069347,3.9611908002652427,5.828360032108331,5.182703381844833,4.816249607370955
80+,4.204408445914613,0.8346987355859894,1.3293350233406498,2.565925742727301,3.029647262497295,4.14257890994528,6.121124060963923,6.152038828948589,4.204408445914613
