Altersgruppen,Fälle pro 1000 Personen,woche1,woche2,woche3,woche4,woche5,woche6,woche7,woche8
0 - 9,0.47954553838208713,10.402449371057582,4.500350437124203,1.4017484968091778,0.885314840090007,0.47954553838208713,0.36888118337083625,0.33199306503375264,0.47954553838208713
10 - 19,0.5050112656359257,18.607722787662187,7.691710045839484,2.5639033486131617,1.398492735607179,0.8934814699712532,0.8934814699712532,0.7380933882371222,0.5050112656359257
20 - 29,0.9981285090455397,15.689332501559575,7.797878976918279,5.552089831565814,3.1815346225826575,2.682470368059888,2.214597629444791,1.372426699937617,0.9981285090455397
30 - 39,1.7398639742711026,19.11214214161438,8.962935625032953,6.089523909948859,3.427004797806717,2.5570728106711655,1.9507565772130542,1.5289713713291506,1.7398639742711026
40 - 49,0.8958817436098435,20.773257929953246,9.126795263025281,5.543268288585907,4.003471541756489,2.631652621853915,1.8757524006831099,1.1758447884879195,0.8958817436098435
50 - 59,1.3919631243867376,17.89014900851151,9.17326518038473,5.65912876799854,3.4228601419346005,2.761107181160578,2.464459302192912,1.6657919357415056,1.3919631243867376
60 - 69,1.5953961425600411,14.671946668186092,7.663599327654483,4.130936440557249,3.6751089712543803,2.5355402979972084,2.05122361186291,1.880288310874334,1.5953961425600411
70 - 79,1.372018885436423,12.670997941971672,6.012670997941972,3.954642669787337,3.2282797304386426,2.3001493079375326,1.6948468584802874,1.6141398652193213,1.372018885436423
80+,2.106233133679984,14.41453300862239,6.055420259329955,3.6859079839399724,2.5011518462449813,2.369512275389982,1.5138550648324887,1.5796748502599882,2.106233133679984
