Altersgruppen,Fälle pro 1000 Personen,woche1,woche2,woche3,woche4,woche5,woche6,woche7,woche8
0 - 9,0.5092946269416857,0.0,0.0,0.25464731347084285,0.0,0.0,1.2732365673542145,0.7639419404125286,0.5092946269416857
10 - 19,2.032520325203252,0.2540650406504065,0.0,0.2540650406504065,1.016260162601626,1.016260162601626,1.7784552845528454,2.2865853658536586,2.032520325203252
20 - 29,4.600585529067336,0.6273525721455457,0.4182350480970305,0.4182350480970305,1.4638226683396067,2.509410288582183,3.97323295692179,5.227938101212882,4.600585529067336
30 - 39,5.4387237128353885,0.5438723712835388,0.7251631617113851,1.9941986947063088,1.6316171138506164,2.7193618564176942,5.076142131979695,5.076142131979695,5.4387237128353885
40 - 49,5.692937199786515,0.0,1.2453300124533002,2.4906600249066004,1.9569471624266144,1.779042874933286,3.7359900373599007,4.803415762319872,5.692937199786515
50 - 59,3.589672787518984,0.5522573519259975,0.8283860278889963,1.2425790418334943,2.4851580836669886,2.899351097611487,3.727737125500483,5.384509181278475,3.589672787518984
60 - 69,5.326460481099656,0.8591065292096219,0.6872852233676976,1.202749140893471,1.5463917525773194,2.7491408934707904,4.639175257731959,5.841924398625429,5.326460481099656
70 - 79,5.674080798910576,1.3617793917385383,0.6808896958692692,0.6808896958692692,1.3617793917385383,3.858374943259192,6.128007262823422,5.901044030866999,5.674080798910576
80+,7.9330101366240635,1.3221683561040105,0.881445570736007,1.762891141472014,1.3221683561040105,3.085059497576025,3.525782282944028,8.81445570736007,7.9330101366240635
