Altersgruppen,Fälle pro 1000 Personen,woche1,woche2,woche3,woche4,woche5,woche6,woche7,woche8
0 - 9,11.744212182512923,7.9793211957743315,4.195699408106691,3.4651981718738294,4.757623435978123,10.077170899827676,20.66007342473964,23.582078369671088,11.744212182512923
10 - 19,32.93754223380635,12.31779129259581,8.012356405058403,10.86977507481417,23.824693503233902,27.33854619171735,43.09296264118158,49.83106477459214,32.93754223380635
20 - 29,30.31270427631079,8.63471215092504,8.999559143217647,14.791505145862788,32.5625940621152,24.353536735531538,30.95118651282285,32.669007768200544,30.31270427631079
30 - 39,31.546266008759773,10.090369795420525,8.995398347840549,10.935854077729113,16.050340965792536,19.196651327826135,30.24338859012031,35.69052503187892,31.546266008759773
40 - 49,27.215694534294183,9.327656501527029,8.60551535302171,9.538281003174411,12.968451458574673,17.060584633438143,26.613910243873082,31.924656606839275,27.215694534294183
50 - 59,18.633297232407322,7.372418022626147,5.610866813680077,7.502903297362893,10.373579341571304,11.026005715255033,15.93225204535668,18.280986990618107,18.633297232407322
60 - 69,11.289718353029324,4.716820488369717,3.4056465619997955,4.597622858699724,4.904131049279706,5.976909716309642,8.497088172189489,11.477028913939312,11.289718353029324
70 - 79,5.7939026072561735,2.460109440382581,2.1152342851887616,2.4371177633696606,2.276176024279211,2.3221593783050536,3.6096932910286474,5.7479192532303305,5.7939026072561735
80+,4.872247372055551,3.1074963554055093,1.4194736438272078,1.9949359318652653,2.340213304688099,2.340213304688099,4.143328473874012,3.8747794061229186,4.872247372055551
