Altersgruppen,Fälle pro 1000 Personen,woche1,woche2,woche3,woche4,woche5,woche6,woche7,woche8
0 - 9,3.6410923276983094,9.102730819245773,17.42522756827048,33.81014304291288,35.89076723016905,17.685305591677505,10.663198959687906,3.1209362808842656,3.6410923276983094
10 - 19,14.155982905982906,20.566239316239315,44.87179487179487,66.77350427350427,56.623931623931625,33.11965811965812,20.032051282051285,16.292735042735043,14.155982905982906
20 - 29,36.158722704860295,31.462784691242078,34.515144400093924,37.802301009626674,34.515144400093924,29.58440948579479,21.601314862643815,14.08781404085466,36.158722704860295
30 - 39,36.63446054750403,22.544283413848632,31.199677938808374,46.90016103059581,44.887278582930755,34.82286634460548,24.154589371980677,18.317230273752013,36.63446054750403
40 - 49,24.772096710265558,18.430439952437574,32.50099088386841,51.129607609988106,43.79706698374951,27.5465715418153,16.44867221561633,14.268727705112962,24.772096710265558
50 - 59,22.771952817824374,17.365661861074706,16.382699868938403,23.26343381389253,21.788990825688074,21.461336828309303,16.055045871559635,13.269986893840105,22.771952817824374
60 - 69,12.20521307405875,6.6197765825403385,8.067852709971039,13.446421183285064,14.480761274306992,10.757136946628052,10.343400910219279,10.136532892014895,12.20521307405875
70 - 79,10.36422860527095,3.8495706248149246,4.441812259401836,7.403020432336393,7.699141249629849,7.699141249629849,7.106899615042938,6.810778797749482,10.36422860527095
80+,8.803728638011393,2.0714655618850335,3.1071983428275503,3.1071983428275503,6.732263076126359,5.696530295183843,7.767995857068876,12.428793371310201,8.803728638011393
