Altersgruppen,Fälle pro 1000 Personen,woche1,woche2,woche3,woche4,woche5,woche6,woche7,woche8
0 - 9,0.22476961114857272,0.018730800929047726,0.03746160185809545,0.05619240278714318,0.22476961114857272,0.2809620139357159,0.31842361579381134,0.31842361579381134,0.22476961114857272
10 - 19,2.625736074910706,0.15445506323004152,0.3475238922675934,0.25098947774881747,0.5212858384013901,1.0425716768027802,1.4094024519741288,2.4326672458731537,2.625736074910706
20 - 29,5.6855322965597965,0.3952509083169912,0.8513096486827504,1.1857527249509736,1.7634271294142685,2.493121113999483,3.2988248886456577,7.129718307718035,5.6855322965597965
30 - 39,5.0451848977102625,0.6514387093197317,0.6930199035316295,1.4553417974164218,2.148361700948051,2.5641736430670288,3.298774740810556,6.763874258468704,5.0451848977102625
40 - 49,4.498337570897712,0.616828897681626,0.7221411485053183,1.173479366321142,1.654906798658021,2.091200409213317,3.309813597316042,4.7240066798056235,4.498337570897712
50 - 59,5.493430066417005,0.6263293187363806,0.9264454506308963,1.2004645275780628,2.0877643957879353,2.387880527682451,3.927606769576053,4.658324308101831,5.493430066417005
60 - 69,5.210639239859687,0.749242243639955,0.8343834076899499,1.1749480638899295,1.9752750059598814,2.366924360589858,3.6099853557197834,4.3592275993597385,5.210639239859687
70 - 79,4.920218880765162,0.48282521727134775,0.5747919253230331,0.9886421115556168,1.632409067917414,2.2531843472662896,3.494734905964041,3.5177265829769624,4.920218880765162
80+,5.217524744878386,0.5754622880380573,0.5754622880380573,0.8440113557891507,1.9182076267935242,2.0333000844011355,3.3760454231566026,3.2993171180848613,5.217524744878386
