Altersgruppen,Fälle pro 1000 Personen,woche1,woche2,woche3,woche4,woche5,woche6,woche7,woche8
0 - 9,0.375629178874615,0.225377507324769,0.07512583577492299,0.375629178874615,0.07512583577492299,0.15025167154984598,0.30050334309969196,0.375629178874615,0.375629178874615
10 - 19,0.8535071384233395,0.5431409062693978,0.4655493482309125,0.7759155803848542,0.6983240223463687,1.1638733705772812,1.3966480446927374,0.8535071384233395,0.8535071384233395
20 - 29,2.1231422505307855,2.426448286320898,2.653927813163482,2.1231422505307855,1.7440097057931452,2.72975432211101,2.8814073400060662,1.7440097057931452,2.1231422505307855
30 - 39,1.8275639647387658,3.117609116319071,3.063857235003225,2.150075252633842,2.7413459471081487,2.31133089658138,2.5800903031606106,2.2575790152655344,1.8275639647387658
40 - 49,2.8784374196864557,3.28964276535595,3.9578514520688772,2.724235415060396,3.1354407607298893,3.238242097147263,4.112053456694937,3.186841428938576,2.8784374196864557
50 - 59,1.8508851027478526,4.508566275924256,3.464477243604955,2.8000569503108537,3.3221014664705044,2.894974135067154,4.176356129277205,2.6102225807982533,1.8508851027478526
60 - 69,1.9113932691651307,5.8707078981500445,5.8024438528227185,3.140146085057,4.437162946276196,2.730561813093044,3.413202266366305,2.9353539490750222,1.9113932691651307
70 - 79,1.8425135764158262,5.915438324282389,5.333591931730023,2.812257564003103,3.975950349107835,3.0062063615205585,2.4243599689681923,2.2304111714507373,1.8425135764158262
80+,3.01157077191314,5.864637818988746,3.3285782215882076,3.487081946425741,2.060548422887938,3.962593120938342,3.3285782215882076,2.8530670470756063,3.01157077191314
