Altersgruppen,Fälle pro 1000 Personen,woche1,woche2,woche3,woche4,woche5,woche6,woche7,woche8
0 - 9,0.8769500600018462,18.462106526354656,6.66943598264562,9.900304624757686,13.246561432659465,11.60804947844549,5.538631957906397,1.5923566878980893,0.8769500600018462
10 - 19,1.7100280933186758,25.406131672163184,12.727494808843288,25.039697080737756,26.187858800537438,17.491144497373885,8.770001221448638,2.9314767314034444,1.7100280933186758
20 - 29,2.9711534845236756,19.93305502275377,18.14660197826169,50.58482831246004,38.286509458798754,20.760464853886948,11.019594569182745,5.152506675692956,2.9711534845236756
30 - 39,4.034745494256323,22.974707814401707,19.073342336484437,47.11649077177012,40.2807649343937,28.309908467963787,15.12195935244002,6.652328314910219,4.034745494256323
40 - 49,3.670781300608198,20.09932702342822,15.90671896930219,34.890416381761256,33.97272105660921,24.07600676575377,12.991686759995682,5.9560226004966355,3.670781300608198
50 - 59,3.8311709217346515,13.553974437397379,13.40909822607128,34.8346801455201,34.89906957277615,24.097743150574676,12.411062103602589,6.519429509674511,3.8311709217346515
60 - 69,3.411358321354245,9.740608037074384,10.126799545152224,23.45040657383767,28.621081765324295,20.532515179471776,11.049368147782616,5.556866699564462,3.411358321354245
70 - 79,2.175095160413268,4.984593075947072,5.46794755603891,11.842184762250016,20.693613678931786,15.316295087910097,9.516041326808047,4.7429158359011545,2.175095160413268
80+,2.602714259155977,5.716675962074735,5.391336679680238,8.27291318088864,18.73024725785462,17.242981966908346,10.829150399702547,5.158951477969882,2.602714259155977
