Altersgruppen,Fälle pro 1000 Personen,woche1,woche2,woche3,woche4,woche5,woche6,woche7,woche8
0 - 9,0.747994957959913,0.16622110176886956,0.06925879240369565,0.1385175848073913,0.22162813569182607,0.24933165265330431,0.42940451290291304,0.5125150637873478,0.747994957959913
10 - 19,2.227106227106227,0.3663003663003663,0.29304029304029305,0.380952380952381,0.6153846153846154,1.1868131868131868,1.421245421245421,1.8754578754578755,2.227106227106227
20 - 29,7.0274766888913724,0.670465973851827,0.6580499372990154,1.3160998745980308,1.5768366422070748,2.9922648092275983,3.1412572478613376,5.078158950099949,7.0274766888913724
30 - 39,6.529615388496977,0.9688455599624572,0.9082927124648036,1.3220705036987699,2.0789810974194394,2.977181668634634,3.5120651548639072,5.550677687284912,6.529615388496977
40 - 49,5.483695424672443,0.8267403407426012,0.6488341914688769,1.1197622336640294,2.103478588471681,2.689522374314538,3.380216836200762,4.719745489555863,5.483695424672443
50 - 59,7.145116573321177,1.0699067785572074,0.8187112740263849,1.3676199691122564,2.1677241687289506,3.163202649647396,4.568036767579033,5.8798355134622176,7.145116573321177
60 - 69,6.739969989914644,0.8240474257742356,0.7994489951541092,1.3652128994170172,1.857181511819546,2.8411187366246033,3.6405677317787126,5.018079846505794,6.739969989914644
70 - 79,5.828360032108331,1.1866122221058877,0.8027082678951594,1.0470107842110772,1.3960143789481032,2.3732244442117754,3.1759327121069347,3.9262904407915404,5.828360032108331
80+,6.182953596933255,0.9583578075246545,0.5873805917086593,0.8346987355859894,1.3293350233406498,2.565925742727301,3.029647262497295,4.14257890994528,6.182953596933255
