Altersgruppen,Fälle pro 1000 Personen,woche1,woche2,woche3,woche4,woche5,woche6,woche7,woche8
0 - 9,0.0,0.0,0.0,0.26143790849673204,0.0,0.0,0.0,0.0,0.0
10 - 19,0.0,0.7921837866385001,1.0562450488513335,0.7921837866385001,0.0,0.0,0.2640612622128334,0.2640612622128334,0.0
20 - 29,0.0,1.4289116456299118,1.6670635865682304,1.9052155275065492,1.6670635865682304,0.23815194093831865,0.0,0.23815194093831865,0.0
30 - 39,0.5958291956305859,1.7874875868917577,0.5958291956305859,2.1847070506454815,0.5958291956305859,0.5958291956305859,0.5958291956305859,0.5958291956305859,0.5958291956305859
40 - 49,0.5971337579617834,2.5875796178343946,1.7914012738853504,1.7914012738853504,0.9952229299363057,0.3980891719745223,0.3980891719745223,0.9952229299363057,0.5971337579617834
50 - 59,0.326743996079072,3.2674399607907203,2.940695964711648,2.940695964711648,1.7970919784348962,1.470347982355824,0.653487992158144,0.653487992158144,0.326743996079072
60 - 69,0.6065507480792559,2.2240194096239385,2.628386575010109,0.6065507480792559,2.0218358269308534,1.0109179134654267,1.2131014961585118,1.4152850788515972,0.6065507480792559
70 - 79,1.141552511415525,1.4269406392694064,1.141552511415525,1.7123287671232876,1.141552511415525,1.4269406392694064,1.4269406392694064,1.9977168949771689,1.141552511415525
80+,0.5015045135406219,1.0030090270812437,0.5015045135406219,3.009027081243731,1.5045135406218655,1.0030090270812437,3.510531594784353,3.009027081243731,0.5015045135406219
