Altersgruppen,Fälle pro 1000 Personen,woche1,woche2,woche3,woche4,woche5,woche6,woche7,woche8
0 - 9,0.25385396473737654,0.5538631957906397,0.5307855626326964,0.8307947936859595,0.4384750300009231,0.2307763315794332,0.18462106526354657,0.2307763315794332,0.25385396473737654
10 - 19,0.4641504824722121,0.7817271283742518,0.8305850738976426,0.4885794552339074,0.9038719921827287,0.7572981556125564,0.5374374007572982,0.4152925369488213,0.4641504824722121
20 - 29,2.5198390311783068,1.7300387378239122,1.391552897814886,1.560795817819399,1.128286133363421,1.3351385911467146,1.5796005867087894,1.5984053555981796,2.5198390311783068
30 - 39,2.934360359459144,2.100735257340069,1.8839927307891096,1.9506827389586356,1.5672151919838608,1.6839227062805315,1.4338351756448091,2.200770269594358,2.934360359459144
40 - 49,2.7530859754561487,2.177277143988196,1.763414546370605,2.015330910137834,1.8533846762874726,1.6734444164537374,1.7814085723539783,2.7710800014395223,2.7530859754561487
50 - 59,3.6540999967805288,2.1248510994494705,1.8511960336112812,1.754611892727214,2.173143169891504,1.9155854608673257,2.0121696017513924,2.994108367406072,3.6540999967805288
60 - 69,4.8488489347550905,1.909502456607093,1.9524126241712976,1.630586367439765,2.4244244673775452,2.0167778755176036,2.0811431268639105,3.218262567315325,4.8488489347550905
70 - 79,5.800253761102049,1.8729986103558696,1.84278895535013,2.235514470424748,2.6584496405051055,1.993837230378829,2.6584496405051055,4.138722735786358,5.800253761102049
80+,4.508272913180888,1.3943112102621305,1.8126045733407696,1.3943112102621305,1.8590816136828408,2.1844208960773375,2.4632831381297637,4.973043316601599,4.508272913180888
