Altersgruppen,Fälle pro 1000 Personen,woche1,woche2,woche3,woche4,woche5,woche6,woche7,woche8
0 - 9,11.582869157844257,8.115386034158398,7.451399904090892,17.70629680180014,34.047733225128184,49.57763104504039,43.011545981039504,16.636541370024712,11.582869157844257
10 - 19,19.306969155465776,13.1691399269676,21.404708258876543,32.82573226633517,51.20037293139616,69.61386061689069,53.37580607567399,27.076373242172323,19.306969155465776
20 - 29,18.46537741734248,18.24703680598877,32.127261384903306,27.386150966936995,33.873986275733,34.185901434809736,30.567685589519648,24.204616344354335,18.46537741734248
30 - 39,18.90124953867243,12.310855696736438,18.663995360362737,22.091000158169454,33.53192386777034,40.64954921706121,36.7480360626351,25.72889755891812,18.90124953867243
40 - 49,19.121475965172596,10.974551359220582,15.257985945855147,18.28158683053837,30.236008846832217,34.91139169629609,32.30773537892998,23.096951202441275,19.121475965172596
50 - 59,11.980010496771103,9.355817721287908,11.888734226319514,12.596125322319331,18.0270634141889,18.529082901672638,16.2699952079958,15.288775300641216,11.980010496771103
60 - 69,8.090937580125923,5.469929631634426,6.381584570240165,6.808922822711604,9.942736674168827,12.079427936526026,10.370074926640266,9.942736674168827,8.090937580125923
70 - 79,4.600298615875065,2.3808563011984987,3.1072192405471935,3.4300472135910574,4.681005609136032,5.044187078810379,5.649489528267624,4.9634800855494134,4.600298615875065
80+,6.976897255314947,2.0404133482524847,2.1720529191074833,3.883367340222471,4.212466267359968,5.660501546764957,4.936483907062462,8.03001382215494,6.976897255314947
