Altersgruppen,Fälle pro 1000 Personen,woche1,woche2,woche3,woche4,woche5,woche6,woche7,woche8
0 - 9,25.651143985593116,9.142304485728266,6.598973771759449,7.0665816608747924,10.882718238874638,19.795780808231722,36.606854675451615,39.62007429262901,25.651143985593116
10 - 19,39.24082222677393,11.557413907978594,10.685134043870615,16.23429366519992,31.95063437465421,36.40032113083256,48.49099115006745,51.30324026660451,39.24082222677393
20 - 29,29.101252824779845,7.844844692496345,13.103318068765688,24.292625036844957,44.42104776454677,32.79249114276192,33.82126006854606,33.16142232120323,29.101252824779845
30 - 39,33.00515592448702,8.655679158321469,10.865246173274453,17.935538878566316,27.693186296984468,28.427563684917516,37.2489402604506,39.84218527545185,33.00515592448702
40 - 49,29.566109047447434,8.477066144420576,9.272753452625393,14.989050976423187,22.48981878138325,25.1573688052289,32.82626300794772,35.12010633578504,29.566109047447434
50 - 59,17.699053736060637,5.515318576039424,6.281228134051877,11.638746248390243,17.02936397176834,17.160222891227757,19.59419879317286,19.844370256845266,17.699053736060637
60 - 69,11.415362253215932,3.794093413267748,4.0876962823053615,7.315260215880814,9.279504762259212,9.78607309264101,11.53838599059437,12.391281648890253,11.415362253215932
70 - 79,6.108895578484847,2.3028866194955104,2.2472154217364797,3.8562488203816327,4.695390289042144,4.63157208673301,5.541320928161072,6.27998267403699,6.108895578484847
80+,6.105317823469471,2.4329626065648533,2.3325892613612806,3.417057795408574,4.196042235358038,4.7480956339776865,5.487803547543144,5.956939834907668,6.105317823469471
