Altersgruppen,Fälle pro 1000 Personen,woche1,woche2,woche3,woche4,woche5,woche6,woche7,woche8
0 - 9,8.18926296633303,29.2858827890675,28.00525730462036,10.986418629730732,13.64877161055505,15.839315202372529,13.513968927981667,10.211303204933778,8.18926296633303
10 - 19,28.33242407710493,50.918348790689215,52.55501000181851,26.004728132387708,27.750500090925623,27.605019094380797,25.822876886706673,27.823240589198036,28.33242407710493
20 - 29,33.77692904457839,28.10765650176046,30.85277794354598,26.764934057408844,23.12466431938891,18.111833860476217,21.931133257743035,30.554395178134513,33.77692904457839
30 - 39,33.68257858018054,32.38228601435323,33.5825560751169,30.106774024155435,23.23022680103023,21.504838588682453,20.779675426971068,30.88194843839864,33.68257858018054
40 - 49,29.69463160182569,26.814822864594653,32.98196044338187,25.99978265594436,20.18582916757227,17.795044555531405,19.832645077157142,27.30384698978483,29.69463160182569
50 - 59,27.54114446278043,17.595111725614377,18.108023727755228,14.896748583916864,14.718344409259176,12.153784398554926,13.023504750011151,21.809910351902236,27.54114446278043
60 - 69,20.720826485090395,8.599436487438366,10.624559755811223,9.861469828598262,10.066917116694059,8.10049307349143,9.53862409016201,15.027001643578306,20.720826485090395
70 - 79,14.765100671140939,3.550552067547088,5.0227321931153925,4.459839792162806,6.23511582593635,5.412426932236414,5.715522840441654,9.266074907988742,14.765100671140939
80+,15.35136746404352,2.7572844474252927,3.8005812653699977,4.769356882032938,5.738132498695879,4.173187271778821,5.141962888441762,8.346374543557642,15.35136746404352
