Altersgruppen,Fälle pro 1000 Personen,woche1,woche2,woche3,woche4,woche5,woche6,woche7,woche8
0 - 9,6.237356709372893,3.4651981718738294,4.757623435978123,10.077170899827676,20.66007342473964,23.56334756874204,12.11882820109388,8.185360005993855,6.237356709372893
10 - 19,19.1717347234289,10.86977507481417,23.824693503233902,27.33854619171735,43.09296264118158,49.48354088232455,33.43952118930399,25.504392315860606,19.1717347234289
20 - 29,18.622398564935164,14.791505145862788,32.547392104103004,24.353536735531538,30.95118651282285,32.380170565968896,30.495127772457092,24.216719113421806,18.622398564935164
30 - 39,18.53135222043577,10.935854077729113,16.050340965792536,19.196651327826135,30.24338859012031,35.53806065310196,31.851194766313686,26.77828907246216,18.53135222043577
40 - 49,16.74464788096707,9.538281003174411,12.968451458574673,17.060584633438143,26.598865636612558,31.74412131971295,27.47145285772315,22.867803036001746,16.74464788096707
50 - 59,12.226470242833097,7.502903297362893,10.373579341571304,11.026005715255033,15.945300572830355,18.20269582577606,18.815976617038764,16.910891605882277,12.226470242833097
60 - 69,8.599257569049483,4.597622858699724,4.904131049279706,5.976909716309642,8.497088172189489,11.374859517079319,11.255661887409325,11.255661887409325,8.599257569049483
70 - 79,5.150135650894375,2.460109440382581,2.276176024279211,2.3221593783050536,3.6096932910286474,5.724927576217409,5.678944222191566,6.230744470501678,5.150135650894375
80+,3.7596869485153075,1.9949359318652653,2.340213304688099,2.340213304688099,4.143328473874012,3.8747794061229186,5.025703982199033,4.220056778945753,3.7596869485153075
