Altersgruppen,Fälle pro 1000 Personen,woche1,woche2,woche3,woche4,woche5,woche6,woche7,woche8
0 - 9,0.25464731347084285,0.25464731347084285,0.5092946269416857,0.5092946269416857,0.0,0.25464731347084285,0.7639419404125286,0.5092946269416857,0.25464731347084285
10 - 19,0.2540650406504065,1.016260162601626,1.2703252032520325,0.2540650406504065,1.2703252032520325,0.7621951219512195,1.2703252032520325,0.0,0.2540650406504065
20 - 29,2.9276453366792135,1.672940192388122,2.091175240485153,0.836470096194061,1.672940192388122,0.4182350480970305,1.8820577164366374,2.7185278126306986,2.9276453366792135
30 - 39,6.163886874546773,2.5380710659898473,2.3567802755620013,1.4503263234227701,1.4503263234227701,1.2690355329949237,2.7193618564176942,1.8129079042784628,6.163886874546773
40 - 49,3.2022771748799146,2.3127557374132715,1.6011385874399573,1.779042874933286,2.4906600249066004,1.4232342999466288,1.6011385874399573,2.668564312399929,3.2022771748799146
50 - 59,4.8322518293524785,1.794836393759492,1.380643379814994,1.104514703851995,2.761286759629988,0.41419301394449815,1.9329007317409914,3.0374154355929863,4.8322518293524785
60 - 69,5.6701030927835046,2.577319587628866,1.3745704467353952,1.7182130584192439,1.7182130584192439,2.2336769759450172,2.7491408934707904,5.154639175257732,5.6701030927835046
70 - 79,4.0853381752156155,2.0426690876078077,3.404448479346346,1.3617793917385383,1.1348161597821154,2.0426690876078077,0.45392646391284613,4.0853381752156155,4.0853381752156155
80+,4.8479506390480385,0.881445570736007,0.4407227853680035,1.3221683561040105,0.881445570736007,6.17011899515205,3.9665050683120318,2.2036139268400174,4.8479506390480385
