Altersgruppen,Fälle pro 1000 Personen,woche1,woche2,woche3,woche4,woche5,woche6,woche7,woche8
0 - 9,6.706433458025814,28.00525730462036,10.986418629730732,13.581370269268358,15.839315202372529,13.513968927981667,10.211303204933778,8.593671014053179,6.706433458025814
10 - 19,20.149118021458445,52.55501000181851,26.004728132387708,27.823240589198036,27.605019094380797,25.822876886706673,27.823240589198036,29.532642298599747,20.149118021458445
20 - 29,27.779435459807843,30.85277794354598,26.7350957808677,23.12466431938891,18.111833860476217,21.931133257743035,30.524556901593364,35.03013665930656,27.779435459807843
30 - 39,31.532094721312298,33.5825560751169,30.106774024155435,23.23022680103023,21.529844214948366,20.779675426971068,30.88194843839864,34.88284864094422,31.532094721312298
40 - 49,28.472071288850252,32.98196044338187,25.99978265594436,20.18582916757227,17.795044555531405,19.832645077157142,27.331014996739842,30.672679852206045,28.472071288850252
50 - 59,26.76062619865305,18.108023727755228,14.919049105749075,14.718344409259176,12.153784398554926,13.00120422817894,21.78760983007002,28.901476294545294,26.76062619865305
60 - 69,22.100258276590747,10.595210143226108,9.861469828598262,10.066917116694059,8.10049307349143,9.53862409016201,15.056351256163419,21.48391641230336,22.100258276590747
70 - 79,17.233167352240745,5.0227321931153925,4.459839792162806,6.23511582593635,5.412426932236414,5.715522840441654,9.266074907988742,15.198094825719853,17.233167352240745
80+,18.630300320441165,3.8005812653699977,4.769356882032938,5.738132498695879,4.173187271778821,5.141962888441762,8.271853342275877,16.245621879424696,18.630300320441165
