Altersgruppen,Fälle pro 1000 Personen,woche1,woche2,woche3,woche4,woche5,woche6,woche7,woche8
0 - 9,3.639672429481347,10.986418629730732,13.581370269268358,15.873015873015872,13.446567586694975,10.211303204933778,8.593671014053179,6.74013412866916,3.639672429481347
10 - 19,12.038552464084379,26.004728132387708,27.823240589198036,27.568648845244592,25.85924713584288,27.823240589198036,29.532642298599747,20.040007274049827,12.038552464084379
20 - 29,16.94814107537149,26.7350957808677,23.12466431938891,18.141672137017366,21.931133257743035,30.524556901593364,35.059974935847706,27.779435459807843,16.94814107537149
30 - 39,20.57963041684379,30.106774024155435,23.23022680103023,21.529844214948366,20.779675426971068,30.88194843839864,34.83283738841239,31.532094721312298,20.57963041684379
40 - 49,18.17539665290154,25.99978265594436,20.18582916757227,17.795044555531405,19.859813084112147,27.331014996739842,30.672679852206045,28.363399261030214,18.17539665290154
50 - 59,16.546987199500467,14.919049105749075,14.718344409259176,12.153784398554926,13.00120422817894,21.809910351902236,28.901476294545294,26.73832567682084,16.546987199500467
60 - 69,13.764968302418408,9.861469828598262,10.066917116694059,8.10049307349143,9.597323315332238,15.056351256163419,21.48391641230336,22.129607889175865,13.764968302418408
70 - 79,11.344446849967527,4.459839792162806,6.23511582593635,5.412426932236414,5.715522840441654,9.266074907988742,15.198094825719853,17.189867936782854,11.344446849967527
80+,12.221477010209405,4.769356882032938,5.738132498695879,4.173187271778821,5.141962888441762,8.271853342275877,16.09657947686117,18.779342723004696,12.221477010209405
