Altersgruppen,Fälle pro 1000 Personen,woche1,woche2,woche3,woche4,woche5,woche6,woche7,woche8
0 - 9,17.165149544863457,10.403120936280885,8.842652795838752,5.461638491547465,9.102730819245773,17.42522756827048,33.81014304291288,36.15084525357607,17.165149544863457
10 - 19,31.784188034188034,25.64102564102564,16.826923076923077,16.826923076923077,20.566239316239315,44.87179487179487,66.77350427350427,56.623931623931625,31.784188034188034
20 - 29,28.880018783752053,13.85301714017375,21.601314862643815,36.158722704860295,31.462784691242078,34.515144400093924,38.03709791030759,34.515144400093924,28.880018783752053
30 - 39,32.809983896940416,16.304347826086957,19.524959742351047,23.349436392914654,22.544283413848632,31.199677938808374,46.90016103059581,44.887278582930755,32.809983896940416
40 - 49,25.961157352358303,11.890606420927467,13.674197384066586,19.817677368212447,18.430439952437574,32.50099088386841,51.129607609988106,43.99524375743163,25.961157352358303
50 - 59,20.150720838794232,8.682830930537353,9.993446920052424,12.2870249017038,17.365661861074706,16.382699868938403,23.26343381389253,21.788990825688074,20.150720838794232
60 - 69,10.136532892014895,5.792304509722797,7.033512618949111,5.378568473314026,6.6197765825403385,8.067852709971039,13.446421183285064,14.687629292511376,10.136532892014895
70 - 79,7.403020432336393,0.8883624518803672,2.07284572105419,3.257328990228013,3.8495706248149246,4.441812259401836,7.403020432336393,7.699141249629849,7.403020432336393
80+,5.696530295183843,0.5178663904712584,2.589331952356292,0.5178663904712584,2.0714655618850335,3.1071983428275503,3.1071983428275503,6.732263076126359,5.696530295183843
