Altersgruppen,Fälle pro 1000 Personen,woche1,woche2,woche3,woche4,woche5,woche6,woche7,woche8
0 - 9,0.36888118337083625,0.25821682835958537,0.7377623667416725,1.1435316684495924,1.1066435501125087,0.6639861300675053,0.995979195101258,0.4426574200450035,0.36888118337083625
10 - 19,1.9035040012431046,1.55388081734131,1.2819516743065809,2.68044440991376,2.6027503690466944,2.486209307746096,1.4761867764742445,1.8258099603760392,1.9035040012431046
20 - 29,2.9943855271366187,2.744853399875234,3.6182158452900812,5.1466001247660635,6.7685589519650655,7.8290704928259505,5.396132252027449,2.8696194635059262,2.9943855271366187
30 - 39,3.268835345600253,2.8206885643486057,3.6115358253809244,5.825908156271419,7.09126377392313,6.906732746348921,6.03680075921337,3.98059788052934,3.268835345600253
40 - 49,3.6955121923906047,2.995604580195414,3.9194826282930655,5.207312634732215,5.459279375122484,5.431283070634676,4.591393936000448,3.4155491475125284,3.6955121923906047
50 - 59,3.263126668644319,2.6241927754831935,4.175889373160213,5.294023686192182,6.754444013417611,6.822901216256303,5.111471145289003,4.084613102708624,3.263126668644319
60 - 69,2.5355402979972084,2.9343893336372187,3.4187060197715167,5.868778667274437,7.008347340531609,6.068203185094442,5.298994330645851,3.27625993561437,2.5355402979972084
70 - 79,2.744037770872846,2.461563294459465,3.954642669787337,5.8109035147895565,7.7478713530527425,7.505750373269844,5.286308058593277,3.1475727371776765,2.744037770872846
80+,3.6859079839399724,2.2378727045349835,3.883367340222471,4.278286052787468,6.252879615612453,5.528861975909958,5.1997630487724615,4.804844336207464,3.6859079839399724
