Altersgruppen,Fälle pro 1000 Personen,woche1,woche2,woche3,woche4,woche5,woche6,woche7,woche8
0 - 9,0.24933165265330431,4.958929536104608,1.8976909118612608,0.9142160597287826,0.3601457204992174,0.1800728602496087,0.2631834111340435,0.3324422035377391,0.24933165265330431
10 - 19,0.46886446886446886,13.948717948717949,6.183150183150183,2.3150183150183152,1.1282051282051282,0.9523809523809523,0.967032967032967,0.761904761904762,0.46886446886446886
20 - 29,0.9560348145664941,18.561974646453358,8.666393513862504,5.040910840441514,3.550986454104121,2.781192187829801,1.8748215194745532,1.1546913994114798,0.9560348145664941
30 - 39,1.160596243705027,20.143913934219423,10.152694097106583,5.338742721043124,3.7643686861041306,2.8459838323897184,2.3817453349077073,1.6551111649358643,1.160596243705027
40 - 49,1.4965046674201516,18.14642722591988,9.219724559420655,5.211603666959689,3.5790531206831595,2.49068608983214,1.9988279124283141,1.6534806814852023,1.4965046674201516
50 - 59,1.2745845970638037,18.47682488882273,9.666375155834247,5.321623281171501,4.2703235770239845,2.9585248311407994,2.400312598850083,1.9258322014029734,1.2745845970638037
60 - 69,1.4390081912773967,13.861215654441247,7.650111922859321,4.353922219762379,3.2838904877868793,3.013307750965488,1.9432760189899885,1.684992497478661,1.4390081912773967
70 - 79,1.4658150978955085,11.569469165532404,5.723658953687224,3.9611908002652427,2.896729836317314,2.181272467106411,1.3960143789481032,1.6054165357903187,1.4658150978955085
80+,1.452994095279315,8.903453179583886,5.0391071815006026,3.3078801743592914,2.504096206757968,1.8858008470646428,1.6693974711719788,1.360249791325316,1.452994095279315
