Altersgruppen,Fälle pro 1000 Personen,woche1,woche2,woche3,woche4,woche5,woche6,woche7,woche8
0 - 9,0.5348978048660874,0.6535105377148572,0.8975790456921338,1.2180615257931373,1.110853863410595,0.8439752145008628,0.5280547625863506,0.5166496921201228,0.5348978048660874
10 - 19,1.1912917982149456,1.6503864635349348,2.594473441962194,3.4078950156445336,3.025316127877876,1.9329062575780047,1.2784020680448922,1.2160122801937143,1.1912917982149456
20 - 29,2.2578973427322486,3.6777525829998825,5.423191996408941,7.687832206632285,7.216794749040105,5.3856245918157,3.358911277349552,2.488118104213907,2.2578973427322486
30 - 39,2.6720719416359002,4.767420348608061,6.542634910676222,8.184326311302012,7.456383774522815,5.884671380195137,3.9381289061557396,2.981749153414895,2.6720719416359002
40 - 49,2.573499118168721,4.278900053850386,6.043394921417556,7.276044402015186,6.257298308665084,4.688396032549937,3.3234094368847678,2.6342576678538165,2.573499118168721
50 - 59,2.5440513459609626,4.563897255734507,6.372829377673467,7.765322232391585,6.988636057482474,5.3367346388948125,3.711774762548793,2.729563108253426,2.5440513459609626
60 - 69,2.5328416519089876,4.184874696705134,5.7335264495866305,6.789049440035233,6.508886138946524,5.190774667034704,3.746538018987008,2.5121653935260566,2.5328416519089876
70 - 79,2.3354746376959183,3.8942681749487758,5.349866321233673,6.53525548327352,6.260972996753418,5.155696046122909,3.5792506656781637,2.3965771718216837,2.3354746376959183
80+,2.238762003888376,3.9865674279766696,5.1604991610097555,6.696647748473125,6.829751532330036,5.435434845697802,3.674537246148173,2.4722391329488596,2.238762003888376
