Altersgruppen,Fälle pro 1000 Personen,woche1,woche2,woche3,woche4,woche5,woche6,woche7,woche8
0 - 9,0.29881284621517035,0.5075256357471405,0.5428813541924469,0.47559143844170243,0.38891290289837055,0.23608495865091703,0.2030102542988562,0.24064698683740815,0.29881284621517035
10 - 19,0.9617444655549513,0.9958822740018224,0.9299609887251059,0.9111263357889012,0.8534452111717744,0.736905796129008,0.6627443501927021,0.7498546200226487,0.9617444655549513
20 - 29,2.804069609510911,1.8533252932665725,1.5373737879695686,1.4410471095253599,1.2483937526369429,1.3023366925656996,1.3928837703032555,1.9592846395552022,2.804069609510911
30 - 39,4.033847317069247,2.4621349227415683,2.1749796900010456,2.0567393000490655,1.898281090385528,1.748670801058533,1.810606243414332,2.8080081722609656,4.033847317069247
40 - 49,4.146562938782848,2.3421172440254785,2.0216783176040822,2.083269176188974,1.8627073177430777,1.8535519198453239,2.002535212908778,2.8847826466923627,4.146562938782848
50 - 59,5.3059443049043615,2.2646290649976253,2.1491653125334365,2.0629523773601757,1.9228563577036262,2.0398596268673375,2.304656499185211,3.6217130356267258,5.3059443049043615
60 - 69,5.690106306982476,2.1989200790246595,2.1823790723183154,2.0107661277399917,2.0335100119612157,2.1048431033823256,2.5152668322834963,3.886102763071789,5.690106306982476
70 - 79,6.536613317365204,2.050329478442347,2.0068787875084695,2.0313198011587756,1.9851534420415309,2.187470721702398,2.795780394776684,4.3722257752214295,6.536613317365204
80+,6.434804239246414,2.120932424736356,1.8045381844207475,1.9092755881114318,1.8547248570225336,2.0271051672634517,2.714444378983567,4.143673533512696,6.434804239246414
