Altersgruppen,Fälle pro 1000 Personen,woche1,woche2,woche3,woche4,woche5,woche6,woche7,woche8
0 - 9,0.0757920266787934,0.6063362134303472,0.1515840533575868,0.5305441867515538,0.37896013339396695,0.3031681067151736,0.1515840533575868,0.0,0.0757920266787934
10 - 19,1.0940919037199124,1.015942482025633,0.9377930603313536,1.6411378555798686,1.4848390121913098,1.015942482025633,0.3907471084713973,0.7814942169427946,1.0940919037199124
20 - 29,1.351757284469811,1.5019525382997898,1.7272454190447581,2.4031240612796636,1.0513667768098527,1.0513667768098527,0.5256833884049263,0.9011715229798738,1.351757284469811
30 - 39,2.5969810095763672,2.8133960937077314,2.9757074068062543,3.5708488881675056,2.3264621544121624,0.8115565654926148,1.0820754206568197,2.1641508413136394,2.5969810095763672
40 - 49,2.8258747366798542,2.877254277346761,2.877254277346761,2.877254277346761,2.31207933001079,1.3872475980064738,1.0789703540050353,2.0551816266762573,2.8258747366798542
50 - 59,2.8140799389487743,3.2433463703138417,2.8140799389487743,2.9571687494037966,2.4802060478870556,2.003243346370314,1.2401030239435278,2.384813507583707,2.8140799389487743
60 - 69,2.389822169115063,3.444155479018767,2.881844380403458,1.8977999578266675,3.162999929711113,1.265199971884445,1.0543333099037042,1.7572221831728403,2.389822169115063
70 - 79,2.2334433870654493,3.3987181977082925,2.7189745581666345,1.9421246844047388,2.0392309186249755,0.8739561079821324,0.5826374053214216,2.816080792386871,2.2334433870654493
80+,3.4705007436787305,1.3220955214014214,1.8178813419269542,1.1568335812262438,1.6526194017517766,1.3220955214014214,0.16526194017517767,1.8178813419269542,3.4705007436787305
