Altersgruppen,Fälle pro 1000 Personen,woche1,woche2,woche3,woche4,woche5,woche6,woche7,woche8
0 - 9,2.2792022792022792,8.547008547008549,12.535612535612534,11.396011396011396,7.407407407407407,4.5584045584045585,3.988603988603989,2.849002849002849,2.2792022792022792
10 - 19,4.822182037371911,29.535864978902953,37.3719107896323,40.988547317661244,23.508137432188065,18.083182640144667,19.891500904159134,9.644364074743821,4.822182037371911
20 - 29,11.068334937439845,29.355149181905677,31.76130895091434,25.98652550529355,20.692974013474494,22.617901828681426,37.0548604427334,13.95572666025024,11.068334937439845
30 - 39,7.221954742416948,34.66538276360135,28.406355320173326,30.33220991815118,23.591718825228696,22.147327876745305,42.85026480500722,19.74000962927299,7.221954742416948
40 - 49,12.78772378516624,32.22506393861892,27.10997442455243,30.69053708439898,22.506393861892583,13.81074168797954,37.851662404092075,22.506393861892583,12.78772378516624
50 - 59,18.760195758564436,14.68189233278956,15.905383360522023,18.35236541598695,15.905383360522023,13.05057096247961,35.48123980424143,23.246329526916803,18.760195758564436
60 - 69,17.848036715961243,10.708822029576748,9.688934217236104,14.278429372768995,18.357980622131564,10.198878123406425,20.39775624681285,26.007139214686386,17.848036715961243
70 - 79,9.339080459770116,7.902298850574714,7.902298850574714,8.620689655172413,11.494252873563218,4.310344827586206,6.4655172413793105,17.95977011494253,9.339080459770116
80+,11.410788381742737,4.149377593360996,5.186721991701245,3.1120331950207465,8.298755186721992,4.149377593360996,3.1120331950207465,11.410788381742737,11.410788381742737
