Altersgruppen,Fälle pro 1000 Personen,woche1,woche2,woche3,woche4,woche5,woche6,woche7,woche8
0 - 9,8.782014876788608,32.06682088291109,19.946532212264348,11.247627886360174,8.782014876788608,11.261479644840913,14.281162993642043,13.006801213414043,8.782014876788608
10 - 19,28.864468864468865,49.27472527472528,34.76923076923077,22.564102564102566,18.036630036630036,21.5970695970696,34.46153846153846,36.92307692307693,28.864468864468865
20 - 29,31.66089320966961,30.009560348145666,29.090773643237608,23.441477011708326,18.33848598850275,19.989818850026694,35.29879191964341,38.42763313095194,31.66089320966961
30 - 39,32.24439129250053,36.32161635734254,32.375589128745446,24.6349167902954,17.33829866682814,19.407187622997974,30.629648692563098,36.45281419358745,32.24439129250053
40 - 49,31.070785717275733,31.91845619322701,27.82661475993135,21.27548243961656,16.1580643810959,18.104566955502534,28.538239357026246,33.603332077525224,31.070785717275733
50 - 59,29.334052806877175,16.5602962246246,16.002083992333887,13.564557244664423,11.703849803695364,12.866791954301027,20.54221014829838,28.840965335020375,29.334052806877175
60 - 69,21.007059749587977,9.679482449019753,9.999262047081396,8.929230315105896,7.133544879836666,7.502521339138562,13.123262735837454,20.06002017071311,21.007059749587977
70 - 79,15.02460475342896,4.659197989739294,4.851149966844658,4.973301225002618,4.5021463721076325,4.60684745052874,7.259274770530137,13.017834083691062,15.02460475342896
80+,12.427736729835843,4.822703805607939,4.606300429715275,5.750146845147928,5.162766253439268,4.049834605991282,6.615760348718583,10.758339258663863,12.427736729835843
