Altersgruppen,Fälle pro 1000 Personen,woche1,woche2,woche3,woche4,woche5,woche6,woche7,woche8
0 - 9,0.0,0.8496176720475787,0.0,0.0,0.0,0.28320589068252616,0.28320589068252616,0.28320589068252616,0.0
10 - 19,0.2642706131078224,0.0,0.0,0.0,0.7928118393234672,0.7928118393234672,0.2642706131078224,0.0,0.2642706131078224
20 - 29,1.3556258472661546,0.22593764121102577,0.6778129236330773,1.8075011296882062,0.22593764121102577,2.2593764121102575,2.485314053321283,2.7112516945323093,1.3556258472661546
30 - 39,1.9880715705765406,1.3253810470510272,0.8835873647006848,1.9880715705765406,1.3253810470510272,1.1044842058758562,3.7552462999779106,3.3134526176275676,1.9880715705765406
40 - 49,0.8467400508044031,0.0,1.0584250635055037,1.0584250635055037,2.75190516511431,1.0584250635055037,3.5986452159187126,1.6934801016088061,0.8467400508044031
50 - 59,0.9067827348567282,1.088139281828074,1.088139281828074,1.2694958287994198,1.632208922742111,1.088139281828074,1.9949220166848025,2.7203482045701852,0.9067827348567282
60 - 69,0.4232804232804233,0.8465608465608466,0.0,0.8465608465608466,0.8465608465608466,2.7513227513227516,2.5396825396825395,2.5396825396825395,0.4232804232804233
70 - 79,1.7084282460136675,0.0,0.5694760820045558,1.7084282460136675,1.1389521640091116,1.9931662870159454,2.277904328018223,1.9931662870159454,1.7084282460136675
80+,0.9633911368015414,0.4816955684007707,0.4816955684007707,0.0,1.9267822736030829,3.8535645472061657,2.890173410404624,4.335260115606936,0.9633911368015414
