Altersgruppen,Fälle pro 1000 Personen,woche1,woche2,woche3,woche4,woche5,woche6,woche7,woche8
0 - 9,0.2996928148647636,0.24350041207762044,0.31842361579381134,0.1311156065033341,0.18730800929047725,0.18730800929047725,0.05619240278714318,0.2622312130066682,0.2996928148647636
10 - 19,0.7722753161502076,2.6450429578144607,1.023264793899025,0.926730379380249,0.8108890819577179,0.7915821990539628,0.7336615503426971,0.6950477845351868,0.7722753161502076
20 - 29,1.00332922880467,5.746340128608565,3.4660464267797693,1.7330232133898846,2.1890819537556436,2.128274121706876,1.4289840531460452,1.1553488089265898,1.00332922880467
30 - 39,1.3999002051338914,5.072905693851528,3.4512391195875143,2.5087320507844986,2.162222099018684,2.3839884681488055,1.9265953318179299,2.092920108665521,1.3999002051338914
40 - 49,1.820397478523823,4.528426785418767,3.339902811837097,2.5274940197686138,1.8956205148264604,2.3319141253817572,1.880575907565933,1.6097729768764386,1.820397478523823
50 - 59,1.578871824314626,5.532575648838029,4.058092044312799,2.4922687474718477,2.153007033156308,1.9833761759985384,2.035570285893237,1.8267938463144433,1.578871824314626
60 - 69,1.8731056090998877,5.278752171099684,3.8143241494397713,2.7756019480298333,2.0433879371998773,2.0093314715798796,1.685795048189899,1.6687668153798998,1.8731056090998877
70 - 79,2.0232675771370765,4.966202234791005,3.402768197912356,2.8049845955764017,1.90830919207247,1.632409067917414,1.5404423598657284,1.494459005839886,2.0232675771370765
80+,1.8798434742576537,5.217524744878386,3.7980511010511777,3.030768050333768,1.6496585590424306,1.6112944065065602,1.7263868641141717,1.4578377963630784,1.8798434742576537
