Altersgruppen,Fälle pro 1000 Personen,woche1,woche2,woche3,woche4,woche5,woche6,woche7,woche8
0 - 9,22.907989397955323,16.155496655307335,10.286507635996466,7.38356683074593,6.689385333838192,3.9126593462072448,5.490344566452102,13.883629938154739,22.907989397955323
10 - 19,35.92735855241592,22.094014292270373,21.569527306103716,13.30885727397889,10.227496230249788,11.079787582770603,23.011866518062018,29.240149478791057,35.92735855241592
20 - 29,30.209182287421896,10.323281716924749,12.822602553653898,10.6492800869329,10.812279271936974,16.951915240423798,34.50149415919587,27.65552838902472,30.209182287421896
30 - 39,30.781192828393706,11.891694109037688,14.773143066227588,12.852177094767654,11.251372118551043,15.504939626783754,21.039151115989753,22.548481522136846,30.781192828393706
40 - 49,25.766871165644172,13.672217353198947,12.708150744960562,10.823838737949167,9.15863277826468,11.174408413672216,15.249780893952673,20.508326029798422,25.766871165644172
50 - 59,16.222008720715394,8.425097923287266,9.82928091050181,8.12948045229473,7.538245510309659,9.274998152390806,13.376690562412238,14.152686423767646,16.222008720715394
60 - 69,12.642802741812643,7.514597613607514,6.905305915206905,6.092916984006093,5.128205128205129,7.057628839807058,7.971566387407972,8.834729626808835,12.642802741812643
70 - 79,4.820528033224562,4.746366063482647,3.633936517353901,4.375556214773064,3.4114506081281517,3.485612577870068,4.375556214773064,4.820528033224562,4.820528033224562
80+,3.3643892339544514,5.175983436853002,4.528985507246377,3.7525879917184266,4.011387163561077,4.140786749482402,2.846790890269151,3.3643892339544514,3.3643892339544514
