Altersgruppen,Fälle pro 1000 Personen,woche1,woche2,woche3,woche4,woche5,woche6,woche7,woche8
0 - 9,0.5698005698005698,0.0,0.0,0.0,0.0,0.0,0.0,0.0,0.5698005698005698
10 - 19,0.0,0.6027727546714888,0.0,0.0,0.0,0.0,0.0,0.0,0.0
20 - 29,1.4436958614051971,0.48123195380173245,0.0,0.48123195380173245,0.0,0.48123195380173245,0.9624639076034649,0.9624639076034649,1.4436958614051971
30 - 39,1.4443909484833894,0.48146364949446313,0.48146364949446313,0.48146364949446313,0.0,0.0,2.888781896966779,1.9258545979778525,1.4443909484833894
40 - 49,1.023017902813299,0.5115089514066495,1.023017902813299,0.0,0.0,1.023017902813299,0.0,0.5115089514066495,1.023017902813299
50 - 59,2.446982055464926,0.8156606851549756,0.0,0.4078303425774878,0.4078303425774878,0.4078303425774878,2.039151712887439,2.039151712887439,2.446982055464926
60 - 69,1.5298317185109638,1.0198878123406425,0.5099439061703213,1.5298317185109638,1.0198878123406425,0.0,0.5099439061703213,2.5497195308516063,1.5298317185109638
70 - 79,0.7183908045977011,2.155172413793103,2.8735632183908044,0.0,0.7183908045977011,0.0,0.7183908045977011,1.4367816091954022,0.7183908045977011
80+,5.186721991701245,0.0,0.0,1.037344398340249,0.0,0.0,0.0,0.0,5.186721991701245
