Altersgruppen,Fälle pro 1000 Personen,woche1,woche2,woche3,woche4,woche5,woche6,woche7,woche8
0 - 9,0.11102886750555144,0.2775721687638786,0.3700962250185048,0.44411547002220575,0.22205773501110287,0.1850481125092524,0.2960769800148038,0.1480384900074019,0.11102886750555144
10 - 19,0.44034308469903505,0.8615408178894164,0.8998315209067238,0.8423954663807628,0.5552151937509573,0.7083780058201868,0.574360545259611,0.49777913922499617,0.44034308469903505
20 - 29,0.8927197167923657,2.2933661690010774,2.2010158534708326,1.446821609973834,1.2005541018931816,1.36986301369863,1.092812067107896,0.800369401262121,0.8927197167923657
30 - 39,1.0997515376155758,2.769744613254043,3.516489484474495,2.321697690521771,1.6292615372082604,1.6835702551152023,1.4120266655804923,1.1133287170923114,1.0997515376155758
40 - 49,1.2731412138278113,3.355101551734468,3.639686058354802,2.0370259421244983,2.2916541848900605,1.902222754778024,1.3330537415373553,2.007069678269726,1.2731412138278113
50 - 59,1.4136310684694826,3.6911477898925376,3.4424534352543885,2.2906058979829576,1.9371981308655872,1.7801280121467558,1.6623254231076323,1.465987774709093,1.4136310684694826
60 - 69,1.3413038798456673,3.990793025219825,3.692725496365232,2.450777459471096,2.020235473347795,1.6890493301760254,1.5234562585901408,1.291625958369902,1.3413038798456673
70 - 79,1.0662915740278598,5.649076636871001,3.811425200780435,2.8131947910522257,2.291392531421571,1.3385362312264621,1.746903217024366,1.429284450292663,1.0662915740278598
80+,2.0209580838323356,4.303892215568863,3.3308383233532934,2.5074850299401197,1.9461077844311379,1.8338323353293413,1.6467065868263473,1.9461077844311379,2.0209580838323356
