Altersgruppen,Fälle pro 1000 Personen,woche1,woche2,woche3,woche4,woche5,woche6,woche7,woche8
0 - 9,0.3031681067151736,0.37896013339396695,0.4547521600727603,1.6674245869334545,0.9095043201455206,0.37896013339396695,0.22737608003638016,0.22737608003638016,0.3031681067151736
10 - 19,1.015942482025633,1.4848390121913098,1.8755861206627071,3.1259768677711786,2.657080337605502,2.344482650828384,1.015942482025633,0.6251953735542357,1.015942482025633
20 - 29,2.703514568939622,3.3042955842595374,4.130369480324422,6.833884049264044,6.833884049264044,3.7548813457494745,2.2529288074496847,2.2529288074496847,2.703514568939622
30 - 39,2.9216036357734136,5.031650706054212,4.707028079857166,7.4122166314992155,6.167829897743873,5.031650706054212,3.9495752853973918,2.6510847806092084,2.9216036357734136
40 - 49,1.746904382674819,4.264501875353234,4.829676822689206,6.1141653393618665,5.292092688691364,4.675538200688486,2.620356574012228,1.7982839233417252,1.746904382674819
50 - 59,3.0048650195554707,4.14957550319565,5.628159877897549,7.440618143661166,7.7744920347228845,5.5327673375942,2.6232948583420774,2.1940284269770105,3.0048650195554707
60 - 69,2.53039994376889,4.076755464960989,4.639066563576298,4.990511000210867,6.044844310114571,5.201377662191607,3.30357770436494,3.0927110423841992,2.53039994376889
70 - 79,2.5247620897261602,3.5929306661487668,3.9813556030297144,5.632161584773742,5.535055350553505,4.175568071470188,3.0102932608273454,1.4565935133035541,2.5247620897261602
80+,1.6526194017517766,1.9831432821021318,4.131548504379442,4.296810444554619,4.792596265080152,3.6357626838539083,1.6526194017517766,1.1568335812262438,1.6526194017517766
