Altersgruppen,Fälle pro 1000 Personen,woche1,woche2,woche3,woche4,woche5,woche6,woche7,woche8
0 - 9,0.5305441867515538,3.0316810671517356,3.865393360618463,5.608609974230711,9.852963468243141,8.26133090798848,4.547521600727603,1.4400485068970745,0.5305441867515538
10 - 19,1.5629884338855893,10.550171928727726,12.660206314473273,24.69521725539231,30.47827446076899,24.30447014692091,11.019068458893404,5.626758361988122,1.5629884338855893
20 - 29,3.9801742264944426,15.620306398317814,16.4463802943827,31.766296185040552,32.1417843196155,23.054971462901772,13.817963352358065,7.35956743766897,3.9801742264944426
30 - 39,5.1939620191527345,12.822593734783315,12.389763566520587,25.536979927500944,32.84098901693448,28.837309960504246,16.555753936049342,9.684575014878536,5.1939620191527345
40 - 49,4.675538200688486,12.228330678723733,12.022812516056106,20.91147305143092,30.365308534141704,26.56322252479063,16.390073472743154,9.145558238709345,4.675538200688486
50 - 59,4.626538204712391,8.2991510063913,9.825431651244873,20.795573786129925,30.621005437374794,25.899074692359058,14.928932557474004,7.679099494419536,4.626538204712391
60 - 69,4.639066563576298,7.310044281999016,6.958599845364448,14.620088563998031,24.601110564419766,21.57868840936248,11.8788219582484,6.677444296056793,4.639066563576298
70 - 79,3.4958244319285297,4.078461837249951,5.243736647892795,10.7787919984463,15.634103709458149,16.993590988541463,11.74985434064867,6.603223926976113,3.4958244319285297
80+,3.9662865642042635,5.784167906131217,3.305238803503553,5.288382085605686,9.75045447033548,13.882002974714922,10.742026111386547,5.784167906131217,3.9662865642042635
