Altersgruppen,Fälle pro 1000 Personen,woche1,woche2,woche3,woche4,woche5,woche6,woche7,woche8
0 - 9,0.0,0.16914749661705009,0.0,0.0,0.5074424898511501,0.6765899864682003,0.33829499323410017,0.16914749661705009,0.0
10 - 19,0.5713197486193106,0.7617596648257475,0.9521995810321843,0.38087983241287376,0.5713197486193106,0.5713197486193106,0.7617596648257475,0.19043991620643688,0.5713197486193106
20 - 29,0.49759495770442863,1.4927848731132858,1.4927848731132858,1.4927848731132858,1.4927848731132858,2.3221098026206666,0.829324929507381,0.6634599436059048,0.49759495770442863
30 - 39,0.6967670011148273,2.787068004459309,2.6477146042363433,1.254180602006689,1.254180602006689,1.3935340022296545,1.8115942028985508,1.6722408026755853,0.6967670011148273
40 - 49,1.5665052691540873,2.990600968385076,1.424095699230988,1.9937339789233834,1.9937339789233834,1.2816861293078894,0.9968669894616917,2.1361435488464826,1.5665052691540873
50 - 59,0.9122006841505131,3.7628278221208666,2.622576966932725,2.052451539338654,2.1664766248574687,1.9384264538198406,2.1664766248574687,1.596351197263398,0.9122006841505131
60 - 69,1.815135437028763,3.630270874057526,2.0943870427254954,1.5358838313320302,1.6755096341803966,1.5358838313320302,1.6755096341803966,1.3962580284836639,1.815135437028763
70 - 79,2.008838891120932,3.4150261149055843,3.013258336681398,1.6070711128967456,1.8079550020088389,1.004419445560466,2.4106066693451185,1.004419445560466,2.008838891120932
80+,3.3233632436025258,3.9880358923230306,2.6586905948820205,0.9970089730807576,0.6646726487205051,0.6646726487205051,0.6646726487205051,0.6646726487205051,3.3233632436025258
