Altersgruppen,Fälle pro 1000 Personen,woche1,woche2,woche3,woche4,woche5,woche6,woche7,woche8
0 - 9,0.1385175848073913,0.5679220977103043,0.40170099594143477,0.5540703392295652,0.5956256146717825,0.4571080298643913,0.40170099594143477,0.2631834111340435,0.1385175848073913
10 - 19,0.923076923076923,1.5824175824175826,1.0402930402930401,1.3479853479853479,1.3772893772893773,1.3772893772893773,1.1282051282051282,1.0256410256410255,0.923076923076923
20 - 29,1.564420605654263,5.00366273078308,3.3150817596007003,2.7687761512769895,2.8556884071466704,2.719112005065743,1.825157373263307,1.6389168249711326,1.564420605654263
30 - 39,1.725756153683127,5.025886342305247,3.8955665223490468,3.10837950487955,2.987273809884243,2.9065366798873717,2.432206041155752,1.9175068374256965,1.725756153683127
40 - 49,1.590690275859182,4.227887312152037,3.6941688643308637,3.03486960525765,3.0244045376533135,2.7418477123362215,2.3232450081627527,2.1453388588890285,1.590690275859182
50 - 59,1.9537428130175092,5.014606553411607,3.7493254935526488,3.0329531287795617,2.772454087043894,2.6515081033809054,2.2886701523919393,2.4282232104646186,1.9537428130175092
60 - 69,1.869480727129609,5.018079846505794,4.083339482940988,2.361449339532138,2.8288195213145397,2.5336383538730227,2.2753548323616957,2.140063463951,1.869480727129609
70 - 79,2.1463721076327085,4.816249607370955,3.3504345094754475,2.059121208948452,2.512825882106586,2.3383240847380726,2.0765713886853034,2.198722646843262,2.1463721076327085
80+,1.6384827031873126,4.204408445914613,2.596840510711967,1.6693974711719788,1.6075679352026464,2.040374686987974,1.7312270071413114,1.6384827031873126,1.6384827031873126
