Altersgruppen,Fälle pro 1000 Personen,woche1,woche2,woche3,woche4,woche5,woche6,woche7,woche8
0 - 9,0.3246958945767866,0.30093765838824127,0.42877959597422344,0.38691984649916733,0.38013177901672585,0.348454130765332,0.3292212728984143,0.3280899283180074,0.3246958945767866
10 - 19,0.8859200413506964,0.9569333429569938,1.0372598644460846,1.1071090135670332,1.0174692721951493,0.9837088501200241,1.0640353716091149,1.0512296942702744,0.8859200413506964
20 - 29,1.8360817800749614,2.845099695251291,3.000782305114563,2.4811915946958933,2.1163104778288506,1.9421405580443152,1.935329443862797,2.0880930047911326,1.8360817800749614
30 - 39,2.3307571494481483,4.016073857510656,4.081414741700313,3.3618681755629876,2.9052788262864784,2.749098176272175,2.616822727790673,2.5969017265133387,2.3307571494481483
40 - 49,2.5689753711825167,4.156646943815174,4.3507509918799805,3.852218800055411,3.0791206257118184,2.8667674791110036,2.864278965674275,3.0177372942725205,2.5689753711825167
50 - 59,2.8061279434343684,5.3276431294480355,5.5407180856792095,4.626880367258148,3.6307357162856957,3.144586357664391,3.00227997895404,3.1984320144737124,2.8061279434343684
60 - 69,2.712826757410335,5.588080107584918,6.326566231208706,5.116942102486136,3.7660774583163925,3.0608837419051533,2.9287229738795846,2.9428470254243018,2.712826757410335
70 - 79,2.709386405247371,6.500109476942007,7.351746056479356,6.168320462516572,4.282361854203579,3.2104281152906378,3.0666976515516846,2.8181917095731204,2.709386405247371
80+,4.072146054870156,6.271359168790666,7.1315523520774935,6.101862975039567,4.404782335106687,3.3539059338498727,3.4068734943970913,3.9831605531508285,4.072146054870156
