Altersgruppen,Fälle pro 1000 Personen,woche1,woche2,woche3,woche4,woche5,woche6,woche7,woche8
0 - 9,0.47954553838208713,22.391087830609763,20.915563097126416,16.56276513335055,10.402449371057582,4.500350437124203,1.4017484968091778,0.885314840090007,0.47954553838208713
10 - 19,0.8934814699712532,44.09136819205967,43.04249864035428,33.75806075673996,18.607722787662187,7.691710045839484,2.5639033486131617,1.398492735607179,0.8934814699712532
20 - 29,2.6512788521522146,42.233312538989395,40.76731129132876,31.752963194011226,15.689332501559575,7.797878976918279,5.552089831565814,3.1815346225826575,2.6512788521522146
30 - 39,2.5570728106711655,38.32973058469974,37.35435229609321,34.665471608583324,19.11214214161438,8.962935625032953,6.089523909948859,3.427004797806717,2.5570728106711655
40 - 49,2.631652621853915,30.963912763515214,38.298944539320814,35.191354741174166,20.773257929953246,9.126795263025281,5.543268288585907,4.003471541756489,2.631652621853915
50 - 59,2.761107181160578,24.553316751477535,31.85541838760468,31.558770508637014,17.89014900851151,9.17326518038473,5.65912876799854,3.4228601419346005,2.761107181160578
60 - 69,2.5355402979972084,16.096407509757555,22.05065382752628,24.9850431611635,14.671946668186092,7.663599327654483,4.130936440557249,3.6751089712543803,2.5355402979972084
70 - 79,2.3001493079375326,9.240950728380614,15.657156692627415,18.23978047697833,12.670997941971672,6.012670997941972,3.954642669787337,3.2282797304386426,2.3001493079375326
80+,2.435332060817482,7.700914895017442,15.270190219179886,16.06002764430988,14.41453300862239,6.055420259329955,3.6859079839399724,2.5011518462449813,2.435332060817482
