Altersgruppen,Fälle pro 1000 Personen,woche1,woche2,woche3,woche4,woche5,woche6,woche7,woche8
0 - 9,39.364600714185514,10.299919138050395,9.142304485728266,6.598973771759449,7.0665816608747924,10.883858745921263,19.778673202532385,36.602292647265116,39.364600714185514
10 - 19,50.78175581343335,13.386729574407473,11.557413907978594,10.685134043870615,16.23193933358289,31.94003988237759,36.380309312087846,48.48275098940786,50.78175581343335
20 - 29,32.790564609193034,7.443162443383995,7.844844692496345,13.102354801981248,24.29166177006051,44.412378363486795,32.76937273993531,33.815480467839414,32.790564609193034
30 - 39,39.46333341376897,8.521351640484866,8.655679158321469,10.863637460485991,17.935538878566316,27.68594708943639,28.415498339004046,37.23928798371983,39.46333341376897
40 - 49,34.79467355596487,8.946488363905425,8.477066144420576,9.272753452625393,14.989050976423187,22.48981878138325,25.140722627232982,32.82210146344874,34.79467355596487
50 - 59,19.628837918912115,5.72700212222377,5.515318576039424,6.2819978924016375,11.638746248390243,17.023975663320012,17.147136999281813,19.585731451325486,19.628837918912115
60 - 69,12.251716904805473,4.167299877079644,3.794093413267748,4.085628656467068,7.315260215880814,9.272268071825186,9.778836402206984,11.533216925998637,12.251716904805473
70 - 79,6.227027144461327,2.6803644969835716,2.3028866194955104,2.2472154217364797,3.8562488203816327,4.695390289042144,4.630214252641327,5.542678762252756,6.227027144461327
80+,5.876204752896098,2.993744122158725,2.4329626065648533,2.3325892613612806,3.417057795408574,4.20040629384515,4.7480956339776865,5.483439489056033,5.876204752896098
