Altersgruppen,Fälle pro 1000 Personen,woche1,woche2,woche3,woche4,woche5,woche6,woche7,woche8
0 - 9,0.537178818959333,1.2180615257931373,1.1097133563639723,0.8405536933609945,0.5280547625863506,0.5166496921201228,0.541740847145824,0.5063851287005178,0.537178818959333
10 - 19,0.9158349990229524,3.410249347261559,3.0288476253034142,1.9329062575780047,1.2795792338534053,1.2160122801937143,1.2054177879170993,0.9923507765762839,0.9158349990229524
20 - 29,1.5306309204784738,7.688795473416727,7.217758015824547,5.384661325031257,3.358911277349552,2.4900446377827907,2.267530010576669,1.8523620264821306,1.5306309204784738
30 - 39,2.169349195241428,8.185130667696242,7.457992487311278,5.88708444937783,3.9397376189442017,2.984162222597589,2.6897677823089854,2.460526209953106,2.169349195241428
40 - 49,2.01418753750592,7.276876710914982,6.257298308665084,4.69172526814912,3.3250740546843596,2.6342576678538165,2.5901452961646374,2.3387880084262953,2.01418753750592
50 - 59,2.144546762434869,7.766091990741347,6.9940243659308035,5.3398136722938565,3.714084037598077,2.7311026249529484,2.56098602965571,2.263089548298103,2.144546762434869
60 - 69,2.17204094312685,6.790083252954378,6.511987577703963,5.19490991871129,3.748605644825301,2.5152668322834963,2.552484097372771,2.1958186402672197,2.17204094312685
70 - 79,2.0082366216001533,6.539328985548572,6.265046499028469,5.166558718856378,3.5833241679532146,2.403366342280102,2.3436216422460205,2.0462559761672963,2.0082366216001533
80+,1.8132663013949712,6.701011806960237,6.831933561573592,5.444162962672026,3.6810833338788407,2.4722391329488596,2.269310413298159,2.1165683662492447,1.8132663013949712
