Altersgruppen,Fälle pro 1000 Personen,woche1,woche2,woche3,woche4,woche5,woche6,woche7,woche8
0 - 9,3.3984706881903146,15.576323987538942,35.117530444633246,53.242707448314924,35.6839422259983,17.84197111299915,9.629000283205892,3.3984706881903146,3.3984706881903146
10 - 19,28.01268498942918,43.868921775898514,52.854122621564485,66.86046511627906,48.09725158562368,26.691331923890065,15.856236786469344,11.892177589852007,28.01268498942918
20 - 29,56.71034794396747,37.05377315860822,34.56845910528694,37.957523723452326,31.40533212833258,18.978761861726163,15.137821961138725,23.94938996836873,56.71034794396747
30 - 39,47.934614535012145,30.041970399823285,38.656947205654966,44.17936823503424,36.0061851115529,24.961343052794344,19.659818864590235,18.77623149988955,47.934614535012145
40 - 49,30.48264182895851,19.89839119390347,32.38780694326842,42.97205757832345,26.037256562235395,22.01524132091448,12.912785774767146,13.547840812870449,30.48264182895851
50 - 59,33.18824809575625,15.415306492564381,19.58650707290533,18.317011244105913,19.405150525933987,14.689880304678999,13.057671381936888,11.969532100108813,33.18824809575625
60 - 69,20.317460317460316,6.349206349206349,10.158730158730158,12.063492063492065,11.64021164021164,7.619047619047619,8.677248677248677,10.158730158730158,20.317460317460316
70 - 79,7.118451025056947,3.701594533029613,3.132118451025057,10.250569476082005,3.416856492027335,4.840546697038724,4.840546697038724,4.555808656036446,7.118451025056947
80+,23.603082851637765,5.298651252408478,3.371868978805395,5.298651252408478,6.74373795761079,6.262042389210019,4.816955684007707,6.262042389210019,23.603082851637765
