Altersgruppen,Fälle pro 1000 Personen,woche1,woche2,woche3,woche4,woche5,woche6,woche7,woche8
0 - 9,35.63068920676203,17.945383615084523,10.403120936280885,8.842652795838752,5.461638491547465,9.102730819245773,17.42522756827048,33.81014304291288,35.63068920676203
10 - 19,55.02136752136752,23.77136752136752,25.64102564102564,16.826923076923077,16.826923076923077,20.566239316239315,44.87179487179487,67.04059829059828,55.02136752136752
20 - 29,32.16717539328481,11.505048133364639,13.85301714017375,21.601314862643815,36.158722704860295,31.462784691242078,34.515144400093924,38.03709791030759,32.16717539328481
30 - 39,42.874396135265705,17.914653784219002,16.304347826086957,19.524959742351047,23.349436392914654,22.544283413848632,31.199677938808374,46.90016103059581,42.874396135265705
40 - 49,43.00435988902101,21.204914783987316,11.890606420927467,13.674197384066586,19.817677368212447,18.430439952437574,32.50099088386841,50.931430836305985,43.00435988902101
50 - 59,20.478374836173003,10.484927916120578,8.682830930537353,9.993446920052424,12.2870249017038,17.365661861074706,16.382699868938403,23.26343381389253,20.478374836173003
60 - 69,14.894497310715764,7.654116673562267,5.792304509722797,7.033512618949111,5.378568473314026,6.6197765825403385,8.067852709971039,13.446421183285064,14.894497310715764
70 - 79,7.403020432336393,3.8495706248149246,0.8883624518803672,2.07284572105419,3.257328990228013,3.8495706248149246,4.441812259401836,7.403020432336393,7.403020432336393
80+,7.250129466597618,2.0714655618850335,0.5178663904712584,2.589331952356292,0.5178663904712584,2.0714655618850335,3.1071983428275503,3.1071983428275503,7.250129466597618
