Altersgruppen,Fälle pro 1000 Personen,woche1,woche2,woche3,woche4,woche5,woche6,woche7,woche8
0 - 9,0.7802340702210664,0.0,0.2600780234070221,0.5201560468140441,0.5201560468140441,0.7802340702210664,0.5201560468140441,0.2600780234070221,0.7802340702210664
10 - 19,0.26709401709401714,1.8696581196581197,0.8012820512820512,1.3354700854700854,0.8012820512820512,0.8012820512820512,1.0683760683760686,0.26709401709401714,0.26709401709401714
20 - 29,1.408781404085466,2.34796900680911,3.287156609532754,2.817562808170932,1.8783752054472882,1.173984503404555,0.23479690068091102,2.113172106128199,1.408781404085466
30 - 39,2.214170692431562,2.818035426731079,3.421900161030596,2.818035426731079,2.6167471819645733,1.8115942028985508,0.6038647342995169,1.8115942028985508,2.214170692431562
40 - 49,1.7835909631391202,3.1708283789139915,2.7744748315497425,1.1890606420927465,0.7927070947284979,2.378121284185493,2.5762980578676182,1.1890606420927465,1.7835909631391202
50 - 59,0.81913499344692,3.4403669724770642,3.6041939711664486,2.45740498034076,1.3106159895150722,1.965923984272608,2.6212319790301444,2.293577981651376,0.81913499344692
60 - 69,1.2412081092263136,3.3098882912701693,2.068680182043856,1.2412081092263136,2.689284236657013,1.2412081092263136,2.068680182043856,1.4480761274306992,1.2412081092263136
70 - 79,3.257328990228013,3.8495706248149246,1.7767249037607344,1.7767249037607344,2.07284572105419,1.4806040864672787,2.6650873556411017,1.1844832691738227,3.257328990228013
80+,1.0357327809425168,2.589331952356292,3.1071983428275503,1.5535991714137751,1.5535991714137751,0.5178663904712584,2.0714655618850335,2.0714655618850335,1.0357327809425168
