Altersgruppen,Fälle pro 1000 Personen,woche1,woche2,woche3,woche4,woche5,woche6,woche7,woche8
0 - 9,0.0,4.248088360237893,13.027470971396205,6.796941376380629,3.115264797507788,0.8496176720475787,0.5664117813650523,0.28320589068252616,0.0
10 - 19,0.7928118393234672,28.01268498942918,16.913319238900634,8.985200845665961,4.2283298097251585,2.3784355179704018,2.6427061310782243,0.7928118393234672,0.7928118393234672
20 - 29,0.45187528242205155,56.71034794396747,27.56439222774514,16.267510167193855,6.552191595119747,2.033438770899232,1.3556258472661546,0.9037505648441031,0.45187528242205155
30 - 39,1.5462778882261983,48.15551137618732,36.668875635078415,20.54340622929092,11.26573889993373,3.0925557764523965,2.2089684117517123,1.1044842058758562,1.5462778882261983
40 - 49,1.9051651143099069,30.48264182895851,27.9424216765453,19.051651143099072,12.066045723962743,4.657070279424216,1.9051651143099069,1.9051651143099069,1.9051651143099069
50 - 59,1.088139281828074,33.73231773667029,32.10010881392818,21.0373594486761,11.788175553137467,5.259339862169025,3.0830612985128765,1.088139281828074,1.088139281828074
60 - 69,1.2698412698412698,20.317460317460316,25.82010582010582,16.931216931216934,12.698412698412698,2.7513227513227516,1.4814814814814814,1.6931216931216932,1.2698412698412698
70 - 79,1.9931662870159454,7.403189066059226,19.646924829157175,14.521640091116172,6.83371298405467,5.125284738041002,1.7084282460136675,1.7084282460136675,1.9931662870159454
80+,1.9267822736030829,24.084778420038536,17.341040462427745,17.822736030828516,10.597302504816955,7.707129094412331,2.890173410404624,6.262042389210019,1.9267822736030829
