Altersgruppen,Fälle pro 1000 Personen,woche1,woche2,woche3,woche4,woche5,woche6,woche7,woche8
0 - 9,0.2536599507174953,0.2536599507174953,0.5435570372517756,0.21742281490071025,0.2536599507174953,0.4348456298014205,0.3986084939846355,0.4348456298014205,0.2536599507174953
10 - 19,1.0758472296933834,0.7684623069238454,0.6147698455390763,1.3448090371167294,1.4985014985014986,0.9221547683086144,1.0758472296933834,0.999000999000999,1.0758472296933834
20 - 29,1.8705811483465966,3.2338860530737774,2.758314574680574,2.4412669224184396,2.853428870359215,1.965695444025237,2.5363812180970804,2.346152626739799,1.8705811483465966
30 - 39,2.4901431832330356,4.305872587673791,2.9051670471052082,3.5017638514214564,2.7235941066611327,3.5017638514214564,3.190495953517327,3.112678979041295,2.4901431832330356
40 - 49,2.6965417546980985,3.780718336483932,4.336706327143333,3.8363171355498724,2.863338151895919,3.19693094629156,2.9745357500277994,3.558323140220171,2.6965417546980985
50 - 59,3.1679713505199607,6.450724271710934,5.0044764812561695,4.706044397511535,3.7418792038750257,4.017354973485457,3.443447120130392,3.902573402814444,3.1679713505199607
60 - 69,3.3513363800027696,6.259520841988644,5.844065918847805,5.013156072566126,3.932973272399945,3.5729123390112174,3.766791303143609,2.8527904722337625,3.3513363800027696
70 - 79,2.8509206097802413,6.889724806968917,7.642051078994259,5.622648980399921,4.513957632152049,4.355573153830925,2.8113244901999606,2.9301128489408037,2.8509206097802413
80+,3.773102257466266,6.075334143377886,6.586941229136023,6.267186800537188,4.924218200422076,3.964954914625568,2.4940845430709215,3.5812496003069643,3.773102257466266
