Altersgruppen,Fälle pro 1000 Personen,woche1,woche2,woche3,woche4,woche5,woche6,woche7,woche8
0 - 9,0.2307763315794332,9.900304624757686,13.246561432659465,11.584971845287548,5.538631957906397,1.5923566878980893,0.8769500600018462,0.36924213052709315,0.2307763315794332
10 - 19,0.5130084279956028,25.039697080737756,26.187858800537438,17.491144497373885,8.770001221448638,2.9314767314034444,1.7100280933186758,1.4901673384634175,0.5130084279956028
20 - 29,1.391552897814886,50.58482831246004,38.286509458798754,20.760464853886948,11.019594569182745,5.152506675692956,2.952348715634285,1.7488435067133026,1.391552897814886
30 - 39,1.7339402124076762,47.11649077177012,40.264092432351326,28.293235965921404,15.12195935244002,6.652328314910219,4.018072992213941,2.734290334950566,1.7339402124076762
40 - 49,1.2955698708028935,34.890416381761256,33.97272105660921,24.07600676575377,12.991686759995682,5.9560226004966355,3.670781300608198,2.2312592219383163,1.2955698708028935
50 - 59,1.9155854608673257,34.8346801455201,34.91516692959016,24.113840507388687,12.411062103602589,6.519429509674511,3.8311709217346515,2.511187662985738,1.9155854608673257
60 - 69,2.1884185457744216,23.45040657383767,28.621081765324295,20.532515179471776,11.049368147782616,5.556866699564462,3.411358321354245,2.917891394365895,2.1884185457744216
70 - 79,2.144885505407528,11.842184762250016,20.693613678931786,15.316295087910097,9.516041326808047,4.7429158359011545,2.175095160413268,2.598030330493626,2.144885505407528
80+,1.4407882506042016,8.27291318088864,18.73024725785462,17.242981966908346,10.829150399702547,5.158951477969882,2.602714259155977,2.4632831381297637,1.4407882506042016
