Altersgruppen,Fälle pro 1000 Personen,woche1,woche2,woche3,woche4,woche5,woche6,woche7,woche8
0 - 9,0.19064478790767345,0.24511472730986586,0.29958466671205825,0.20426227275822156,0.28596718186151016,0.13617484850548106,0.3404371212637026,0.04085245455164431,0.19064478790767345
10 - 19,0.7910709662572275,1.265713546011564,1.4239277392630094,1.3088628714437764,1.1218824612375227,1.0068175934182895,0.7766878577798234,0.6616229899605902,0.7910709662572275
20 - 29,1.5919175712602471,2.33146982877485,2.6573742134423024,2.43174810098022,2.381608964877535,1.8050088996966582,2.105843716312768,1.4540349469778637,1.5919175712602471
30 - 39,1.4342629482071714,3.266932270916335,2.9382470119521913,2.7390438247011955,2.7290836653386457,2.5199203187250996,2.041832669322709,2.0717131474103585,1.4342629482071714
40 - 49,1.7041053446940357,3.170668732248903,3.418538600568035,3.0570617092693,3.294603666408469,2.4580428608313967,2.4167312161115415,1.9932868577330234,1.7041053446940357
50 - 59,1.6832198787337722,3.887214968567496,3.915113640590708,3.1618494959639922,3.4780344455603913,2.761968530297958,2.3899862366551354,2.241193319198006,1.6832198787337722
60 - 69,1.6729202017063787,3.5370312836077717,2.975408073034916,2.7603183328155247,3.0590540831202353,2.616925172669264,2.2942905623401764,2.019453672059843,1.6729202017063787
70 - 79,1.5917570944442543,4.398726594324444,3.046588847430938,2.4817718139184612,2.3619621401430866,2.4817718139184612,1.9854174511347686,2.002533118816965,1.5917570944442543
80+,2.449369735348587,4.988350558575781,2.9870362626202285,3.285739888882251,3.674054603022881,4.032498954537308,3.3454806141346554,2.867554812115419,2.449369735348587
