Altersgruppen,Fälle pro 1000 Personen,woche1,woche2,woche3,woche4,woche5,woche6,woche7,woche8
0 - 9,32.12222791683404,8.754311359827131,8.920532461596,4.972781294585348,4.917374260662392,6.773509897081435,12.425027357223,28.61773302120704,32.12222791683404
10 - 19,49.15750915750916,13.406593406593407,10.68131868131868,9.142857142857144,10.534798534798535,20.644688644688642,25.655677655677657,42.095238095238095,49.15750915750916
20 - 29,30.084056567462532,6.990228579232937,6.866068213704821,9.78383680361555,16.674737090425996,29.723991507431,25.626699445003165,29.624663215008507,30.084056567462532
30 - 39,36.22069494484645,7.528737372208261,7.649843067203568,8.568227920917982,11.737160273295185,18.640184888027694,20.910916669189703,32.0930091737564,36.22069494484645
40 - 49,31.82427058478798,8.508099962325756,8.131357528569636,7.1790363765749925,10.402277198710705,14.745280254510444,16.51387667964335,27.805684624722677,31.82427058478798
50 - 59,16.495171464190687,5.219284371918203,4.847142883724392,5.796103678618611,8.047559682191169,11.545689671212994,12.159723126732784,15.51830005768193,16.495171464190687
60 - 69,9.704080879639879,3.1731975499963103,3.2100951959265,3.886552037979977,5.177969645536614,5.854426487590092,7.318033109487615,9.273608343787666,9.704080879639879
70 - 79,4.6417478100024425,1.9369699507904932,1.8148186926325343,2.0765713886853034,2.3906746239486263,3.24573343105434,2.7222280389488014,3.8390395421072836,4.6417478100024425
80+,4.760874269638607,2.256778062880638,2.2876928308653044,1.7312270071413114,1.8239713110953102,2.596840510711967,2.90598819055863,4.049834605991282,4.760874269638607
