Altersgruppen,Fälle pro 1000 Personen,woche1,woche2,woche3,woche4,woche5,woche6,woche7,woche8
0 - 9,0.3258272391571936,0.23758236188545362,0.30093765838824127,0.42991094055463036,0.38691984649916733,0.38013177901672585,0.348454130765332,0.3292212728984143,0.3258272391571936
10 - 19,1.0454089318435287,0.7415651331674028,0.9569333429569938,1.0372598644460846,1.1071090135670332,1.0174692721951493,0.9837088501200241,1.0628712191237657,1.0454089318435287
20 - 29,2.0880930047911326,1.9810612105101328,2.8431536626280005,3.000782305114563,2.4811915946958933,2.1163104778288506,1.9421405580443152,1.9343564275511516,2.0880930047911326
30 - 39,2.586542805849125,2.7849559785713778,4.016073857510656,4.0806179016492194,3.360274495460801,2.9052788262864784,2.7498950163232685,2.6160258877395797,2.586542805849125
40 - 49,3.0069537360466976,2.877551037336826,4.155817439336263,4.3507509918799805,3.8513892955765012,3.0791206257118184,2.8667674791110036,2.864278965674275,3.0069537360466976
50 - 59,3.1853552121057342,3.6215050322612408,5.326104682110627,5.5407180856792095,4.626111143589443,3.6307357162856957,3.1438171339956864,3.00227997895404,3.1853552121057342
60 - 69,2.941838164599679,3.8003787263535633,5.588080107584918,6.325557370384083,5.11492438083689,3.7640597366671478,3.0608837419051533,2.9287229738795846,2.941838164599679
70 - 79,2.816848434211074,4.340122694771569,6.500109476942007,7.350402781117309,6.168320462516572,4.2810185788415325,3.2104281152906378,3.0653543761896382,2.816848434211074
80+,3.978923148307051,4.02977200643238,6.271359168790666,7.1315523520774935,6.101862975039567,4.404782335106687,3.351787231427984,3.4026360895533143,3.978923148307051
