Altersgruppen,Fälle pro 1000 Personen,woche1,woche2,woche3,woche4,woche5,woche6,woche7,woche8
0 - 9,0.1893222264293828,0.6941814969077369,0.2524296352391771,0.1893222264293828,0.1893222264293828,0.12621481761958855,0.1893222264293828,0.12621481761958855,0.1893222264293828
10 - 19,0.4589261128958238,1.9668261981249593,1.1145348456041435,0.6556087327083197,0.13112174654166392,0.1966826198124959,0.1966826198124959,0.3278043663541598,0.4589261128958238
20 - 29,0.8693289866883999,2.2276555283890245,1.1953273566965499,0.8149959250203749,0.5976636783482749,0.8149959250203749,0.7063298016843249,0.4889975550122249,0.8693289866883999
30 - 39,0.8690084156604464,3.5217709476765457,1.6008049762166119,1.0976948408342482,1.1891694109037687,1.0519575557994876,0.823271130625686,0.8690084156604464,0.8690084156604464
40 - 49,0.6134969325153374,2.629272567922875,2.4539877300613497,1.446099912357581,0.6134969325153374,1.270815074496056,0.8764241893076249,0.35056967572305,0.6134969325153374
50 - 59,1.1824698839701426,2.771413790555022,2.8822703421772227,1.2194220678442096,1.0716133323479418,1.5519917227108122,1.1824698839701426,0.6651393097332052,1.1824698839701426
60 - 69,0.913937547600914,2.3863924854023866,1.6247778624016247,0.7108403148007107,1.117034780401117,1.3709063214013708,0.5077430820005078,0.5585173902005585,0.913937547600914
70 - 79,0.7416196974191634,2.3731830317413234,1.6315633343221596,1.1124295461287452,0.6674577276772471,0.6674577276772471,0.8157816671610798,0.3708098487095817,0.7416196974191634
80+,0.6469979296066253,2.199792960662526,1.5527950310559004,1.8115942028985508,0.7763975155279502,0.5175983436853002,0.6469979296066253,0.12939958592132506,0.6469979296066253
