Altersgruppen,Fälle pro 1000 Personen,woche1,woche2,woche3,woche4,woche5,woche6,woche7,woche8
0 - 9,17.42522756827048,11.963589076723016,16.124837451235372,17.945383615084523,10.403120936280885,8.842652795838752,5.461638491547465,9.102730819245773,17.42522756827048
10 - 19,44.60470085470086,20.032051282051285,27.243589743589745,23.77136752136752,25.64102564102564,16.826923076923077,16.826923076923077,20.566239316239315,44.60470085470086
20 - 29,34.515144400093924,7.748297722470063,12.913829537450106,11.505048133364639,13.85301714017375,21.601314862643815,36.158722704860295,31.462784691242078,34.515144400093924
30 - 39,31.199677938808374,11.876006441223833,13.486312399355876,17.914653784219002,16.304347826086957,19.524959742351047,23.148148148148145,22.342995169082123,31.199677938808374
40 - 49,32.50099088386841,14.66508125247721,19.421323820848194,21.204914783987316,11.890606420927467,13.674197384066586,19.619500594530322,18.430439952437574,32.50099088386841
50 - 59,16.21887287024902,8.51900393184797,11.304062909567497,10.484927916120578,8.682830930537353,9.993446920052424,12.2870249017038,17.03800786369594,16.21887287024902
60 - 69,8.067852709971039,3.930492345883326,6.826644600744725,7.654116673562267,5.792304509722797,7.033512618949111,5.378568473314026,6.6197765825403385,8.067852709971039
70 - 79,4.441812259401836,4.441812259401836,2.9612081729345574,3.8495706248149246,0.8883624518803672,2.07284572105419,3.257328990228013,3.8495706248149246,4.441812259401836
80+,3.1071983428275503,3.1071983428275503,4.142931123770067,2.0714655618850335,0.5178663904712584,2.589331952356292,0.5178663904712584,2.0714655618850335,3.1071983428275503
