Altersgruppen,Fälle pro 1000 Personen,woche1,woche2,woche3,woche4,woche5,woche6,woche7,woche8
0 - 9,0.8394131863143716,0.16879504290017255,0.23380394455767145,0.4174255790639403,0.6546510447614801,0.8998600597853794,1.2203425398863827,1.110853863410595,0.8394131863143716
10 - 19,1.9246660969184153,0.4284883542986564,0.7333742987034696,1.1030043625764863,1.6515636293434475,2.594473441962194,3.4078950156445336,3.0241389620693635,1.9246660969184153
20 - 29,5.369249056480185,1.2898142243679525,1.8282803568710784,3.1363966501434306,3.6767893162154404,5.420302196055616,7.688795473416727,7.212941681902336,5.369249056480185
30 - 39,5.875823459858594,1.5894082350007641,2.3342422560588147,3.6743000088479203,4.765811635819599,6.540221841493529,8.181913242119318,7.456383774522815,5.875823459858594
40 - 49,4.679240634652182,1.3250357684749687,2.059132218094895,3.19107232181723,4.279732362750182,6.042562612517759,7.27521209311539,6.253969073065901,4.679240634652182
50 - 59,5.319030196850303,1.495640473586127,2.2084367054650533,3.3276653460179246,4.562357739034985,6.370520102624183,7.765322232391585,6.987096540782952,5.319030196850303
60 - 69,5.178368912004945,1.3822078728989045,1.9508049784294934,2.9825502717377255,4.183840883785988,5.732492636667483,6.785948001277793,6.504750887269938,5.178368912004945
70 - 79,5.133970700655969,1.2926580552828573,1.788267498747398,2.749614035659439,3.8942681749487758,5.344434984866939,6.5325398150901535,6.254183826295001,5.133970700655969
80+,5.389612231583128,1.1913879669815335,1.5776071430909318,2.7078982912528993,3.9865674279766696,5.14740698554842,6.692283689986013,6.814477327625145,5.389612231583128
