Altersgruppen,Fälle pro 1000 Personen,woche1,woche2,woche3,woche4,woche5,woche6,woche7,woche8
0 - 9,25.68079716880531,9.143444992774887,6.5966927576662036,7.067722167921415,10.882718238874638,19.795780808231722,36.62738380229082,39.61551226444253,25.68079716880531
10 - 19,39.23375923192285,11.555059576361568,10.685134043870615,16.23547083100843,31.95063437465421,36.40032113083256,48.50511713976961,51.26086229749805,39.23375923192285
20 - 29,29.071391554462142,7.844844692496345,13.102354801981248,24.29166177006051,44.422011031331216,32.793454409546364,33.82414986889939,33.13348758445442,29.071391554462142
30 - 39,33.0123951320351,8.655679158321469,10.865246173274453,17.935538878566316,27.692381940590238,28.429172397705976,37.25296204242176,39.811619732471065,33.0123951320351
40 - 49,29.62104143483396,8.477066144420576,9.272753452625393,14.989050976423187,22.48981878138325,25.1573688052289,32.82792762574731,35.09347245099157,29.62104143483396
50 - 59,17.719837211504192,5.515318576039424,6.281228134051877,11.637976490040481,17.030133730118106,17.159453132877996,19.597277826571904,19.83205412324909,17.719837211504192
60 - 69,11.451545705386062,3.794093413267748,4.0876962823053615,7.315260215880814,9.278470949340065,9.785039279721863,11.537352177675224,12.381977332617936,11.451545705386062
70 - 79,6.112969080759898,2.3028866194955104,2.2472154217364797,3.8562488203816327,4.696748123133827,4.63157208673301,5.5467522645278065,6.275909171761939,6.112969080759898
80+,6.087861589521023,2.4329626065648533,2.3325892613612806,3.417057795408574,4.196042235358038,4.750277663221243,5.500895723004479,5.963485922638335,6.087861589521023
