Altersgruppen,Fälle pro 1000 Personen,woche1,woche2,woche3,woche4,woche5,woche6,woche7,woche8
0 - 9,25.487646293888165,16.124837451235372,17.945383615084523,10.403120936280885,8.842652795838752,5.461638491547465,9.102730819245773,17.42522756827048,25.487646293888165
10 - 19,59.82905982905983,27.243589743589745,23.77136752136752,25.64102564102564,16.826923076923077,16.826923076923077,20.566239316239315,44.87179487179487,59.82905982905983
20 - 29,29.8192063864757,12.913829537450106,11.505048133364639,13.85301714017375,21.601314862643815,36.158722704860295,31.462784691242078,34.515144400093924,29.8192063864757
30 - 39,37.64090177133655,13.486312399355876,17.914653784219002,16.304347826086957,19.524959742351047,23.148148148148145,22.342995169082123,31.199677938808374,37.64090177133655
40 - 49,43.00435988902101,19.421323820848194,21.204914783987316,11.890606420927467,13.674197384066586,19.619500594530322,18.430439952437574,32.50099088386841,43.00435988902101
50 - 59,18.512450851900393,11.304062909567497,10.484927916120578,8.682830930537353,9.993446920052424,12.2870249017038,17.365661861074706,16.21887287024902,18.512450851900393
60 - 69,10.757136946628052,6.826644600744725,7.654116673562267,5.792304509722797,7.033512618949111,5.378568473314026,6.6197765825403385,8.067852709971039,10.757136946628052
70 - 79,5.034053893988748,2.9612081729345574,3.8495706248149246,0.8883624518803672,2.07284572105419,3.257328990228013,3.8495706248149246,4.441812259401836,5.034053893988748
80+,2.0714655618850335,4.142931123770067,2.0714655618850335,0.5178663904712584,2.589331952356292,0.5178663904712584,2.0714655618850335,3.1071983428275503,2.0714655618850335
