Altersgruppen,Fälle pro 1000 Personen,woche1,woche2,woche3,woche4,woche5,woche6,woche7,woche8
0 - 9,0.0749232037161909,0.18730800929047725,0.05619240278714318,0.2622312130066682,0.2996928148647636,0.22476961114857272,0.0749232037161909,0.0749232037161909,0.0749232037161909
10 - 19,0.4633651896901245,0.7915821990539628,0.7336615503426971,0.6950477845351868,0.7722753161502076,0.6371271358239212,0.5212858384013901,0.4440583067863694,0.4633651896901245
20 - 29,1.5658016752557729,2.128274121706876,1.4441860111582372,1.1705507669387818,1.048935102841246,0.7752998586217904,0.9425213967559022,0.8969155227193263,1.5658016752557729
30 - 39,2.189942895159949,2.3978488662194377,1.9265953318179299,2.092920108665521,1.3999002051338914,1.5246437877695849,1.0256694572268117,1.2335754282863003,2.189942895159949
40 - 49,2.0310219801712077,2.3319141253817572,1.880575907565933,1.6097729768764386,1.8504866930448782,1.7000406204396035,1.3239254389264168,1.880575907565933,2.0310219801712077
50 - 59,2.948967209050459,1.9833761759985384,2.035570285893237,1.8267938463144433,1.6049688792619754,1.5658232968409516,1.513629186946253,1.644114461682999,2.948967209050459
60 - 69,3.269420699519804,2.0093314715798796,1.7198515138098969,1.6687668153798998,1.9071620747198856,1.3622586247999182,1.6006538841399038,1.9752750059598814,3.269420699519804
70 - 79,4.299443601416288,1.632409067917414,1.5404423598657284,1.494459005839886,2.069250931162919,1.56343403687865,1.632409067917414,2.3911344093438176,4.299443601416288
80+,3.4144095756924733,1.6112944065065602,1.7263868641141717,1.4578377963630784,1.9565717793293946,1.9565717793293946,1.4194736438272078,2.148392542008747,3.4144095756924733
