Altersgruppen,Fälle pro 1000 Personen,woche1,woche2,woche3,woche4,woche5,woche6,woche7,woche8
0 - 9,5.2379149312129245,5.490344566452102,13.883629938154739,22.971096806765114,34.141108166098704,21.835163448188815,21.014767133661493,11.233118768143381,5.2379149312129245
10 - 19,13.833344260145545,23.142988264603687,29.240149478791057,35.92735855241592,48.44948534714483,42.94237199239494,39.20540221595751,23.798596997312007,13.833344260145545
20 - 29,16.897582178755773,34.5558272208639,27.65552838902472,30.209182287421896,35.31649008421624,29.013854930725348,22.167889160554196,16.897582178755773,16.897582178755773
30 - 39,17.014270032930842,21.084888401024514,22.594218807171607,30.826930113428467,39.79143798024149,32.153311379436516,28.49432857665569,18.75228686425174,17.014270032930842
40 - 49,13.496932515337424,15.205959684487292,20.508326029798422,25.810692375109554,31.68273444347064,29.842243645924626,26.599474145486415,18.886941279579315,13.496932515337424
50 - 59,12.933264355923434,13.376690562412238,14.152686423767646,16.25896090458946,20.730175153351563,17.071908949818937,16.813243662700465,13.007168723671569,12.933264355923434
60 - 69,8.225437928408226,7.971566387407972,8.834729626808835,12.592028433612592,14.369129220614369,12.947448591012947,10.408733181010408,8.631632394008632,8.225437928408226
70 - 79,5.784633639869475,4.375556214773064,4.894690002966478,4.820528033224562,5.710471670127559,7.045387125482053,6.377929397804806,4.375556214773064,5.784633639869475
80+,5.822981366459627,2.846790890269151,3.4937888198757765,3.3643892339544514,5.434782608695652,6.728778467908903,6.858178053830228,4.787784679089027,5.822981366459627
