Altersgruppen,Fälle pro 1000 Personen,woche1,woche2,woche3,woche4,woche5,woche6,woche7,woche8
0 - 9,8.408017397808653,4.917374260662392,6.773509897081435,12.425027357223,28.61773302120704,32.12222791683404,19.91882869530287,11.275331403321651,8.408017397808653
10 - 19,17.31868131868132,10.54945054945055,20.644688644688642,25.655677655677657,42.095238095238095,49.362637362637365,34.901098901098905,22.564102564102566,17.31868131868132
20 - 29,17.966004891918402,16.674737090425996,29.723991507431,25.626699445003165,29.624663215008507,30.13372071367378,29.202517972212913,23.466309084813947,17.966004891918402
30 - 39,16.884152310595738,11.737160273295185,18.630092746778086,20.92100881043931,32.103101315006,36.41244562858902,32.46641839999192,24.6349167902954,16.884152310595738
40 - 49,15.823182217757127,10.402277198710705,14.734815186906108,16.51387667964335,27.816149692327013,31.970781531248694,27.878940097953034,21.30687764242957,15.823182217757127
50 - 59,11.350315389911243,8.047559682191169,11.545689671212994,12.159723126732784,15.51830005768193,16.5602962246246,16.039298141153267,13.564557244664423,11.350315389911243
60 - 69,6.899859788945465,5.177969645536614,5.866725702900156,7.318033109487615,9.273608343787666,9.716380094949942,9.999262047081396,8.94152953041596,6.899859788945465
70 - 79,4.362544934212822,2.3906746239486263,3.24573343105434,2.7222280389488014,3.8390395421072836,4.659197989739294,4.833699787107808,4.973301225002618,4.362544934212822
80+,4.48264135777661,1.8239713110953102,2.565925742727301,2.875073422573964,4.049834605991282,4.791789037623273,4.606300429715275,5.56465823723993,4.48264135777661
