Altersgruppen,Fälle pro 1000 Personen,woche1,woche2,woche3,woche4,woche5,woche6,woche7,woche8
0 - 9,0.21742281490071025,0.6522684447021307,0.6885055805189157,0.4348456298014205,0.21742281490071025,0.07247427163357009,0.2536599507174953,0.5435570372517756,0.21742281490071025
10 - 19,1.3448090371167294,1.114270345039576,0.9605778836548068,1.114270345039576,1.1526934603857681,0.8453085376162299,0.7684623069238454,0.6147698455390763,1.3448090371167294
20 - 29,2.4412669224184396,1.521828730858248,2.1876288006087314,1.585238261310675,1.395009669953394,2.0291049744776637,3.2338860530737774,2.758314574680574,2.4412669224184396
30 - 39,3.475824859929446,2.3863872172649927,2.30857024278896,1.9454243619008094,2.101058310852874,3.216434945009338,4.305872587673791,2.9051670471052082,3.475824859929446
40 - 49,3.8363171355498724,2.668742355165129,2.223951962637607,2.8911375514288893,2.0571555654397864,3.780718336483932,3.780718336483932,4.336706327143333,3.8363171355498724
50 - 59,4.706044397511535,2.1808498427492484,2.3185877275544637,2.7088450678359086,2.9154518950437316,4.2469181148274835,6.450724271710934,5.0044764812561695,4.706044397511535
60 - 69,5.013156072566126,1.9387896413239163,2.2711535798365876,2.3542445644647554,2.8527904722337625,4.985459077690071,6.259520841988644,5.844065918847805,5.013156072566126
70 - 79,5.583052860819639,2.6133438922985546,1.9798059790140567,2.692536131459117,2.4945555335577114,5.028707186695703,6.889724806968917,7.642051078994259,5.583052860819639
80+,6.267186800537188,3.005691628829059,1.5987721429941806,3.261495171708128,2.1743301144720855,3.6452004860267313,6.011383257658118,6.522990343416256,6.267186800537188
