Altersgruppen,Fälle pro 1000 Personen,woche1,woche2,woche3,woche4,woche5,woche6,woche7,woche8
0 - 9,0.4571080298643913,0.5125150637873478,0.747994957959913,0.5956256146717825,0.5679220977103043,0.40170099594143477,0.5540703392295652,0.5956256146717825,0.4571080298643913
10 - 19,1.3772893772893773,1.8754578754578755,2.227106227106227,2.051282051282051,1.5824175824175826,1.0402930402930401,1.3479853479853479,1.3626373626373627,1.3772893772893773
20 - 29,2.719112005065743,5.078158950099949,7.039892725444184,6.928148396468879,5.00366273078308,3.3150817596007003,2.7687761512769895,2.8556884071466704,2.719112005065743
30 - 39,2.8964445386377626,5.550677687284912,6.549799670996196,6.085561173514185,5.025886342305247,3.8955665223490468,3.0982873636299413,2.987273809884243,2.8964445386377626
40 - 49,2.7418477123362215,4.730210557160199,5.49416049227678,4.939511909246933,4.227887312152037,3.6941688643308637,3.0244045376533135,3.0244045376533135,2.7418477123362215
50 - 59,2.6515081033809054,5.870531976257372,7.163723647730867,6.558993729415924,5.014606553411607,3.7493254935526488,3.0329531287795617,2.772454087043894,2.6515081033809054
60 - 69,2.5213391385629595,5.018079846505794,6.739969989914644,5.177969645536614,5.018079846505794,4.083339482940988,2.361449339532138,2.8288195213145397,2.5213391385629595
70 - 79,2.3383240847380726,3.9611908002652427,5.828360032108331,5.182703381844833,4.816249607370955,3.3504345094754475,2.0416710292116007,2.5302760618434372,2.3383240847380726
80+,2.009459919003308,4.14257890994528,6.121124060963923,6.152038828948589,4.204408445914613,2.596840510711967,1.6693974711719788,1.6075679352026464,2.009459919003308
