Altersgruppen,Fälle pro 1000 Personen,woche1,woche2,woche3,woche4,woche5,woche6,woche7,woche8
0 - 9,0.13617484850548106,0.14979233335602912,0.2723496970109621,0.24511472730986586,0.24511472730986586,0.29958466671205825,0.20426227275822156,0.28596718186151016,0.13617484850548106
10 - 19,1.0068175934182895,0.8917527255990564,1.049966918850502,1.1074993527601185,1.265713546011564,1.4239277392630094,1.3088628714437764,1.1218824612375227,1.0068175934182895
20 - 29,1.792474115670987,2.7075133495449877,3.24650906264885,2.53202637318559,2.33146982877485,2.6573742134423024,2.43174810098022,2.381608964877535,1.792474115670987
30 - 39,2.5,3.904382470119522,3.764940239043825,3.50597609561753,3.266932270916335,2.9382470119521913,2.7390438247011955,2.7290836653386457,2.5
40 - 49,2.447714949651433,3.6870642912470952,4.358378517944746,3.9246062483862634,3.170668732248903,3.418538600568035,3.0570617092693,3.294603666408469,2.447714949651433
50 - 59,2.743369415615817,5.654130863370904,5.970315812967303,5.365844585797715,3.887214968567496,3.915113640590708,3.1618494959639922,3.4687348882193207,2.743369415615817
60 - 69,2.5810768826326984,5.030710035131324,6.142007026264847,5.401142365509165,3.5370312836077717,2.975408073034916,2.7603183328155247,3.0590540831202353,2.5810768826326984
70 - 79,2.4646561462362646,5.9220210180399135,7.0687707527470645,6.110293362544073,4.398726594324444,3.046588847430938,2.4817718139184612,2.3619621401430866,2.4646561462362646
80+,3.9727582292849033,6.451998327259693,6.720831590895513,5.436405997968815,4.988350558575781,2.9870362626202285,3.285739888882251,3.674054603022881,3.9727582292849033
