Altersgruppen,Fälle pro 1000 Personen,woche1,woche2,woche3,woche4,woche5,woche6,woche7,woche8
0 - 9,0.0,0.2554931016862545,0.0,0.0,0.0,0.0,0.510986203372509,0.0,0.0
10 - 19,0.25342118601115055,0.0,1.2671059300557526,2.2807906741003547,1.2671059300557526,0.5068423720223011,0.7602635580334517,0.25342118601115055,0.25342118601115055
20 - 29,0.4316857327865314,1.5109000647528599,2.158428663932657,1.2950571983595942,2.158428663932657,2.158428663932657,1.7267429311461255,0.4316857327865314,0.4316857327865314
30 - 39,0.8862105636299185,3.7220843672456576,3.544842254519674,3.544842254519674,2.835873803615739,1.772421127259837,1.4179369018078696,1.9496632399858207,0.8862105636299185
40 - 49,0.7126313914127917,3.206841261357563,3.206841261357563,3.3849991092107605,2.672367717797969,2.494209869944771,1.9597363263851773,1.9597363263851773,0.7126313914127917
50 - 59,1.6499381273202254,5.224804069847381,5.637288601677437,2.199917503093634,3.024886566753747,4.262340162243916,1.7874329712635777,1.7874329712635777,1.6499381273202254
60 - 69,1.322970067802216,4.795766495783033,2.8113113940797088,2.645940135604432,2.149826360178601,3.142053911030263,2.149826360178601,1.65371258475277,1.322970067802216
70 - 79,1.7933198834342075,6.05245460659045,3.1383097960098634,1.7933198834342075,3.586639766868415,3.3624747814391394,1.5691548980049317,2.2416498542927594,1.7933198834342075
80+,1.6913319238900633,3.3826638477801265,4.2283298097251585,3.3826638477801265,2.1141649048625792,3.3826638477801265,1.6913319238900633,2.536997885835095,1.6913319238900633
