Altersgruppen,Fälle pro 1000 Personen,woche1,woche2,woche3,woche4,woche5,woche6,woche7,woche8
0 - 9,0.4308084213680977,5.750355885217652,5.675432681501461,5.338278264778602,4.308084213680977,2.6972353337828725,1.086386453884768,0.543193226942384,0.4308084213680977
10 - 19,0.8881166135727387,17.70441162274351,23.59301090838884,22.395984168356016,15.908871512694274,9.344531325417512,4.382662419152428,1.4866299835891494,0.8881166135727387
20 - 29,2.128274121706876,19.91456499597148,34.56925251972454,31.848102035542176,23.547832960885362,13.864185707119077,8.406682780742159,3.952509083169913,2.128274121706876
30 - 39,2.5780340411376614,19.00260575483728,30.492875755391697,31.740311581748628,27.37428618949936,17.533403559350226,8.524144813439042,4.421466984531796,2.5780340411376614
40 - 49,2.4823601979870316,17.030495418917088,25.425386270291416,27.366140606899457,24.79351276534926,16.759692488227593,8.530292316719072,4.257623854729272,2.4823601979870316
50 - 59,3.196889231050276,13.335595078095437,22.052011430510067,26.723384266085574,24.231115518613727,16.819551913566553,8.103135561151925,4.475644923470386,3.196889231050276
60 - 69,3.371590096379798,8.939822225249463,15.853284746109049,19.531383033068828,18.748084323808875,13.486360385519191,6.760208425569594,4.120832340019753,3.371590096379798
70 - 79,3.1038763967443783,6.368694532579207,9.058720743091001,13.72603117671403,15.542373660734814,10.80608819607302,5.816894284269095,3.3797765208994344,3.1038763967443783
80+,1.8031151691859129,3.9131435586587893,7.059004066600169,14.770198726310134,14.002915675592725,10.933783472723087,6.33008516841863,2.9924038977978973,1.8031151691859129
