Altersgruppen,Fälle pro 1000 Personen,woche1,woche2,woche3,woche4,woche5,woche6,woche7,woche8
0 - 9,0.28596718186151016,0.13617484850548106,0.14979233335602912,0.2723496970109621,0.24511472730986586,0.24511472730986586,0.29958466671205825,0.20426227275822156,0.28596718186151016
10 - 19,1.1218824612375227,0.8054540747346316,0.8917527255990564,1.049966918850502,1.1074993527601185,1.265713546011564,1.4239277392630094,1.3088628714437764,1.1218824612375227
20 - 29,2.381608964877535,2.1434480683897816,2.7075133495449877,3.24650906264885,2.53202637318559,2.33146982877485,2.6573742134423024,2.43174810098022,2.381608964877535
30 - 39,2.7191235059760954,2.9681274900398407,3.904382470119522,3.7549800796812747,3.50597609561753,3.266932270916335,2.9382470119521913,2.7390438247011955,2.7191235059760954
40 - 49,3.304931577588433,2.5509940614510715,3.6870642912470952,4.358378517944746,3.9246062483862634,3.170668732248903,3.418538600568035,3.0570617092693,3.304931577588433
50 - 59,3.4501357735371796,3.6919242644050145,5.654130863370904,5.970315812967303,5.365844585797715,3.887214968567496,3.9058140832496373,3.1618494959639922,3.4501357735371796
60 - 69,3.047104653108047,3.764070453839352,5.030710035131324,6.142007026264847,5.401142365509165,3.5370312836077717,2.975408073034916,2.7603183328155247,3.047104653108047
70 - 79,2.3961934755074794,4.141991579091501,5.9220210180399135,7.0687707527470645,6.110293362544073,4.398726594324444,3.046588847430938,2.4817718139184612,2.3961934755074794
80+,3.674054603022881,3.703924965649083,6.451998327259693,6.720831590895513,5.436405997968815,4.988350558575781,2.9870362626202285,3.285739888882251,3.674054603022881
