Altersgruppen,Fälle pro 1000 Personen,woche1,woche2,woche3,woche4,woche5,woche6,woche7,woche8
0 - 9,0.09365400464523863,0.05619240278714318,0.2622312130066682,0.2996928148647636,0.22476961114857272,0.0749232037161909,0.0749232037161909,0.0749232037161909,0.09365400464523863
10 - 19,0.6371271358239212,0.7336615503426971,0.6950477845351868,0.7722753161502076,0.6371271358239212,0.5212858384013901,0.4440583067863694,0.4633651896901245,0.6371271358239212
20 - 29,2.3258995758653715,1.4441860111582372,1.1705507669387818,1.048935102841246,0.7752998586217904,0.9425213967559022,0.8817135647071342,1.5658016752557729,2.3258995758653715
30 - 39,3.0077063813272717,1.9265953318179299,2.092920108665521,1.3999002051338914,1.5246437877695849,1.0256694572268117,1.2335754282863003,2.189942895159949,3.0077063813272717
40 - 49,3.1593675247107678,1.880575907565933,1.6097729768764386,1.8504866930448782,1.7000406204396035,1.3239254389264168,1.880575907565933,2.0611111946922627,3.1593675247107678
50 - 59,3.9015097146287046,2.035570285893237,1.839842373788118,1.6049688792619754,1.5658232968409516,1.513629186946253,1.644114461682999,3.001161318945157,3.9015097146287046
60 - 69,4.205973504069748,1.7198515138098969,1.6687668153798998,1.9071620747198856,1.3622586247999182,1.6006538841399038,1.9752750059598814,3.320505397949801,4.205973504069748
70 - 79,5.03517726582977,1.5404423598657284,1.494459005839886,2.069250931162919,1.56343403687865,1.632409067917414,2.3911344093438176,4.368418632455052,5.03517726582977
80+,5.140796439806644,1.7263868641141717,1.4578377963630784,1.9565717793293946,1.9565717793293946,1.4578377963630784,2.148392542008747,3.567866185835955,5.140796439806644
