Altersgruppen,Fälle pro 1000 Personen,woche1,woche2,woche3,woche4,woche5,woche6,woche7,woche8
0 - 9,0.0,0.0,0.0,0.0,0.0,0.0,0.0,0.0,0.0
10 - 19,0.0,0.0,0.6027727546714888,0.0,0.0,0.0,0.0,0.0,0.0
20 - 29,1.4436958614051971,0.48123195380173245,0.48123195380173245,0.0,0.48123195380173245,0.9624639076034649,0.9624639076034649,0.0,1.4436958614051971
30 - 39,1.9258545979778525,1.9258545979778525,1.4443909484833894,0.9629272989889263,0.48146364949446313,0.9629272989889263,0.9629272989889263,0.48146364949446313,1.9258545979778525
40 - 49,2.557544757033248,1.5345268542199488,0.0,0.0,0.5115089514066495,0.0,1.5345268542199488,1.5345268542199488,2.557544757033248
50 - 59,2.039151712887439,0.8156606851549756,0.4078303425774878,0.8156606851549756,0.0,1.223491027732463,1.223491027732463,1.6313213703099512,2.039151712887439
60 - 69,1.5298317185109638,0.0,0.5099439061703213,0.5099439061703213,1.0198878123406425,2.039775624681285,1.0198878123406425,0.5099439061703213,1.5298317185109638
70 - 79,4.310344827586206,2.155172413793103,0.7183908045977011,0.0,1.4367816091954022,0.7183908045977011,0.7183908045977011,2.8735632183908044,4.310344827586206
80+,0.0,2.074688796680498,0.0,0.0,2.074688796680498,3.1120331950207465,2.074688796680498,3.1120331950207465,0.0
