Altersgruppen,Fälle pro 1000 Personen,woche1,woche2,woche3,woche4,woche5,woche6,woche7,woche8
0 - 9,0.1893222264293828,1.5776852202448568,0.4417518616685599,0.6941814969077369,0.2524296352391771,0.1893222264293828,0.1893222264293828,0.12621481761958855,0.1893222264293828
10 - 19,0.1966826198124959,4.392578509145742,2.032387071395791,1.9668261981249593,1.1145348456041435,0.6556087327083197,0.13112174654166392,0.1966826198124959,0.1966826198124959
20 - 29,0.7063298016843249,6.791632708503124,3.1513175767454493,2.2276555283890245,1.1953273566965499,0.8149959250203749,0.5976636783482749,0.8149959250203749,0.7063298016843249
30 - 39,0.823271130625686,7.638126600804976,3.9791437980241495,3.5217709476765457,1.6008049762166119,1.0976948408342482,1.1891694109037687,0.960482985729967,0.823271130625686
40 - 49,0.8326029798422437,7.405784399649431,4.601226993865031,2.629272567922875,2.4539877300613497,1.446099912357581,0.6134969325153374,1.270815074496056,0.8326029798422437
50 - 59,1.1824698839701426,7.020914936072722,4.545118616510236,2.771413790555022,2.8822703421772227,1.2194220678442096,1.0716133323479418,1.5519917227108122,1.1824698839701426
60 - 69,0.5077430820005078,5.9913683676059915,3.5542015740035544,2.3863924854023866,1.6247778624016247,0.7108403148007107,1.117034780401117,1.3709063214013708,0.5077430820005078
70 - 79,0.8157816671610798,4.9688519727083955,2.7439928804509046,2.3731830317413234,1.6315633343221596,1.1124295461287452,0.6674577276772471,0.6674577276772471,0.8157816671610798
80+,0.6469979296066253,5.046583850931677,4.399585921325052,2.199792960662526,1.5527950310559004,1.8115942028985508,0.7763975155279502,0.5175983436853002,0.6469979296066253
