Altersgruppen,Fälle pro 1000 Personen,woche1,woche2,woche3,woche4,woche5,woche6,woche7,woche8
0 - 9,0.168503353216729,0.3033060357901122,0.3033060357901122,0.37070737707680385,0.6066120715802245,0.3033060357901122,0.4381087183634954,0.505510059650187,0.168503353216729
10 - 19,0.5819239861793053,1.6730314602655028,0.8001454809965448,1.2002182214948172,1.3820694671758502,1.2729587197672305,0.9092562284051646,0.5091834879068922,0.5819239861793053
20 - 29,1.2233693381870263,4.565256310795489,2.2378707405860236,1.730620039386525,1.6112669332219371,1.5515903801396431,1.1338545085635854,1.2233693381870263,1.2233693381870263
30 - 39,1.8754219699432373,4.37598459653422,3.200720162036458,2.2505063639318847,3.200720162036458,1.9504388487409667,1.7253882123477782,2.075466980070516,1.8754219699432373
40 - 49,2.091936535535753,3.8850249945663986,3.1514888067811344,2.41795261899587,2.6896326885459683,2.010432514670724,2.173440556400782,1.6300804173005867,2.091936535535753
50 - 59,1.5610365282547611,4.794612193925338,3.1220730565095223,2.475357923375407,2.653762098033094,2.252352705053298,2.118549574060033,1.8509433120735026,1.5610365282547611
60 - 69,2.171871331298427,3.4339046724583238,3.551303122798779,1.7022775299366049,1.9957736557877437,1.9664240432026299,2.2599201690537685,2.083822493543085,2.171871331298427
70 - 79,1.212383632820957,3.593851483004979,3.29075557479974,2.035072526520892,2.2082701883524574,2.3814678501840225,1.1690842173630656,1.5154795410261963,1.212383632820957
80+,1.2668604217899992,3.0553692525523513,2.7572844474252927,1.4904240256352934,2.1611148371711755,2.012072434607646,1.1923392205082346,1.9375512333258813,1.2668604217899992
