Altersgruppen,Fälle pro 1000 Personen,woche1,woche2,woche3,woche4,woche5,woche6,woche7,woche8
0 - 9,12.686062246278755,3.3829499323410013,2.875507442489851,5.412719891745603,13.024357239512856,24.69553450608931,22.15832205683356,10.148849797023004,12.686062246278755
10 - 19,31.04170634164921,12.18815463721196,11.807274804799086,16.187392877547133,27.804227766139785,48.562178632641405,39.99238240335174,30.089506760617027,31.04170634164921
20 - 29,28.694642560955383,9.288439210482666,13.435063858019573,27.699452645546526,23.552827998009622,26.704262730137668,34.66578205340853,30.85088737767457,28.694642560955383
30 - 39,26.755852842809364,10.590858416945373,13.795986622073578,13.656633221850614,14.771460423634336,24.24749163879599,33.16610925306578,30.93645484949833,26.755852842809364
40 - 49,27.342637425234976,11.677584733694106,11.677584733694106,8.54457419538593,18.22842495015665,26.63058957561948,26.203360865850186,26.915408715465677,27.342637425234976
50 - 59,15.507411630558725,5.24515393386545,6.841505131128849,6.613454960091221,10.4903078677309,15.051311288483467,19.04218928164196,14.481185860889395,15.507411630558725
60 - 69,11.728567439262775,3.4906450712091592,5.305780508237922,6.143535325328121,4.607651493996091,7.1209159452666855,11.58894163641441,9.63418039653728,11.728567439262775
70 - 79,4.620329449578144,2.209722780233025,1.8079550020088389,1.6070711128967456,1.8079550020088389,3.013258336681398,5.62474889513861,5.825632784250703,4.620329449578144
80+,2.6586905948820205,0.9970089730807576,2.326354270521768,1.6616816218012629,2.991026919242273,11.299435028248588,14.955134596211366,5.982053838484546,2.6586905948820205
