Altersgruppen,Fälle pro 1000 Personen,woche1,woche2,woche3,woche4,woche5,woche6,woche7,woche8
0 - 9,0.28320589068252616,0.28320589068252616,0.0,0.0,0.8496176720475787,0.0,0.0,0.0,0.28320589068252616
10 - 19,0.7928118393234672,0.0,0.0,0.0,0.0,0.0,0.0,0.7928118393234672,0.7928118393234672
20 - 29,2.2593764121102575,0.22593764121102577,0.22593764121102577,0.9037505648441031,0.22593764121102577,0.6778129236330773,1.8075011296882062,0.22593764121102577,2.2593764121102575
30 - 39,1.1044842058758562,0.6626905235255136,0.0,0.4417936823503424,1.3253810470510272,0.8835873647006848,1.9880715705765406,1.3253810470510272,1.1044842058758562
40 - 49,1.0584250635055037,0.21168501270110077,0.42337002540220153,0.0,0.0,1.0584250635055037,1.0584250635055037,2.75190516511431,1.0584250635055037
50 - 59,1.088139281828074,0.9067827348567282,1.088139281828074,0.3627130939426913,1.088139281828074,1.088139281828074,1.2694958287994198,1.632208922742111,1.088139281828074
60 - 69,2.7513227513227516,0.6349206349206349,0.6349206349206349,0.0,0.8465608465608466,0.0,0.8465608465608466,0.8465608465608466,2.7513227513227516
70 - 79,1.9931662870159454,0.8542141230068337,0.8542141230068337,0.8542141230068337,0.0,0.5694760820045558,1.7084282460136675,1.1389521640091116,1.9931662870159454
80+,3.8535645472061657,4.335260115606936,3.371868978805395,1.445086705202312,0.4816955684007707,0.4816955684007707,0.0,1.9267822736030829,3.8535645472061657
