Altersgruppen,Fälle pro 1000 Personen,woche1,woche2,woche3,woche4,woche5,woche6,woche7,woche8
0 - 9,25.70848333794886,6.438659651066186,4.500138465798948,6.73866888211945,9.600295393704421,21.116034339518137,37.70885258007939,35.63186559586449,25.70848333794886
10 - 19,47.05020153902528,10.528887260290704,10.553316233052401,14.681812629778918,28.459753267375106,40.86967143031635,59.75326737510687,59.24025894711127,47.05020153902528
20 - 29,30.576554214148707,9.364774906916393,14.724134040392643,22.58452743615781,38.62499529880778,31.554402196397007,33.773364925345064,33.82977923201324,30.576554214148707
30 - 39,32.061221427499625,9.169876123309825,10.687073809166542,14.88854432384668,21.107387585654976,25.7756881575218,35.82920688907784,38.096667166841726,32.061221427499625
40 - 49,29.456220534782453,8.817072731853024,9.248929355453988,11.534170655342425,16.35656961888653,22.924389102817866,35.10634469356174,35.610177421096196,29.456220534782453
50 - 59,18.689031261066933,6.245774443836321,6.326261227906378,9.819387656546795,13.489585010141335,14.552010559866071,19.63877531309359,20.121696017513926,18.689031261066933
60 - 69,10.534446137012164,3.518633740264756,3.3899032375721427,5.492501448218156,6.7798064751442855,7.466369156171554,11.457014739642558,12.100667253105623,10.534446137012164
70 - 79,5.135641350975772,2.024046885384569,1.7219503353271706,2.628239985499366,2.7188689505165855,3.0209655005739835,5.196060660987252,5.286689626004471,5.135641350975772
80+,6.460308607547871,1.9055586540249116,1.4872652909462725,3.113961702918758,3.3928239449711843,4.787135155233314,4.973043316601599,6.785647889942369,6.460308607547871
