Altersgruppen,Fälle pro 1000 Personen,woche1,woche2,woche3,woche4,woche5,woche6,woche7,woche8
0 - 9,11.275331403321651,6.773509897081435,12.425027357223,28.61773302120704,32.06682088291109,19.91882869530287,11.261479644840913,8.795866635269347,11.275331403321651
10 - 19,21.5970695970696,20.644688644688642,25.655677655677657,42.095238095238095,49.27472527472528,34.78388278388279,22.564102564102566,18.036630036630036,21.5970695970696
20 - 29,19.95257074036826,29.723991507431,25.626699445003165,29.624663215008507,30.009560348145666,29.078357606684794,23.441477011708326,18.33848598850275,19.95257074036826
30 - 39,19.407187622997974,18.630092746778086,20.92100881043931,32.103101315006,36.32161635734254,32.36549698749584,24.6349167902954,17.32820652557853,19.407187622997974
40 - 49,18.125497090711207,14.734815186906108,16.51387667964335,27.816149692327013,31.91845619322701,27.82661475993135,21.27548243961656,16.1580643810959,18.125497090711207
50 - 59,12.83888134268649,11.545689671212994,12.159723126732784,15.51830005768193,16.5602962246246,16.002083992333887,13.564557244664423,11.685242729285674,12.83888134268649
60 - 69,7.502521339138562,5.866725702900156,7.318033109487615,9.273608343787666,9.679482449019753,9.999262047081396,8.929230315105896,7.121245664526603,7.502521339138562
70 - 79,4.60684745052874,3.24573343105434,2.7222280389488014,3.8390395421072836,4.659197989739294,4.851149966844658,4.955851045265766,4.449795832897079,4.60684745052874
80+,3.864345998083284,2.565925742727301,2.844158654589297,4.049834605991282,4.822703805607939,4.606300429715275,5.7192320771632605,4.606300429715275,3.864345998083284
