Altersgruppen,Fälle pro 1000 Personen,woche1,woche2,woche3,woche4,woche5,woche6,woche7,woche8
0 - 9,0.5435570372517756,0.797216987969271,0.6522684447021307,0.6885055805189157,0.4348456298014205,0.21742281490071025,0.07247427163357009,0.2536599507174953,0.5435570372517756
10 - 19,0.6147698455390763,0.999000999000999,1.114270345039576,0.9605778836548068,1.114270345039576,1.1526934603857681,0.8453085376162299,0.7684623069238454,0.6147698455390763
20 - 29,2.7266098094543607,1.838876383120383,1.521828730858248,2.1876288006087314,1.585238261310675,1.395009669953394,2.0291049744776637,3.2338860530737774,2.7266098094543607
30 - 39,2.9051670471052082,3.0348620045652623,2.3863872172649927,2.30857024278896,1.9454243619008094,2.101058310852874,3.216434945009338,4.305872587673791,2.9051670471052082
40 - 49,4.336706327143333,2.0571555654397864,2.668742355165129,2.223951962637607,2.8911375514288893,2.0571555654397864,3.780718336483932,3.780718336483932,4.336706327143333
50 - 59,5.0044764812561695,2.4104129840912742,2.1808498427492484,2.3185877275544637,2.7088450678359086,2.9154518950437316,4.2469181148274835,6.450724271710934,5.0044764812561695
60 - 69,5.816368923971749,2.4650325439689795,1.9387896413239163,2.2711535798365876,2.3542445644647554,2.8527904722337625,4.985459077690071,6.259520841988644,5.816368923971749
70 - 79,7.602454959413977,2.7717283706196794,2.6133438922985546,1.9798059790140567,2.692536131459117,2.4945555335577114,5.028707186695703,6.889724806968917,7.602454959413977
80+,6.522990343416256,1.9185265715930166,3.005691628829059,1.5987721429941806,3.261495171708128,2.1743301144720855,3.6452004860267313,6.011383257658118,6.522990343416256
