Altersgruppen,Fälle pro 1000 Personen,woche1,woche2,woche3,woche4,woche5,woche6,woche7,woche8
0 - 9,0.05619240278714318,0.44953922229714544,0.18730800929047725,0.1311156065033341,0.18730800929047725,0.09365400464523863,0.018730800929047726,0.018730800929047726,0.05619240278714318
10 - 19,0.32821700936383824,0.9074234964764939,0.4440583067863694,0.5212858384013901,0.4633651896901245,0.23168259484506226,0.2896032435563278,0.15445506323004152,0.32821700936383824
20 - 29,0.8209057326583664,2.15867803773126,2.00665845760934,1.3985801371216613,1.140146850914398,1.0185311868168618,0.5168665724145269,0.3952509083169912,0.8209057326583664
30 - 39,0.6514387093197317,2.633475633420192,2.0374785163829903,1.9958973221710927,1.6355269723346455,1.2335754282863003,0.6652991073903642,0.6514387093197317,0.6514387093197317
40 - 49,0.7070965412447908,2.5425386270291415,1.985888158389625,1.3841038679685267,1.293836224405362,0.9929440791948125,0.646918112202681,0.616828897681626,0.7070965412447908
50 - 59,0.8872998682098725,3.1838407035766014,2.192152615577332,1.7876482638934197,1.5397262418936024,1.1352218902096898,0.7959601758941504,0.613280791262706,0.8872998682098725
60 - 69,0.8343834076899499,3.4056465619997955,1.8560773762898886,1.9412185403398834,1.1749480638899295,1.1579198310799304,1.0046657357899398,0.749242243639955,0.8343834076899499
70 - 79,0.5747919253230331,3.1038763967443783,1.701384098956178,1.5174506828528074,1.56343403687865,0.9886421115556168,0.919667080516853,0.48282521727134775,0.5747919253230331
80+,0.6138264405739278,1.8031151691859129,1.7647510166500422,1.6496585590424306,1.266017033683726,1.1509245760761146,0.8440113557891507,0.5754622880380573,0.6138264405739278
