Altersgruppen,Fälle pro 1000 Personen,woche1,woche2,woche3,woche4,woche5,woche6,woche7,woche8
0 - 9,13.311764904121592,6.200923398375627,5.324705961648636,6.4705287635223945,15.064199777575574,29.2858827890675,28.038957975263706,11.053819971017424,13.311764904121592
10 - 19,27.605019094380797,9.674486270230952,11.27477723222404,22.22222222222222,32.98781596653937,50.918348790689215,52.518639752682304,26.186579378068743,27.605019094380797
20 - 29,23.2440174255535,10.47323506594259,16.500566927254283,30.25601241272304,26.436713015456228,28.10765650176046,30.912454496628275,27.063316822820312,23.2440174255535
30 - 39,23.055187417168863,9.852216748768473,12.802880648145832,16.12862894151184,20.82968667950289,32.38228601435323,33.48253357005326,30.156785276687256,23.055187417168863
40 - 49,19.80547707020213,9.563138448163443,9.86198652466855,12.850467289719626,15.974788089545749,26.814822864594653,32.791784394696805,26.081286676809388,19.80547707020213
50 - 59,14.5622407564337,6.088042460193568,8.407296730743498,10.592747870300165,12.666696400695777,17.57281120378217,18.018821640426385,14.874448062084653,14.5622407564337
60 - 69,9.920169053768491,4.373092275181968,5.752524066682319,5.429678328246067,6.046020192533459,8.599436487438366,10.565860530640997,9.890819441183377,9.920169053768491
70 - 79,6.1918164104784585,2.987659666594501,3.377354405715523,1.9484736956051094,2.94436025113661,3.550552067547088,5.0227321931153925,4.459839792162806,6.1918164104784585
80+,5.365526492287056,3.6515388628064684,2.7572844474252927,3.502496460242939,4.247708473060586,2.7572844474252927,3.7260600640882333,4.843878083314703,5.365526492287056
