Altersgruppen,Fälle pro 1000 Personen,woche1,woche2,woche3,woche4,woche5,woche6,woche7,woche8
0 - 9,0.48463029631680976,0.06923289947382996,0.2307763315794332,0.36924213052709315,0.32308686421120647,0.48463029631680976,0.8077171605280162,0.9231053263177328,0.48463029631680976
10 - 19,1.3680224746549408,0.19543178209356296,0.7084402100891658,0.6107243190423843,1.0748748015145964,1.7100280933186758,2.2474654940759744,2.369610357884451,1.3680224746549408
20 - 29,3.7233442400992893,1.0530670578058594,1.2599195155891534,2.3505961111737936,2.895934408966114,3.949001466771973,6.261988040166987,4.83282560457332,3.7233442400992893
30 - 39,4.018072992213941,0.8169526000766936,1.8506477267043466,2.66760032678104,3.4678804248153523,4.901715600460161,6.318878274062588,5.368545657646843,4.018072992213941
40 - 49,3.3828768848742214,0.8817072731853025,1.457516104653255,2.465181559722172,2.879044157339763,4.030661820275668,5.5421600028790445,4.588476625760248,3.3828768848742214
50 - 59,3.782878851292618,0.9980361224686907,1.5775409677730916,2.3341167380316152,3.155081935546183,4.7648176169472976,5.730659025787966,5.199446250925598,3.782878851292618
60 - 69,3.904825248342595,1.5018558647471518,1.630586367439765,1.9738677079533997,3.1968074835332234,4.655753180716171,5.771417537385483,6.028878542770709,3.904825248342595
70 - 79,4.380399975832276,1.7521599903329104,2.205304815419008,2.175095160413268,2.6584496405051055,4.259561355809316,5.770044106096308,5.618995831067609,4.380399975832276
80+,5.065997397285741,1.2084030488938464,1.3478341699200596,3.299869864287042,2.4632831381297637,3.253392823944971,5.995538204127161,4.880089235917456,5.065997397285741
