Altersgruppen,Fälle pro 1000 Personen,woche1,woche2,woche3,woche4,woche5,woche6,woche7,woche8
0 - 9,0.0,4.6814044213263974,4.6814044213263974,2.860858257477243,1.3003901170351106,0.2600780234070221,0.0,0.5201560468140441,0.0
10 - 19,0.26709401709401714,15.224358974358974,12.286324786324785,6.143162393162393,2.136752136752137,1.3354700854700854,0.26709401709401714,0.5341880341880343,0.26709401709401714
20 - 29,0.0,30.993190889880253,14.32261094153557,11.505048133364639,3.521953510213665,2.817562808170932,1.643578304766377,0.9391876027236441,0.0
30 - 39,1.4090177133655395,35.628019323671495,25.966183574879228,16.505636070853463,7.0450885668276975,3.2206119162640903,1.4090177133655395,1.6103059581320451,1.4090177133655395
40 - 49,0.7927070947284979,21.601268331351562,19.619500594530322,11.890606420927467,5.1525961157352365,3.7653586999603648,2.179944510503369,2.179944510503369,0.7927070947284979
50 - 59,0.6553079947575361,27.359108781127127,18.676277850589777,12.123197903014416,4.750982961992136,4.095674967234601,1.965923984272608,2.1297509829619923,0.6553079947575361
60 - 69,1.034340091021928,22.13487794786926,22.548613984278028,9.929664873810509,4.137360364087712,4.551096400496483,3.3098882912701693,1.4480761274306992,1.034340091021928
70 - 79,0.8883624518803672,18.359490672194255,14.806040864672786,11.548711874444773,4.14569144210838,2.3689665383476455,0.2961208172934557,1.1844832691738227,0.8883624518803672
80+,2.0714655618850335,25.37545313309166,18.125323666494047,9.83946141895391,5.696530295183843,2.0714655618850335,2.589331952356292,1.0357327809425168,2.0714655618850335
