Altersgruppen,Fälle pro 1000 Personen,woche1,woche2,woche3,woche4,woche5,woche6,woche7,woche8
0 - 9,0.15236934328813043,0.4571080298643913,0.40170099594143477,0.2631834111340435,0.1385175848073913,0.15236934328813043,0.15236934328813043,0.1385175848073913,0.15236934328813043
10 - 19,0.9084249084249084,1.3772893772893773,1.1282051282051282,1.0256410256410255,0.923076923076923,0.63003663003663,0.6593406593406593,0.8205128205128205,0.9084249084249084
20 - 29,2.6942799319601196,2.719112005065743,1.825157373263307,1.6389168249711326,1.564420605654263,1.3036838380452194,1.7258290808408139,2.1231422505307855,2.6942799319601196
30 - 39,3.9359350873474823,2.9065366798873717,2.432206041155752,1.9175068374256965,1.725756153683127,1.5340054699405574,1.8266775661792163,3.007458092383461,3.9359350873474823
40 - 49,3.7046339319352,2.7418477123362215,2.3232450081627527,2.1453388588890285,1.590690275859182,1.8418518983632635,1.8523169659676,2.584871698271171,3.7046339319352
50 - 59,5.656550620545931,2.6515081033809054,2.297973689596785,2.4375267476694638,1.9537428130175092,1.8514039037642112,2.4282232104646186,3.693504270323577,5.656550620545931
60 - 69,5.177969645536614,2.5336383538730227,2.2753548323616957,2.140063463951,1.8817799424396724,2.2384571864315057,2.7427250141440975,3.8742528226699138,5.177969645536614
70 - 79,6.037762188950547,2.3383240847380726,2.0765713886853034,2.198722646843262,2.1463721076327085,1.9718703102641955,2.896729836317314,4.2229434963180115,6.037762188950547
80+,6.584845580733917,2.040374686987974,1.7312270071413114,1.6384827031873126,1.6384827031873126,1.4220793272946486,2.1022042229573064,3.833431230098618,6.584845580733917
