Altersgruppen,Fälle pro 1000 Personen,woche1,woche2,woche3,woche4,woche5,woche6,woche7,woche8
0 - 9,0.25115849685033664,0.42877959597422344,0.38691984649916733,0.38013177901672585,0.348454130765332,0.3292212728984143,0.3269585837376005,0.3246958945767866,0.25115849685033664
10 - 19,0.8952332612334895,1.0372598644460846,1.1071090135670332,1.0174692721951493,0.9837088501200241,1.0640353716091149,1.0512296942702744,0.8929049562627911,0.8952332612334895
20 - 29,1.8078643070372433,3.000782305114563,2.4811915946958933,2.1163104778288506,1.9421405580443152,1.935329443862797,2.0880930047911326,1.8409468616331883,1.8078643070372433
30 - 39,2.2622289050541173,4.081414741700313,3.3618681755629876,2.9052788262864784,2.749098176272175,2.616822727790673,2.5969017265133387,2.348287630572203,2.2622289050541173
40 - 49,2.565657353266879,4.3507509918799805,3.852218800055411,3.0791206257118184,2.8667674791110036,2.864278965674275,3.0185667987514297,2.5855654607607055,2.565657353266879
50 - 59,2.6753599197545865,5.5407180856792095,4.626880367258148,3.6307357162856957,3.144586357664391,3.00227997895404,3.1999704618111218,2.8238200878145743,2.6753599197545865
60 - 69,2.500965984239576,6.326566231208706,5.116942102486136,3.7660774583163925,3.0608837419051533,2.9287229738795846,2.944864747073547,2.7319951130781654,2.500965984239576
70 - 79,2.4393880574760662,7.351746056479356,6.169663737878619,4.282361854203579,3.2104281152906378,3.068040926913731,2.8181917095731204,2.720132608143741,2.4393880574760662
80+,4.021297196744825,7.133671054499382,6.101862975039567,4.406901037528576,3.3539059338498727,3.4068734943970913,3.9831605531508285,4.099689186354708,4.021297196744825
