Altersgruppen,Fälle pro 1000 Personen,woche1,woche2,woche3,woche4,woche5,woche6,woche7,woche8
0 - 9,4.57412667379837,16.636541370024712,11.80419786786676,13.83304437640636,22.354199712272678,20.952451215463498,16.56276513335055,10.365561252720498,4.57412667379837
10 - 19,7.691710045839484,27.076373242172323,19.34581617589931,22.764353974050188,44.09136819205967,43.08134566078782,33.75806075673996,18.607722787662187,7.691710045839484
20 - 29,7.797878976918279,24.17342482844666,18.714909544603866,20.773549594510293,42.233312538989395,40.76731129132876,31.815346225826573,15.72052401746725,7.797878976918279
30 - 39,9.042020351136184,25.72889755891812,18.95397268940792,17.68861707175621,38.32973058469974,37.35435229609321,34.691833183951076,19.191226867717614,9.042020351136184
40 - 49,9.154791567513087,23.06895489795347,19.23346118312383,15.873904644586913,30.963912763515214,38.298944539320814,35.24734735014978,20.801254234441053,9.154791567513087
50 - 59,9.150446112771832,15.265956233028318,12.071286767222691,13.120963877415969,24.553316751477535,31.878237455217583,31.581589576249915,17.89014900851151,9.150446112771832
60 - 69,7.635110110823054,9.942736674168827,8.20489444745164,9.145038602888807,16.096407509757555,22.07914304435771,24.95655394433207,14.700435885017521,7.635110110823054
70 - 79,6.053024494572455,4.9634800855494134,4.640652112505548,4.640652112505548,9.240950728380614,15.657156692627415,18.280133973608812,12.670997941971672,6.053024494572455
80+,6.187059830184953,8.03001382215494,7.437635753307444,7.108536826169947,7.700914895017442,15.270190219179886,16.06002764430988,14.41453300862239,6.187059830184953
