Altersgruppen,Fälle pro 1000 Personen,woche1,woche2,woche3,woche4,woche5,woche6,woche7,woche8
0 - 9,0.3258272391571936,0.20137933531243213,0.23758236188545362,0.3020690029686482,0.4321736297154442,0.38691984649916733,0.38013177901672585,0.348454130765332,0.3258272391571936
10 - 19,1.0523938467556235,0.6554178492515663,0.7415651331674028,0.9569333429569938,1.0372598644460846,1.1071090135670332,1.0174692721951493,0.982544697634675,1.0523938467556235
20 - 29,1.9168421339415334,1.4069815866393183,1.979115177886842,2.8412076300047096,3.001755321426208,2.4792455620726024,2.1163104778288506,1.9411675417326695,1.9168421339415334
30 - 39,2.5984954066155255,1.7936869550112076,2.784159138520284,4.016073857510656,4.079024221547033,3.3594776554097074,2.904481986235385,2.7475044961699884,2.5984954066155255
40 - 49,2.835246308912445,1.9949582717771888,2.8767215328579168,4.155817439336263,4.348262478443252,3.8513892955765012,3.0766321122750906,2.865937974632094,2.835246308912445
50 - 59,2.9784340452241977,2.3038248877702667,3.6207358085925363,5.325335458441922,5.5407180856792095,4.625341919920739,3.6307357162856957,3.1430479103269815,2.9784340452241977
60 - 69,2.908545757387131,2.455567247131557,3.8003787263535633,5.585053525111051,6.321521927085592,5.112906659187645,3.763050875842525,3.0588660202559077,2.908545757387131
70 - 79,3.045205245758944,2.768490521177408,4.338779419409523,6.4987662015799605,7.351746056479356,6.164290636430434,4.27833202811744,3.207741564566545,3.045205245758944
80+,3.3814490653344267,2.6356658128295907,4.02977200643238,6.271359168790666,7.1315523520774935,6.101862975039567,4.39842622784102,3.339075016896652,3.3814490653344267
