Altersgruppen,Fälle pro 1000 Personen,woche1,woche2,woche3,woche4,woche5,woche6,woche7,woche8
0 - 9,4.308084213680977,23.54461676781299,12.11882820109388,8.185360005993855,6.256087510301941,5.750355885217652,5.675432681501461,5.338278264778602,4.308084213680977
10 - 19,15.966792161405543,49.48354088232455,33.43952118930399,25.504392315860606,19.248962255043924,17.70441162274351,23.573704025485085,22.415291051259775,15.966792161405543
20 - 29,23.77586233106824,32.380170565968896,30.4799258144449,24.216719113421806,18.652802480959547,19.91456499597148,34.56925251972454,31.878505951566563,23.77586233106824
30 - 39,27.47130897599379,35.524200255031325,31.851194766313686,26.792149470532795,18.559073016577038,19.00260575483728,30.479015357321064,31.768032377889895,27.47130897599379
40 - 49,24.838646587130842,31.74412131971295,27.47145285772315,22.852758428741218,16.74464788096707,17.030495418917088,25.425386270291416,27.426319035941567,24.838646587130842
50 - 59,24.309406683455773,18.189647298302386,18.815976617038764,16.910891605882277,12.252567297780445,13.335595078095437,22.052011430510067,26.814723958401295,24.309406683455773
60 - 69,18.85025372066887,11.391887749889317,11.255661887409325,11.255661887409325,8.633314034669482,8.939822225249463,15.81922828048905,19.548411265878826,18.85025372066887
70 - 79,15.542373660734814,5.724927576217409,5.678944222191566,6.230744470501678,5.173127327907297,6.368694532579207,9.058720743091001,13.772014530739874,15.542373660734814
80+,13.50418169262641,3.8747794061229186,5.064068134734904,4.335149236553365,3.7980511010511777,3.9131435586587893,7.059004066600169,14.808562878846006,13.50418169262641
