Altersgruppen,Fälle pro 1000 Personen,woche1,woche2,woche3,woche4,woche5,woche6,woche7,woche8
0 - 9,39.38170831988486,10.299919138050395,9.142304485728266,6.598973771759449,7.0665816608747924,10.882718238874638,19.778673202532385,36.603433154311745,39.38170831988486
10 - 19,50.819425119305755,13.386729574407473,11.557413907978594,10.685134043870615,16.23193933358289,31.9412170481861,36.380309312087846,48.483928155216375,50.819425119305755
20 - 29,32.823315679864066,7.443162443383995,7.844844692496345,13.102354801981248,24.29166177006051,44.41141509670235,32.77129927350419,33.8174070014083,32.823315679864066
30 - 39,39.489072818384365,8.521351640484866,8.655679158321469,10.864441816880223,17.93714759135478,27.68514273304216,28.415498339004046,37.242505409296754,39.489072818384365
40 - 49,34.82463667635752,8.946488363905425,8.477066144420576,9.272753452625393,14.98821866752339,22.48815416358366,25.140722627232982,32.824598390148125,34.82463667635752
50 - 59,19.648851636005908,5.72623236387401,5.5160883343891856,6.2819978924016375,11.638746248390243,17.02782445506882,17.147906757631578,19.587270968025006,19.648851636005908
60 - 69,12.266190285673524,4.166266064160498,3.794093413267748,4.085628656467068,7.315260215880814,9.273301884744333,9.77987021512613,11.533216925998637,12.266190285673524
70 - 79,6.236531983103113,2.6803644969835716,2.3028866194955104,2.2472154217364797,3.854890986289949,4.695390289042144,4.630214252641327,5.542678762252756,6.236531983103113
80+,5.895843016088102,2.993744122158725,2.4329626065648533,2.3325892613612806,3.417057795408574,4.20040629384515,4.7480956339776865,5.485621518299588,5.895843016088102
