Altersgruppen,Fälle pro 1000 Personen,woche1,woche2,woche3,woche4,woche5,woche6,woche7,woche8
0 - 9,0.8077171605280162,0.9231053263177328,0.48463029631680976,0.6230960952644696,0.576940828948583,0.48463029631680976,0.5538631957906397,0.5307855626326964,0.8077171605280162
10 - 19,0.4885794552339074,2.369610357884451,1.3680224746549408,0.8794430194210333,1.1481617197996825,0.9038719921827287,0.7817271283742518,0.8305850738976426,0.4885794552339074
20 - 29,1.560795817819399,4.83282560457332,3.7233442400992893,2.482229493399526,1.9556959644965963,1.9368911956072061,1.7300387378239122,1.391552897814886,1.560795817819399
30 - 39,1.9506827389586356,5.368545657646843,4.018072992213941,2.8843428533319995,2.2174427716367395,2.3508227879757917,2.100735257340069,1.8839927307891096,1.9506827389586356
40 - 49,1.94335480620434,4.588476625760248,3.4008709108575954,2.591139741605787,2.0873070140713286,2.465181559722172,2.177277143988196,1.763414546370605,1.94335480620434
50 - 59,1.754611892727214,5.199446250925598,3.766781494478607,3.2677634332442613,2.076559029007437,2.092656385821448,2.1248510994494705,1.8511960336112812,1.754611892727214
60 - 69,1.630586367439765,6.028878542770709,3.9262803321246964,2.939346478147997,2.1884185457744216,2.381514299813341,1.909502456607093,1.9524126241712976,1.630586367439765
70 - 79,2.175095160413268,5.618995831067609,4.380399975832276,2.930336535556764,2.235514470424748,2.386562745453447,1.8729986103558696,1.84278895535013,2.175095160413268
80+,1.3943112102621305,4.880089235917456,5.158951477969882,3.3928239449711843,1.6266964119724856,1.7196504926566276,1.3943112102621305,1.8126045733407696,1.3943112102621305
