Altersgruppen,Fälle pro 1000 Personen,woche1,woche2,woche3,woche4,woche5,woche6,woche7,woche8
0 - 9,0.24933165265330431,12.979097696452564,8.920532461596,4.958929536104608,1.8976909118612608,0.9142160597287826,0.3601457204992174,0.1800728602496087,0.24933165265330431
10 - 19,0.9523809523809523,36.82051282051282,29.06959706959707,13.948717948717949,6.183150183150183,2.3150183150183152,1.1282051282051282,0.9523809523809523,0.9523809523809523
20 - 29,1.8748215194745532,38.29105672887101,31.934046013831466,18.561974646453358,8.666393513862504,5.040910840441514,3.550986454104121,2.781192187829801,1.8748215194745532
30 - 39,2.361561052408489,36.42253776983863,32.597616236236846,20.143913934219423,10.152694097106583,5.338742721043124,3.7643686861041306,2.8459838323897184,2.361561052408489
40 - 49,1.9778977772196409,33.551006739503535,31.45799321863619,18.14642722591988,9.219724559420655,5.211603666959689,3.5790531206831595,2.49068608983214,1.9778977772196409
50 - 59,2.3910090616452373,28.738626425767077,29.771319055504904,18.47682488882273,9.666375155834247,5.321623281171501,4.2703235770239845,2.9585248311407994,2.3910090616452373
60 - 69,1.9432760189899885,19.998524094162793,21.351437778269744,13.861215654441247,7.650111922859321,4.353922219762379,3.2838904877868793,3.013307750965488,1.9432760189899885
70 - 79,1.3960143789481032,13.017834083691062,15.356158168429134,11.569469165532404,5.723658953687224,3.9611908002652427,2.896729836317314,2.181272467106411,1.3960143789481032
80+,1.6693974711719788,10.78925402664853,12.829628713636504,8.903453179583886,5.0391071815006026,3.3078801743592914,2.504096206757968,1.8858008470646428,1.6693974711719788
