Altersgruppen,Fälle pro 1000 Personen,woche1,woche2,woche3,woche4,woche5,woche6,woche7,woche8
0 - 9,0.3182014660077577,9.587102233911153,9.16853614780059,6.021877206168319,2.5684218689945175,1.2990375261033549,0.8245865947082754,0.4710294102552112,0.3182014660077577
10 - 19,0.8699255324909535,24.2201865101507,21.67397686633753,12.901737261300203,6.247218945777388,2.6215482555579883,1.8187211741522642,1.0359059114912572,0.8699255324909535
20 - 29,2.0450153833705476,30.398773183423337,25.00255265697877,15.356399077575727,8.301433148321893,5.038848549416549,3.49184209360256,2.694257196084513,2.0450153833705476
30 - 39,2.3519380967319,29.16194107285056,27.056940389147623,17.969321847124025,9.819582860773952,6.271566805820323,4.55104847855988,3.2487954762996387,2.3519380967319
40 - 49,2.1864754797636574,25.678394176501087,25.18483499892216,17.039027796620328,9.26359805472764,5.621414309221067,4.164873734578356,2.9505350497762337,2.1864754797636574
50 - 59,2.4547593773886565,23.803237449667428,24.111910547921692,16.279619339100876,9.12548523641973,5.7631807646625495,4.50462586280289,3.227596760548961,2.4547593773886565
60 - 69,2.2216639632458834,17.719553434171445,18.930148362492027,13.319645650283833,7.574747258586592,5.087393375120051,4.10010203733512,3.019767536827001,2.2216639632458834
70 - 79,2.149451367135255,12.360363736596481,14.420198053680613,10.710595315200816,6.322075530879184,4.274461720620204,3.8046511248976533,2.6925850038087247,2.149451367135255
80+,2.3304072321177247,11.401102797579693,13.70314364953119,10.827229106524486,7.028316193493626,4.820102599015032,4.014933808142897,3.3908734444859028,2.3304072321177247
