Altersgruppen,Fälle pro 1000 Personen,woche1,woche2,woche3,woche4,woche5,woche6,woche7,woche8
0 - 9,0.12621481761958855,4.228196390256216,3.0291556228701246,1.5776852202448568,0.4417518616685599,0.6941814969077369,0.2524296352391771,0.1893222264293828,0.12621481761958855
10 - 19,0.06556087327083196,14.357831246312202,9.440765750999802,4.392578509145742,2.032387071395791,1.9668261981249593,1.1145348456041435,0.6556087327083197,0.06556087327083196
20 - 29,0.54333061668025,17.006248302091823,11.681608258625374,6.791632708503124,3.1513175767454493,2.2276555283890245,1.1953273566965499,0.8149959250203749,0.54333061668025
30 - 39,1.1891694109037687,20.032930845225025,14.635931211123308,7.638126600804976,3.9791437980241495,3.5217709476765457,1.6008049762166119,1.0976948408342482,1.1891694109037687
40 - 49,0.5258545135845749,19.36897458369851,12.532865907099035,7.405784399649431,4.601226993865031,2.629272567922875,2.4539877300613497,1.446099912357581,0.5258545135845749
50 - 59,0.9607567807257409,19.76941837262582,13.118025275293771,7.020914936072722,4.545118616510236,2.771413790555022,2.8822703421772227,1.2194220678442096,0.9607567807257409
60 - 69,1.0662604722010662,18.075653719218074,11.779639502411781,5.9913683676059915,3.5542015740035544,2.3863924854023866,1.6247778624016247,0.7108403148007107,1.0662604722010662
70 - 79,0.6674577276772471,11.865915158706615,9.196084247997627,4.9688519727083955,2.7439928804509046,2.3731830317413234,1.6315633343221596,1.1124295461287452,0.6674577276772471
80+,0.7763975155279502,11.51656314699793,9.446169772256727,5.046583850931677,4.399585921325052,2.199792960662526,1.5527950310559004,1.8115942028985508,0.7763975155279502
