Altersgruppen,Fälle pro 1000 Personen,woche1,woche2,woche3,woche4,woche5,woche6,woche7,woche8
0 - 9,8.0339548279521,38.80551765954222,22.81340003031681,6.366530241018645,3.1074730938305293,3.865393360618463,5.608609974230711,9.852963468243141,8.0339548279521
10 - 19,22.975929978118163,51.734917161613005,44.1544232572679,14.53579243513598,10.472022507033447,12.660206314473273,24.69521725539231,30.63457330415755,22.975929978118163
20 - 29,21.92850705917693,31.315710423550616,28.086512466206067,18.774406728747373,15.620306398317814,16.521477921297688,31.766296185040552,32.1417843196155,21.92850705917693
30 - 39,27.75523453984743,35.70848888167506,31.921224909376182,20.667640534545257,12.822593734783315,12.389763566520587,25.536979927500944,32.89509278796732,27.75523453984743
40 - 49,25.22735446745106,32.52324924215178,26.97425885012588,18.085598314751067,12.228330678723733,12.022812516056106,20.91147305143092,30.3139289934748,25.22735446745106
50 - 59,24.945149289325574,17.50453114566441,17.74301249642278,10.827053324430029,8.2991510063913,9.825431651244873,20.843270056281597,30.621005437374794,24.945149289325574
60 - 69,20.524355099458777,11.949110845575316,11.175933084979263,9.13755535249877,7.310044281999016,6.958599845364448,14.620088563998031,24.601110564419766,20.524355099458777
70 - 79,16.993590988541463,4.952417945232084,5.1466304136725585,6.214798990095164,4.078461837249951,5.243736647892795,10.7787919984463,15.53699747523791,16.993590988541463
80+,13.716741034539746,5.123120145430507,3.305238803503553,3.1399768633283753,5.784167906131217,3.305238803503553,5.288382085605686,9.75045447033548,13.716741034539746
