Altersgruppen,Fälle pro 1000 Personen,woche1,woche2,woche3,woche4,woche5,woche6,woche7,woche8
0 - 9,0.3739974789799565,11.275331403321651,14.281162993642043,12.979097696452564,8.920532461596,4.986633053066087,1.8976909118612608,0.9003643012480435,0.3739974789799565
10 - 19,1.142857142857143,21.5970695970696,34.46153846153846,36.82051282051282,29.06959706959707,13.948717948717949,6.183150183150183,2.285714285714286,1.142857142857143
20 - 29,3.5634024906569324,20.01465092313232,35.31120795619622,38.29105672887101,31.934046013831466,18.561974646453358,8.666393513862504,5.040910840441514,3.5634024906569324
30 - 39,3.7744608273537397,19.41727976424758,30.629648692563098,36.42253776983863,32.597616236236846,20.143913934219423,10.152694097106583,5.338742721043124,3.7744608273537397
40 - 49,3.5895181882874962,18.104566955502534,28.538239357026246,33.551006739503535,31.46845828624053,18.14642722591988,9.219724559420655,5.211603666959689,3.5895181882874962
50 - 59,4.27962711422883,12.866791954301027,20.54221014829838,28.738626425767077,29.762015518300057,18.47682488882273,9.657071618629402,5.321623281171501,4.27962711422883
60 - 69,3.2592920571667525,7.52711976975869,13.123262735837454,19.998524094162793,21.351437778269744,13.83661722382112,7.650111922859321,4.353922219762379,3.2592920571667525
70 - 79,2.896729836317314,4.60684745052874,7.294175130003839,13.017834083691062,15.356158168429134,11.552018985795554,5.723658953687224,3.9611908002652427,2.896729836317314
80+,2.5350109747426344,4.049834605991282,6.646675116703249,10.78925402664853,12.829628713636504,8.903453179583886,5.0391071815006026,3.3078801743592914,2.5350109747426344
