Altersgruppen,Fälle pro 1000 Personen,woche1,woche2,woche3,woche4,woche5,woche6,woche7,woche8
0 - 9,5.048592704783542,22.971096806765114,34.141108166098704,21.835163448188815,20.951659724851698,11.233118768143381,5.2379149312129245,2.966048214060331,5.048592704783542
10 - 19,14.554513866124696,35.92735855241592,48.44948534714483,42.94237199239494,39.270963089228346,23.798596997312007,13.833344260145545,19.078214121812103,14.554513866124696
20 - 29,27.492529204020645,30.209182287421896,35.31649008421624,29.013854930725348,22.167889160554196,16.897582178755773,16.897582178755773,33.30616680249932,27.492529204020645
30 - 39,26.207464324917673,30.826930113428467,39.79143798024149,32.153311379436516,28.448591291620932,18.75228686425174,17.014270032930842,28.72301500182949,26.207464324917673
40 - 49,23.006134969325153,25.810692375109554,31.68273444347064,29.842243645924626,26.599474145486415,18.886941279579315,13.453111305872042,21.253286590709905,23.006134969325153
50 - 59,24.684058827876726,16.25896090458946,20.730175153351563,17.071908949818937,16.850195846574533,13.007168723671569,12.933264355923434,20.693222969477496,24.684058827876726
60 - 69,21.78217821782178,12.592028433612592,14.369129220614369,12.947448591012947,10.408733181010408,8.631632394008632,8.225437928408226,13.505965981213507,21.78217821782178
70 - 79,14.313260160189854,4.820528033224562,5.710471670127559,7.045387125482053,6.377929397804806,4.375556214773064,5.784633639869475,7.638682883417384,14.313260160189854
80+,13.457556935817806,3.3643892339544514,5.434782608695652,6.728778467908903,6.858178053830228,4.787784679089027,5.822981366459627,8.152173913043478,13.457556935817806
