Altersgruppen,Fälle pro 1000 Personen,woche1,woche2,woche3,woche4,woche5,woche6,woche7,woche8
0 - 9,0.18730800929047725,0.22476961114857272,0.2622312130066682,0.31842361579381134,0.31842361579381134,0.24350041207762044,0.31842361579381134,0.1311156065033341,0.18730800929047725
10 - 19,0.8301959648614731,0.5212858384013901,1.0425716768027802,1.4094024519741288,2.4326672458731537,2.6450429578144607,1.023264793899025,0.926730379380249,0.8301959648614731
20 - 29,2.15867803773126,1.7634271294142685,2.493121113999483,3.3140268466578497,7.129718307718035,5.731138170596373,3.4508444687675772,1.7330232133898846,2.15867803773126
30 - 39,2.148361700948051,2.148361700948051,2.5641736430670288,3.298774740810556,6.75001386039807,5.059045295780894,3.4512391195875143,2.494871652713866,2.148361700948051
40 - 49,1.8655313003054055,1.654906798658021,2.091200409213317,3.309813597316042,4.7240066798056235,4.528426785418767,3.339902811837097,2.5274940197686138,1.8655313003054055
50 - 59,2.0877643957879353,2.10081292326161,2.4009290551561255,3.927606769576053,4.658324308101831,5.532575648838029,4.058092044312799,2.4922687474718477,2.0877643957879353
60 - 69,2.0263597043898787,1.9752750059598814,2.383952593399857,3.6099853557197834,4.3592275993597385,5.278752171099684,3.8143241494397713,2.7756019480298333,2.0263597043898787
70 - 79,1.839334161033706,1.632409067917414,2.2531843472662896,3.494734905964041,3.540718259989884,4.966202234791005,3.402768197912356,2.7590012415505587,1.839334161033706
80+,1.6496585590424306,1.9182076267935242,2.0333000844011355,3.3760454231566026,3.2993171180848613,5.217524744878386,3.7980511010511777,3.030768050333768,1.6496585590424306
