Altersgruppen,Fälle pro 1000 Personen,woche1,woche2,woche3,woche4,woche5,woche6,woche7,woche8
0 - 9,0.07512583577492299,0.07512583577492299,0.15025167154984598,0.30050334309969196,0.375629178874615,0.375629178874615,0.225377507324769,0.07512583577492299,0.07512583577492299
10 - 19,0.07759155803848541,0.6983240223463687,1.1638733705772812,1.3966480446927374,0.8535071384233395,0.8535071384233395,0.31036623215394166,0.5431409062693978,0.07759155803848541
20 - 29,0.5307855626326964,1.7440097057931452,2.72975432211101,2.8814073400060662,1.8198362147406735,2.1231422505307855,0.9857446163178648,0.45495905368516837,0.5307855626326964
30 - 39,1.2362932702644593,2.7413459471081487,2.31133089658138,2.5800903031606106,2.2575790152655344,1.8275639647387658,1.4513007955278434,1.2362932702644593,1.2362932702644593
40 - 49,1.1308147005911076,3.1354407607298893,3.238242097147263,4.112053456694937,3.186841428938576,2.8784374196864557,1.3364173734258546,1.2850167052171677,1.1308147005911076
50 - 59,0.9491718475630013,3.3221014664705044,2.894974135067154,4.176356129277205,2.6102225807982533,1.8508851027478526,1.6135921408571021,1.2813819942100517,0.9491718475630013
60 - 69,0.682640453273261,4.437162946276196,2.730561813093044,3.413202266366305,2.9353539490750222,1.9113932691651307,1.5700730425285,1.0239606799098915,0.682640453273261
70 - 79,0.969743987587277,3.975950349107835,3.0062063615205585,2.4243599689681923,2.2304111714507373,1.8425135764158262,1.7455391776570985,0.969743987587277,0.969743987587277
80+,2.3775558725630055,2.060548422887938,3.962593120938342,3.3285782215882076,2.8530670470756063,3.01157077191314,3.645585671263275,2.060548422887938,2.3775558725630055
