Altersgruppen,Fälle pro 1000 Personen,woche1,woche2,woche3,woche4,woche5,woche6,woche7,woche8
0 - 9,0.3033060357901122,0.6066120715802245,0.7414147541536077,0.5729114009368786,0.3033060357901122,0.3033060357901122,0.37070737707680385,0.6066120715802245,0.3033060357901122
10 - 19,1.309328968903437,2.000363702491362,3.1642116748499727,4.109838152391344,1.6730314602655028,0.8001454809965448,1.2002182214948172,1.3820694671758502,1.309328968903437
20 - 29,1.5217521035984962,4.923315629289252,7.131348093334129,8.891806409261802,4.565256310795489,2.2378707405860236,1.730620039386525,1.5814286566807902,1.5217521035984962
30 - 39,1.9504388487409667,4.776074616788777,6.176389687679729,7.251631617113851,4.37598459653422,3.200720162036458,2.2505063639318847,3.200720162036458,1.9504388487409667
40 - 49,2.010432514670724,5.053249293631819,6.411649641382309,5.732449467507064,3.8850249945663986,3.1514888067811344,2.41795261899587,2.6896326885459683,2.010432514670724
50 - 59,2.2300521832210873,4.683109584764283,6.2441461130190445,5.64203202354935,4.794612193925338,3.1220730565095223,2.475357923375407,2.653762098033094,2.2300521832210873
60 - 69,1.9664240432026299,4.607889175862878,4.7839868513735615,5.3416294904907256,3.4339046724583238,3.551303122798779,1.7022775299366049,1.9957736557877437,1.9664240432026299
70 - 79,2.3814678501840225,3.94024680666811,4.459839792162806,5.499025763152197,3.593851483004979,3.29075557479974,2.035072526520892,2.2082701883524574,2.3814678501840225
80+,2.012072434607646,3.1298904538341157,4.247708473060586,4.992920485878233,3.0553692525523513,2.7572844474252927,1.4904240256352934,2.1611148371711755,2.012072434607646
