Altersgruppen,Fälle pro 1000 Personen,woche1,woche2,woche3,woche4,woche5,woche6,woche7,woche8
0 - 9,24.734176320108396,9.142304485728266,6.598973771759449,7.0665816608747924,10.882718238874638,19.780954216625627,36.60571416840499,39.60752871511616,24.734176320108396
10 - 19,37.98007764585673,11.557413907978594,10.685134043870615,16.233116499391407,31.95063437465421,36.38619514113041,48.48863681845043,51.28205128205128,37.98007764585673
20 - 29,28.186149379559865,7.844844692496345,13.103318068765688,24.29166177006051,44.42104776454677,32.77804214099528,33.81837026819274,33.15082638657437,28.186149379559865
30 - 39,31.849295785976853,8.655679158321469,10.865246173274453,17.935538878566316,27.692381940590238,28.419520120975204,37.24572283487368,39.82609814756723,31.849295785976853
40 - 49,28.53487832060039,8.477066144420576,9.272753452625393,14.98821866752339,22.48898647248345,25.145716480631755,32.82543069904792,35.099298613290145,28.53487832060039
50 - 59,17.07554947275402,5.515318576039424,6.2819978924016375,11.638746248390243,17.02936397176834,17.150985791030624,19.58958024307429,19.82666581480076,17.07554947275402
60 - 69,11.068001112382701,3.794093413267748,4.086662469386216,7.315260215880814,9.278470949340065,9.780904028045276,11.53528455183693,12.386112584294521,11.068001112382701
70 - 79,5.913367469282399,2.3028866194955104,2.2472154217364797,3.854890986289949,4.695390289042144,4.6274985844579595,5.541320928161072,6.277267005853623,5.913367469282399
80+,5.959121864151223,2.4329626065648533,2.3325892613612806,3.417057795408574,4.196042235358038,4.7480956339776865,5.487803547543144,5.959121864151223,5.959121864151223
