Altersgruppen,Fälle pro 1000 Personen,woche1,woche2,woche3,woche4,woche5,woche6,woche7,woche8
0 - 9,10.588467420845959,7.068862674968037,10.882718238874638,19.792359287091855,36.62852430933745,39.56076792620463,25.60780471782145,16.601220570641296,10.588467420845959
10 - 19,18.20722356026736,16.233116499391407,31.95534303788826,36.39796679921554,48.5133573004292,51.05956694424236,38.80173938019866,27.422077509305495,18.20722356026736
20 - 29,16.44200074364196,24.29166177006051,44.42104776454677,32.79827074346857,33.81933353497718,32.914826024386066,28.60035409686996,22.03665422768159,16.44200074364196
30 - 39,17.329858513710256,17.93795194774901,27.702034217321014,28.43802031804252,37.2489402604506,39.62581340540366,32.58608624309259,24.10253935313659,17.329858513710256
40 - 49,15.53587792358905,14.991547903122575,22.493980325882227,25.167356512026448,32.830424552446694,34.95947071812444,29.275633241418685,21.655012954888026,15.53587792358905
50 - 59,10.962128658950096,11.640285765089766,17.032443005167387,17.162532166277042,19.59958710162119,19.74199239632702,17.466586714432736,14.11274958452293,10.962128658950096
60 - 69,7.715345815590519,7.314226402961667,9.282606201016652,9.78917453139845,11.539419803513516,12.331320499579755,11.309913335462989,9.564837127943653,7.715345815590519
70 - 79,4.9167172459865816,3.8589644885650003,4.695390289042144,4.632929920824695,5.542678762252756,6.247394655836582,6.005700187516888,5.61464396911199,4.9167172459865816
80+,5.018667260178621,3.4192398246521303,4.20040629384515,4.7480956339776865,5.498713693760924,5.908935191549437,5.978760127343227,5.948211717933444,5.018667260178621
