Altersgruppen,Fälle pro 1000 Personen,woche1,woche2,woche3,woche4,woche5,woche6,woche7,woche8
0 - 9,0.28596718186151016,0.14979233335602912,0.14979233335602912,0.13617484850548106,0.14979233335602912,0.2723496970109621,0.24511472730986586,0.24511472730986586,0.28596718186151016
10 - 19,1.4095446307856054,0.6184736645283779,0.6472398814831861,0.8054540747346316,0.8917527255990564,1.049966918850502,1.1074993527601185,1.265713546011564,1.4095446307856054
20 - 29,2.6448394294166313,1.31615232269548,1.742334979568302,2.1434480683897816,2.7075133495449877,3.24650906264885,2.544561157211261,2.33146982877485,2.6448394294166313
30 - 39,2.888446215139442,1.5139442231075697,1.8027888446215141,2.9681274900398407,3.904382470119522,3.7549800796812747,3.50597609561753,3.266932270916335,2.888446215139442
40 - 49,3.418538600568035,1.817712367673638,1.8280402788536019,2.5509940614510715,3.6870642912470952,4.358378517944746,3.9246062483862634,3.170668732248903,3.418538600568035
50 - 59,3.887214968567496,1.859911468214113,2.4271844660194173,3.6919242644050145,5.654130863370904,5.970315812967303,5.365844585797715,3.887214968567496,3.887214968567496
60 - 69,2.963458643022728,2.174796262218292,2.664722892718017,3.764070453839352,5.030710035131324,6.142007026264847,5.389192935496977,3.5370312836077717,2.963458643022728
70 - 79,3.046588847430938,1.9340704480881798,2.841200835244583,4.141991579091501,5.9220210180399135,7.0687707527470645,6.110293362544073,4.398726594324444,3.046588847430938
80+,2.9870362626202285,1.374036680805305,2.031184658581755,3.703924965649083,6.451998327259693,6.720831590895513,5.436405997968815,4.988350558575781,2.9870362626202285
