Altersgruppen,Fälle pro 1000 Personen,woche1,woche2,woche3,woche4,woche5,woche6,woche7,woche8
0 - 9,13.246561432659465,37.73193021323733,35.60878796270654,27.46238345795255,28.039324286901135,18.4851841595126,6.66943598264562,9.923382257915629,13.246561432659465
10 - 19,26.28557469158422,59.75326737510687,59.069256137779405,48.931232441675824,41.01624526688653,25.406131672163184,12.727494808843288,25.01526810797606,26.28557469158422
20 - 29,38.47455714769266,33.754560156455675,33.60412200534056,31.479183120839444,28.056715182970404,19.914250253864378,18.127797209372297,50.58482831246004,38.47455714769266
30 - 39,40.43081745277514,35.8625518931626,37.9466146484603,33.611764117441105,30.79411127227863,22.99138031644409,19.073342336484437,47.11649077177012,40.43081745277514
40 - 49,34.00870910857595,35.10634469356174,35.55619534314607,30.841760535502214,27.96271637816245,20.09932702342822,15.90671896930219,34.890416381761256,34.00870910857595
50 - 59,35.02784842728824,19.622677956279578,20.07340394707189,19.397314960883424,17.739287209040274,13.553974437397379,13.393000869257268,34.8346801455201,35.02784842728824
60 - 69,28.621081765324295,11.435559655860455,12.100667253105623,10.963547812654209,10.191164796498532,9.740608037074384,10.126799545152224,23.428951490055567,28.621081765324295
70 - 79,20.633194368920307,5.256479970998732,5.286689626004471,5.196060660987252,5.951302036130747,4.984593075947072,5.437737901033171,11.811975107244274,20.633194368920307
80+,18.079568693065628,5.251905558654025,6.785647889942369,6.599739728574084,5.670198921732664,5.670198921732664,4.880089235917456,7.994050938836215,18.079568693065628
