Altersgruppen,Fälle pro 1000 Personen,woche1,woche2,woche3,woche4,woche5,woche6,woche7,woche8
0 - 9,0.8998600597853794,0.3067963955415298,0.18020011336640043,0.13229881740824334,0.16993554994679536,0.23494445160429425,0.41856608611056306,0.6546510447614801,0.8998600597853794
10 - 19,2.5803474522600407,0.5261931164052182,0.396704877468811,0.2931142863196853,0.4284883542986564,0.7333742987034696,1.1030043625764863,1.6503864635349348,2.5803474522600407
20 - 29,5.407779727857868,1.1877079452170916,0.9035442438066762,0.7224500883315641,1.2898142243679525,1.8282803568710784,3.1344701165745463,3.6738995158621144,5.407779727857868
30 - 39,6.516091149666594,1.6457131825969449,1.2395132035102112,1.0022280672120203,1.588603878606533,2.3342422560588147,3.6734956524536893,4.765007279425368,6.516091149666594
40 - 49,6.0109348743255175,1.504814490830869,1.1244493236241726,0.880582815983993,1.3250357684749687,2.058299909195099,3.1894077040176385,4.275570818251202,6.0109348743255175
50 - 59,6.334341460185404,1.6164925344986447,1.2539363517610915,0.9275588114623177,1.4948707152363658,2.2084367054650533,3.326125829318402,4.559278705635939,6.334341460185404
60 - 69,5.710782565365407,1.5672603854261324,1.1971553603716765,1.0400157966614045,1.3822078728989045,1.9508049784294934,2.981516458818579,4.182807070866842,5.710782565365407
70 - 79,5.299626459841377,1.4759656576601532,1.2288398529737246,0.9762827119205614,1.2926580552828573,1.7855518305640308,2.750971869751123,3.892910340857092,5.299626459841377
80+,5.0841281374852985,1.4903259733486949,1.1652036160588624,0.7309797965912339,1.1913879669815335,1.5776071430909318,2.7078982912528993,3.982203369489558,5.0841281374852985
