Altersgruppen,Fälle pro 1000 Personen,woche1,woche2,woche3,woche4,woche5,woche6,woche7,woche8
0 - 9,0.2767017155506364,0.5534034311012728,0.0,0.0,0.0,0.0,0.5534034311012728,0.2767017155506364,0.2767017155506364
10 - 19,0.5330490405117271,0.26652452025586354,0.7995735607675906,0.26652452025586354,0.26652452025586354,0.26652452025586354,0.0,0.0,0.5330490405117271
20 - 29,0.46157396722824834,1.384721901684745,0.6923609508423725,0.46157396722824834,0.9231479344564967,1.1539349180706207,0.6923609508423725,1.1539349180706207,0.46157396722824834
30 - 39,1.0782833728703904,0.43131334914815617,0.43131334914815617,0.6469700237222342,0.8626266982963123,2.3722234203148584,3.234850118611171,0.8626266982963123,1.0782833728703904
40 - 49,1.9214346712211785,1.9214346712211785,0.6404782237403929,1.067463706233988,1.7079419299743808,1.4944491887275833,1.4944491887275833,0.8539709649871904,1.9214346712211785
50 - 59,1.4474398407816176,1.0855798805862131,1.4474398407816176,1.0855798805862131,1.4474398407816176,1.2665098606839154,1.990229781074724,2.894879681563235,1.4474398407816176
60 - 69,3.1393888656341566,1.6743407283382168,0.6278777731268314,0.8371703641691084,1.6743407283382168,1.883633319380494,3.1393888656341566,2.7208036835496023,3.1393888656341566
70 - 79,4.450625869262866,0.8344923504867872,1.1126564673157164,0.2781641168289291,1.6689847009735743,1.9471488178025036,2.225312934631433,2.225312934631433,4.450625869262866
80+,2.8208744710860367,0.9402914903620122,0.9402914903620122,0.4701457451810061,0.9402914903620122,0.9402914903620122,0.9402914903620122,1.4104372355430184,2.8208744710860367
