Altersgruppen,Fälle pro 1000 Personen,woche1,woche2,woche3,woche4,woche5,woche6,woche7,woche8
0 - 9,7.968722734753417,19.792359287091855,36.6262432952442,39.559627419158005,25.61692877419443,16.606923105874408,10.59302944903245,8.231039355476657,7.968722734753417
10 - 19,19.878799008355525,36.39796679921554,48.506294305578116,51.06780710490195,38.80880237504974,27.4314948357736,18.217818052543972,16.364959069944838,19.878799008355525
20 - 29,26.409885429048657,32.79634420989969,33.81933353497718,32.91675255795494,28.610950031498824,22.05110322944822,16.455486478624145,17.29352858108876,26.409885429048657
30 - 39,22.89359169260716,28.440433387225212,37.2513533296333,39.63063954376905,32.59010802506374,24.108169847896207,17.343532572412187,16.579393997892584,22.89359169260716
40 - 49,19.233826365381944,25.167356512026448,32.83208917024629,34.961135335924034,29.285620948216238,21.661671426086393,15.550027174885578,14.621170442713428,19.233826365381944
50 - 59,16.041764009024646,17.16176240792728,19.59958710162119,19.745841188075826,17.469665747831783,14.121216926370304,10.969826242447708,11.125317429099482,16.041764009024646
60 - 69,11.058696796110382,9.787106905560156,11.539419803513516,12.333388125418049,11.307845709624694,9.566904753781946,7.718447254347958,7.7246501318628376,11.058696796110382
70 - 79,6.901870688028112,4.632929920824695,5.542678762252756,6.246036821744899,6.0111315238836225,5.616001803203673,4.922148582353317,4.912643743711531,6.901870688028112
80+,6.275516104466832,4.7480956339776865,5.498713693760924,5.904571133062325,5.972214039612559,5.967849981125447,5.047033640344848,4.931386090436384,6.275516104466832
