Altersgruppen,Fälle pro 1000 Personen,woche1,woche2,woche3,woche4,woche5,woche6,woche7,woche8
0 - 9,0.2960769800148038,0.1480384900074019,0.25906735751295334,0.2775721687638786,0.3700962250185048,0.44411547002220575,0.22205773501110287,0.1850481125092524,0.2960769800148038
10 - 19,0.574360545259611,0.6509419512942257,0.6126512482769183,0.8615408178894164,0.8998315209067238,0.8423954663807628,0.5552151937509573,0.7083780058201868,0.574360545259611
20 - 29,1.0774203478528552,2.4318916422964447,2.031706941665384,2.2933661690010774,2.2010158534708326,1.446821609973834,1.2005541018931816,1.36986301369863,1.0774203478528552
30 - 39,1.3984494861037569,3.0412882027887527,2.905516408021398,2.769744613254043,3.516489484474495,2.321697690521771,1.6292615372082604,1.6699930756384669,1.3984494861037569
40 - 49,1.3180756096099695,3.2202983643879937,3.5348391348631,3.355101551734468,3.639686058354802,2.0370259421244983,2.2916541848900605,1.902222754778024,1.3180756096099695
50 - 59,1.6492362465477297,4.0052880273302005,3.9005746148509797,3.6911477898925376,3.4424534352543885,2.2906058979829576,1.9371981308655872,1.7801280121467558,1.6492362465477297
60 - 69,1.506896951431552,4.239182632598652,4.719402540197718,3.990793025219825,3.692725496365232,2.450777459471096,2.003676166189207,1.6890493301760254,1.506896951431552
70 - 79,1.7015291074912655,5.059213212940696,5.218022596306548,5.649076636871001,3.811425200780435,2.8131947910522257,2.291392531421571,1.2931621216933618,1.7015291074912655
80+,1.6467065868263473,5.014970059880239,4.790419161676646,4.303892215568863,3.3308383233532934,2.5074850299401197,1.9461077844311379,1.7964071856287425,1.6467065868263473
