Altersgruppen,Fälle pro 1000 Personen,woche1,woche2,woche3,woche4,woche5,woche6,woche7,woche8
0 - 9,0.1515840533575868,0.0757920266787934,0.1515840533575868,0.37896013339396695,0.4547521600727603,1.6674245869334545,0.9095043201455206,0.37896013339396695,0.1515840533575868
10 - 19,1.015942482025633,1.0940919037199124,0.859643638637074,1.4848390121913098,1.8755861206627071,3.1259768677711786,2.657080337605502,2.344482650828384,1.015942482025633
20 - 29,2.4031240612796636,1.351757284469811,2.328026434364674,3.3042955842595374,4.130369480324422,6.833884049264044,6.833884049264044,3.7548813457494745,2.4031240612796636
30 - 39,3.9495752853973918,2.5969810095763672,3.3544338040361414,5.031650706054212,4.707028079857166,7.4122166314992155,6.167829897743873,5.031650706054212,3.9495752853973918
40 - 49,2.6717361146791347,2.8258747366798542,3.1341519806812927,4.264501875353234,4.829676822689206,6.1141653393618665,5.292092688691364,4.675538200688486,2.6717361146791347
50 - 59,2.670991128493752,2.8140799389487743,3.195650100162167,4.14957550319565,5.628159877897549,7.440618143661166,7.7744920347228845,5.5327673375942,2.670991128493752
60 - 69,3.3738665916918538,2.389822169115063,2.319533281788149,4.076755464960989,4.639066563576298,4.990511000210867,6.044844310114571,5.201377662191607,3.3738665916918538
70 - 79,3.107399495047582,2.2334433870654493,2.4276558555059236,3.5929306661487668,3.9813556030297144,5.632161584773742,5.535055350553505,4.175568071470188,3.107399495047582
80+,1.3220955214014214,3.4705007436787305,3.305238803503553,1.9831432821021318,4.131548504379442,4.296810444554619,4.792596265080152,3.6357626838539083,1.3220955214014214
