Altersgruppen,Fälle pro 1000 Personen,woche1,woche2,woche3,woche4,woche5,woche6,woche7,woche8
0 - 9,0.4348456298014205,0.4348456298014205,0.21742281490071025,0.07247427163357009,0.2536599507174953,0.5435570372517756,0.21742281490071025,0.2536599507174953,0.4348456298014205
10 - 19,0.9221547683086144,1.114270345039576,1.1526934603857681,0.8453085376162299,0.7684623069238454,0.6147698455390763,1.3448090371167294,1.4985014985014986,0.9221547683086144
20 - 29,1.9339906787990235,1.585238261310675,1.395009669953394,2.0291049744776637,3.2338860530737774,2.758314574680574,2.4412669224184396,2.853428870359215,1.9339906787990235
30 - 39,3.5017638514214564,1.9454243619008094,2.101058310852874,3.216434945009338,4.305872587673791,2.9051670471052082,3.475824859929446,2.7235941066611327,3.5017638514214564
40 - 49,3.19693094629156,2.8911375514288893,2.0571555654397864,3.780718336483932,3.780718336483932,4.336706327143333,3.8363171355498724,2.863338151895919,3.19693094629156
50 - 59,4.017354973485457,2.7088450678359086,2.9154518950437316,4.2469181148274835,6.450724271710934,5.0044764812561695,4.706044397511535,3.7418792038750257,4.017354973485457
60 - 69,3.5452153441351615,2.3542445644647554,2.8527904722337625,4.985459077690071,6.259520841988644,5.844065918847805,5.013156072566126,3.932973272399945,3.5452153441351615
70 - 79,4.355573153830925,2.692536131459117,2.4945555335577114,5.028707186695703,6.889724806968917,7.642051078994259,5.583052860819639,4.513957632152049,4.355573153830925
80+,3.964954914625568,3.261495171708128,2.1743301144720855,3.6452004860267313,6.011383257658118,6.586941229136023,6.267186800537188,4.860267314702308,3.964954914625568
