Altersgruppen,Fälle pro 1000 Personen,woche1,woche2,woche3,woche4,woche5,woche6,woche7,woche8
0 - 9,4.736129905277402,10.148849797023004,12.686062246278755,11.671177266576455,9.641407307171853,8.288227334235454,5.581867388362652,3.7212449255751014,4.736129905277402
10 - 19,7.808036564463912,30.089506760617027,31.04170634164921,21.519710531327366,34.27918491715864,27.99466768234622,20.948390782708056,16.758712626166442,7.808036564463912
20 - 29,12.274008956709238,31.01675236357605,28.694642560955383,18.74274340686681,18.411013435063857,31.348482335379,29.689832476364238,21.230718195388953,12.274008956709238
30 - 39,17.41917502787068,30.93645484949833,26.755852842809364,17.837235228539576,24.38684503901895,32.608695652173914,36.51059085841695,24.38684503901895,17.41917502787068
40 - 49,16.09228140131017,26.915408715465677,27.342637425234976,18.22842495015665,21.076616348618625,28.19709484477357,28.90914269438906,20.50697806892623,16.09228140131017
50 - 59,18.81413911060433,14.481185860889395,15.39338654503991,12.65678449258837,13.112884834663626,20.9806157354618,29.076396807297606,28.62029646522235,18.81413911060433
60 - 69,16.05696732756213,9.63418039653728,11.728567439262775,9.354928790840548,12.147444847807874,10.75118681932421,19.826864004468025,20.10611561016476,16.05696732756213
70 - 79,10.646846122940941,5.825632784250703,4.620329449578144,5.02209722780233,7.231820008035355,7.231820008035355,12.856568903173965,18.481317798312578,10.646846122940941
80+,17.281488866733135,5.982053838484546,2.6586905948820205,5.317381189764041,5.982053838484546,8.97308075772682,13.958125623130607,20.272515785975408,17.281488866733135
