Altersgruppen,Fälle pro 1000 Personen,woche1,woche2,woche3,woche4,woche5,woche6,woche7,woche8
0 - 9,43.23287469106201,11.250876092810506,9.037588992585489,8.115386034158398,7.451399904090892,17.70629680180014,34.047733225128184,49.57763104504039,43.23287469106201
10 - 19,53.80312330044286,13.1691399269676,11.071400823556832,13.1691399269676,21.404708258876543,32.82573226633517,51.20037293139616,69.65270763732421,53.80312330044286
20 - 29,30.817217716781034,6.924516531503431,8.577666874610106,18.24703680598877,32.127261384903306,27.386150966936995,33.873986275733,34.21709295071741,30.817217716781034
30 - 39,36.87984393947382,7.697580007381242,8.040280487161914,12.310855696736438,18.663995360362737,22.091000158169454,33.53192386777034,40.67591079242896,36.87984393947382
40 - 49,32.503709510344635,7.475013298244632,7.1950502533665555,10.974551359220582,15.257985945855147,18.253590526050562,30.292001455807835,34.9673843052717,32.503709510344635
50 - 59,16.406909613673186,4.632270725418159,5.248385550966387,9.355817721287908,11.888734226319514,12.596125322319331,18.0270634141889,18.665997307350022,16.406909613673186
60 - 69,10.398564143471695,3.589641320760092,3.988490356400103,5.469929631634426,6.381584570240165,6.808922822711604,9.942736674168827,12.079427936526026,10.398564143471695
70 - 79,5.689843024898107,2.219442314676567,1.7352003551107704,2.3808563011984987,3.1072192405471935,3.4300472135910574,4.681005609136032,5.044187078810379,5.689843024898107
80+,4.936483907062462,1.9087737773974858,1.6454946356874876,2.0404133482524847,2.1720529191074833,3.883367340222471,4.212466267359968,5.660501546764957,4.936483907062462
