Altersgruppen,Fälle pro 1000 Personen,woche1,woche2,woche3,woche4,woche5,woche6,woche7,woche8
0 - 9,0.5075256357471405,0.23380394455767145,0.4174255790639403,0.6535105377148572,0.8998600597853794,1.2203425398863827,1.110853863410595,0.8439752145008628,0.5075256357471405
10 - 19,1.2501500886405854,0.7333742987034696,1.1030043625764863,1.6515636293434475,2.594473441962194,3.4078950156445336,3.0241389620693635,1.9293747601524665,1.2501500886405854
20 - 29,3.3184540724029845,1.8282803568710784,3.1363966501434306,3.6777525829998825,5.422228729624499,7.687832206632285,7.213904948686778,5.383698058246816,3.3184540724029845
30 - 39,3.8753891074057094,2.3342422560588147,3.6743000088479203,4.76661599221383,6.542634910676222,8.184326311302012,7.4571881309170465,5.883867023800906,3.8753891074057094
40 - 49,3.267644740598447,2.059132218094895,3.191904630717026,4.278900053850386,6.042562612517759,7.27521209311539,6.254801381965697,4.687563723650141,3.267644740598447
50 - 59,3.643266269420041,2.2084367054650533,3.3276653460179246,4.563897255734507,6.372059619323705,7.765322232391585,6.987096540782952,5.337504397244573,3.643266269420041
60 - 69,3.6938135601105353,1.9508049784294934,2.9825502717377255,4.183840883785988,5.732492636667483,6.786981814196939,6.506818513108231,5.190774667034704,3.6938135601105353
70 - 79,3.534442140652602,1.788267498747398,2.749614035659439,3.8942681749487758,5.345792818958622,6.533897649181837,6.260972996753418,5.152980377939541,3.534442140652602
80+,3.6570810121997255,1.5776071430909318,2.7078982912528993,3.9865674279766696,5.153953073279088,6.694465719229569,6.821023415355813,5.424524699480022,3.6570810121997255
