Altersgruppen,Fälle pro 1000 Personen,woche1,woche2,woche3,woche4,woche5,woche6,woche7,woche8
0 - 9,11.700360011077263,35.60878796270654,27.46238345795255,28.039324286901135,18.462106526354656,6.66943598264562,9.923382257915629,13.246561432659465,11.700360011077263
10 - 19,17.637718333944058,59.069256137779405,48.931232441675824,41.01624526688653,25.406131672163184,12.727494808843288,25.039697080737756,26.28557469158422,17.637718333944058
20 - 29,21.17416976945353,33.60412200534056,31.479183120839444,28.056715182970404,19.914250253864378,18.127797209372297,50.622437850238825,38.399338072135095,21.17416976945353
30 - 39,28.593341002684273,37.9466146484603,33.611764117441105,30.79411127227863,22.99138031644409,19.073342336484437,47.1331632738125,40.44748995481752,28.593341002684273
40 - 49,24.363911181487747,35.55619534314607,30.841760535502214,27.96271637816245,20.09932702342822,15.90671896930219,34.890416381761256,33.97272105660921,24.363911181487747
50 - 59,24.323106145970833,20.07340394707189,19.397314960883424,17.739287209040274,13.553974437397379,13.393000869257268,34.85077750233412,35.04394578410225,24.323106145970833
60 - 69,20.725610933510694,12.100667253105623,10.963547812654209,10.191164796498532,9.740608037074384,10.126799545152224,23.45040657383767,28.6639919328885,20.725610933510694
70 - 79,15.376714397921576,5.286689626004471,5.196060660987252,5.951302036130747,4.984593075947072,5.46794755603891,11.811975107244274,20.754032988943266,15.376714397921576
80+,16.359918200409,6.739170849600297,6.599739728574084,5.670198921732664,5.716675962074735,5.391336679680238,8.319390221230712,18.63729317717048,16.359918200409
