Altersgruppen,Fälle pro 1000 Personen,woche1,woche2,woche3,woche4,woche5,woche6,woche7,woche8
0 - 9,11.233776127879434,4.972781294585348,4.917374260662392,6.773509897081435,12.425027357223,28.61773302120704,32.12222791683404,19.946532212264348,11.233776127879434
10 - 19,22.652014652014653,9.142857142857144,10.54945054945055,20.644688644688642,25.655677655677657,42.095238095238095,49.37728937728938,35.00366300366301,22.652014652014653
20 - 29,23.627717560000498,9.78383680361555,16.674737090425996,29.723991507431,25.626699445003165,29.624663215008507,30.195800896437838,29.289430228082594,23.627717560000498
30 - 39,24.76611462654031,8.568227920917982,11.737160273295185,18.630092746778086,20.92100881043931,32.103101315006,36.42253776983863,32.61780051873606,24.76611462654031
40 - 49,21.348737912846914,7.1790363765749925,10.402277198710705,14.734815186906108,16.51387667964335,27.816149692327013,32.0021767340617,27.962660638787728,21.348737912846914
50 - 59,13.49012894702566,5.796103678618611,8.047559682191169,11.545689671212994,12.159723126732784,15.51830005768193,16.569599761829448,16.095119364382338,13.49012894702566
60 - 69,8.94152953041596,3.886552037979977,5.177969645536614,5.866725702900156,7.318033109487615,9.273608343787666,9.74097852557007,9.999262047081396,8.94152953041596
70 - 79,5.00820158447632,2.0765713886853034,2.3906746239486263,3.24573343105434,2.7222280389488014,3.8390395421072836,4.659197989739294,4.833699787107808,5.00820158447632
80+,5.626487773209262,1.7312270071413114,1.8239713110953102,2.565925742727301,2.875073422573964,4.049834605991282,4.791789037623273,4.637215197699941,5.626487773209262
