Altersgruppen,Fälle pro 1000 Personen,woche1,woche2,woche3,woche4,woche5,woche6,woche7,woche8
0 - 9,0.3812631235971327,0.3846571573383535,0.23418832814423288,0.20137933531243213,0.23871370646586054,0.3020690029686482,0.4321736297154442,0.38691984649916733,0.3812631235971327
10 - 19,1.0116485097684034,0.8440105518781272,0.7287594558285623,0.6554178492515663,0.7415651331674028,0.9569333429569938,1.0372598644460846,1.105944861081684,1.0116485097684034
20 - 29,2.0997692005308775,1.261029139892501,1.3155180533446462,1.4069815866393183,1.979115177886842,2.8412076300047096,3.001755321426208,2.4802185783842483,2.0997692005308775
30 - 39,2.889342025264611,1.8805425205803863,1.732330271077017,1.7936869550112076,2.784159138520284,4.01687069756175,4.079024221547033,3.3594776554097074,2.889342025264611
40 - 49,3.055894500302354,1.8572605282782224,1.8473064745313093,1.9949582717771888,2.875892028379007,4.153328925899535,4.347432973964343,3.8480712776608637,3.055894500302354
50 - 59,3.6153512429116037,1.9230591717614915,2.03998116940459,2.3038248877702667,3.619966584923832,5.324566234773218,5.536871967335686,4.624572696252034,3.6153512429116037
60 - 69,3.7398470768762038,1.9854381028573966,2.0540406389317374,2.455567247131557,3.8003787263535633,5.584044664286428,6.321521927085592,5.1068534942399095,3.7398470768762038
70 - 79,4.270272375945162,1.963868579311679,2.164016608256576,2.7671472458153614,4.336092868685431,6.4987662015799605,7.353089331841402,6.164290636430434,4.270272375945162
80+,4.36664569151269,1.8008970586054276,1.9682745499346381,2.6356658128295907,4.02977200643238,6.267121763946888,7.125196244811828,6.099744272617678,4.36664569151269
