Altersgruppen,Fälle pro 1000 Personen,woche1,woche2,woche3,woche4,woche5,woche6,woche7,woche8
0 - 9,0.38784923746069566,0.22162813569182607,0.24933165265330431,0.42940451290291304,0.5125150637873478,0.747994957959913,0.5956256146717825,0.5679220977103043,0.38784923746069566
10 - 19,0.9963369963369965,0.6153846153846154,1.1868131868131868,1.421245421245421,1.8754578754578755,2.227106227106227,2.0073260073260073,1.5531135531135531,0.9963369963369965
20 - 29,3.2654176133894537,1.5768366422070748,3.00468084578041,3.166089320966961,5.078158950099949,7.039892725444184,6.915732359916068,4.991246694230267,3.2654176133894537
30 - 39,3.8047372511025666,2.0789810974194394,2.987273809884243,3.5120651548639072,5.550677687284912,6.549799670996196,6.085561173514185,5.015794201055638,3.8047372511025666
40 - 49,3.67323872912219,2.103478588471681,2.689522374314538,3.3906819038050986,4.730210557160199,5.49416049227678,4.929046841642597,4.2174222445477,3.67323872912219
50 - 59,3.6842007331187316,2.1677241687289506,3.163202649647396,4.5773403047838785,5.8798355134622176,7.163723647730867,6.531083117801389,5.005303016206762,3.6842007331187316
60 - 69,3.9726465451504196,1.857181511819546,2.8411187366246033,3.6405677317787126,5.018079846505794,6.72767077460458,5.153371214916489,5.018079846505794,3.9726465451504196
70 - 79,3.298083970264894,1.3960143789481032,2.3732244442117754,3.1759327121069347,3.9611908002652427,5.828360032108331,5.182703381844833,4.816249607370955,3.298083970264894
80+,2.565925742727301,1.3293350233406498,2.565925742727301,3.029647262497295,4.14257890994528,6.121124060963923,6.152038828948589,4.204408445914613,2.565925742727301
