Altersgruppen,Fälle pro 1000 Personen,woche1,woche2,woche3,woche4,woche5,woche6,woche7,woche8
0 - 9,8.492569002123142,29.2858827890675,28.00525730462036,10.986418629730732,13.64877161055505,15.839315202372529,13.513968927981667,10.211303204933778,8.492569002123142
10 - 19,29.49627204946354,50.918348790689215,52.55501000181851,26.004728132387708,27.750500090925623,27.605019094380797,25.822876886706673,27.823240589198036,29.49627204946354
20 - 29,34.79143044697739,28.10765650176046,30.85277794354598,26.764934057408844,23.12466431938891,18.111833860476217,21.931133257743035,30.524556901593364,34.79143044697739
30 - 39,34.50776424695556,32.38228601435323,33.5825560751169,30.106774024155435,23.23022680103023,21.529844214948366,20.779675426971068,30.88194843839864,34.50776424695556
40 - 49,30.536839817430995,26.814822864594653,32.98196044338187,25.99978265594436,20.18582916757227,17.795044555531405,19.832645077157142,27.331014996739842,30.536839817430995
50 - 59,28.65617055439097,17.595111725614377,18.108023727755228,14.896748583916864,14.718344409259176,12.153784398554926,13.023504750011151,21.809910351902236,28.65617055439097
60 - 69,21.395867574548017,8.599436487438366,10.624559755811223,9.861469828598262,10.066917116694059,8.10049307349143,9.53862409016201,15.027001643578306,21.395867574548017
70 - 79,15.068196579346179,3.550552067547088,5.0227321931153925,4.459839792162806,6.23511582593635,5.412426932236414,5.715522840441654,9.266074907988742,15.068196579346179
80+,15.723973470452343,2.7572844474252927,3.8005812653699977,4.769356882032938,5.738132498695879,4.173187271778821,5.141962888441762,8.346374543557642,15.723973470452343
