Altersgruppen,Fälle pro 1000 Personen,woche1,woche2,woche3,woche4,woche5,woche6,woche7,woche8
0 - 9,1.5278838808250572,4.838298955946015,5.856888209829386,10.949834479246244,6.875477463712758,6.620830150241915,0.5092946269416857,0.5092946269416857,1.5278838808250572
10 - 19,0.7621951219512195,8.892276422764228,15.497967479674797,19.308943089430894,9.146341463414634,7.367886178861789,3.556910569105691,1.7784552845528454,0.7621951219512195
20 - 29,0.836470096194061,20.284399832705983,36.595566708490175,29.903805938937683,18.19322459222083,12.128816394813885,3.97323295692179,3.764115432873275,0.836470096194061
30 - 39,3.4445250181290787,18.85424220449601,37.88977519941987,35.35170413343002,22.480058013052936,14.684554024655547,5.4387237128353885,2.7193618564176942,3.4445250181290787
40 - 49,3.558085749866572,13.164917274506315,33.623910336239106,25.26240882405266,17.79042874933286,12.809108699519658,6.226650062266501,4.803415762319872,3.558085749866572
50 - 59,2.761286759629988,12.149661742371945,27.888996272262876,29.407703990059368,23.470937456854895,12.011597404390445,6.074830871185973,3.865801463481983,2.761286759629988
60 - 69,2.405498281786942,9.450171821305842,18.556701030927837,21.649484536082472,19.41580756013746,11.340206185567009,5.154639175257732,4.982817869415808,2.405498281786942
70 - 79,3.1774852473899227,4.993191103041307,9.986382206082615,18.157058556513846,16.568315932818884,10.667271901951883,5.674080798910576,2.9505220154334997,3.1774852473899227
80+,2.2036139268400174,2.2036139268400174,12.3402379903041,11.018069634200089,10.136624063464081,12.780960775672103,6.610841780520053,2.2036139268400174,2.2036139268400174
