Altersgruppen,Fälle pro 1000 Personen,woche1,woche2,woche3,woche4,woche5,woche6,woche7,woche8
0 - 9,16.064041751681966,6.597833264712826,7.0665816608747924,10.882718238874638,19.79349979413848,36.62738380229082,39.591561616463444,25.66483007015259,16.064041751681966
10 - 19,26.76639615396387,10.687488375487641,16.23547083100843,31.95181154046272,36.40032113083256,48.508648637195144,51.19611817802985,38.99597173860327,26.76639615396387
20 - 29,21.63111891143147,13.103318068765688,24.29166177006051,44.422974298115655,32.79538094311525,33.822223335330506,33.062205842405696,28.775668651638423,21.63111891143147
30 - 39,23.47916314760744,10.865246173274453,17.93714759135478,27.694795009772932,28.438824674436752,37.25296204242176,39.748879933721035,32.75580544227536,23.47916314760744
40 - 49,21.05907978263421,9.273585761525188,14.989050976423187,22.49148339918284,25.161530349727876,32.830424552446694,35.05268931490158,29.413796518784796,21.05907978263421
50 - 59,13.757121226933227,6.281228134051877,11.639516006740003,17.031673246817626,17.160222891227757,19.598817343271428,19.805882339357204,17.53586496591125,13.757121226933227
60 - 69,9.306383898157023,4.088730095224507,7.315260215880814,9.281572388097505,9.785039279721863,11.53838599059437,12.36853776466903,11.335758658441652,9.306383898157023
70 - 79,5.504659407685612,2.2472154217364797,3.8576066544733165,4.696748123133827,4.63157208673301,5.544036596344439,6.266404333120153,6.045077376175715,5.504659407685612
80+,5.832564168024979,2.3325892613612806,3.417057795408574,4.196042235358038,4.7480956339776865,5.498713693760924,5.943847659446332,6.028946799945013,5.832564168024979
