Altersgruppen,Fälle pro 1000 Personen,woche1,woche2,woche3,woche4,woche5,woche6,woche7,woche8
0 - 9,0.3031681067151736,1.4400485068970745,0.5305441867515538,0.9095043201455206,0.6063362134303472,0.1515840533575868,0.5305441867515538,0.37896013339396695,0.3031681067151736
10 - 19,1.015942482025633,5.626758361988122,1.5629884338855893,1.328540168802751,1.015942482025633,0.9377930603313536,1.6411378555798686,1.4848390121913098,1.015942482025633
20 - 29,1.0513667768098527,7.35956743766897,3.9801742264944426,2.177831180534695,1.5019525382997898,1.7272454190447581,2.4031240612796636,1.0513667768098527,1.0513667768098527
30 - 39,0.7574527944597739,9.684575014878536,5.1939620191527345,4.003679056430233,2.8133960937077314,2.9757074068062543,3.5708488881675056,2.3264621544121624,0.7574527944597739
40 - 49,1.3872475980064738,9.145558238709345,4.675538200688486,3.3396701433489184,2.877254277346761,2.877254277346761,2.877254277346761,2.31207933001079,1.3872475980064738
50 - 59,2.003243346370314,7.679099494419536,4.626538204712391,4.197271773347325,3.2433463703138417,2.8140799389487743,2.9571687494037966,2.4802060478870556,2.003243346370314
60 - 69,1.265199971884445,6.677444296056793,4.498488788922471,4.568777676249385,3.444155479018767,2.881844380403458,1.8977999578266675,3.162999929711113,1.265199971884445
70 - 79,0.8739561079821324,6.603223926976113,3.4958244319285297,2.6218683239463973,3.3987181977082925,2.7189745581666345,1.9421246844047388,2.0392309186249755,0.8739561079821324
80+,1.3220955214014214,5.784167906131217,3.801024624029086,3.4705007436787305,1.3220955214014214,1.8178813419269542,1.1568335812262438,1.6526194017517766,1.3220955214014214
