Altersgruppen,Fälle pro 1000 Personen,woche1,woche2,woche3,woche4,woche5,woche6,woche7,woche8
0 - 9,0.34616449736914984,6.66943598264562,9.900304624757686,13.246561432659465,11.60804947844549,5.538631957906397,1.5923566878980893,0.8769500600018462,0.34616449736914984
10 - 19,1.5634542567485037,12.727494808843288,25.039697080737756,26.187858800537438,17.491144497373885,8.770001221448638,2.9314767314034444,1.7100280933186758,1.5634542567485037
20 - 29,1.8052578133814734,18.14660197826169,50.58482831246004,38.286509458798754,20.760464853886948,11.019594569182745,5.152506675692956,2.952348715634285,1.8052578133814734
30 - 39,2.734290334950566,19.073342336484437,47.11649077177012,40.2807649343937,28.293235965921404,15.12195935244002,6.652328314910219,4.018072992213941,2.734290334950566
40 - 49,2.2672472739050638,15.90671896930219,34.890416381761256,33.97272105660921,24.07600676575377,12.991686759995682,5.9560226004966355,3.670781300608198,2.2672472739050638
50 - 59,2.6077718038698046,13.40909822607128,34.8346801455201,34.89906957277615,24.097743150574676,12.411062103602589,6.519429509674511,3.8311709217346515,2.6077718038698046
60 - 69,3.025166813276406,10.126799545152224,23.45040657383767,28.621081765324295,20.532515179471776,11.049368147782616,5.556866699564462,3.411358321354245,3.025166813276406
70 - 79,2.6886592955108455,5.46794755603891,11.842184762250016,20.693613678931786,15.316295087910097,9.516041326808047,4.7429158359011545,2.175095160413268,2.6886592955108455
80+,2.370329057445622,5.391336679680238,8.27291318088864,18.73024725785462,17.242981966908346,10.829150399702547,5.158951477969882,2.602714259155977,2.370329057445622
