Altersgruppen,Fälle pro 1000 Personen,woche1,woche2,woche3,woche4,woche5,woche6,woche7,woche8
0 - 9,0.25464731347084285,0.7639419404125286,0.25464731347084285,0.0,0.25464731347084285,0.0,0.0,0.0,0.25464731347084285
10 - 19,0.2540650406504065,0.0,0.0,0.2540650406504065,0.0,0.0,0.2540650406504065,0.0,0.2540650406504065
20 - 29,0.4182350480970305,1.672940192388122,1.672940192388122,1.672940192388122,0.6273525721455457,0.20911752404851525,0.6273525721455457,0.4182350480970305,0.4182350480970305
30 - 39,1.9941986947063088,2.5380710659898473,1.4503263234227701,1.6316171138506164,1.4503263234227701,0.9064539521392314,0.5438723712835388,0.7251631617113851,1.9941986947063088
40 - 49,2.3127557374132715,1.2453300124533002,1.9569471624266144,0.5337128624799857,0.5337128624799857,0.3558085749866572,0.0,1.2453300124533002,2.3127557374132715
50 - 59,1.2425790418334943,0.9664503658704957,1.104514703851995,2.0709650697224906,1.380643379814994,0.8283860278889963,0.5522573519259975,0.8283860278889963,1.2425790418334943
60 - 69,1.202749140893471,1.202749140893471,2.061855670103093,2.7491408934707904,0.1718213058419244,1.0309278350515465,0.8591065292096219,0.6872852233676976,1.202749140893471
70 - 79,0.6808896958692692,1.8157058556513845,1.5887426236949613,1.3617793917385383,1.5887426236949613,0.6808896958692692,1.3617793917385383,0.6808896958692692,0.6808896958692692
80+,1.762891141472014,1.3221683561040105,1.3221683561040105,0.881445570736007,0.4407227853680035,0.881445570736007,1.3221683561040105,0.881445570736007,1.762891141472014
