Altersgruppen,Fälle pro 1000 Personen,woche1,woche2,woche3,woche4,woche5,woche6,woche7,woche8
0 - 9,5.525586274069079,4.757623435978123,10.077170899827676,20.66007342473964,23.54461676781299,12.11882820109388,8.185360005993855,6.256087510301941,5.525586274069079
10 - 19,17.356887730475915,23.824693503233902,27.33854619171735,43.09296264118158,49.48354088232455,33.43952118930399,25.504392315860606,19.248962255043924,17.356887730475915
20 - 29,19.306486675483804,32.547392104103004,24.353536735531538,30.95118651282285,32.380170565968896,30.495127772457092,24.216719113421806,18.652802480959547,19.306486675483804
30 - 39,18.489771026223874,16.050340965792536,19.196651327826135,30.24338859012031,35.524200255031325,31.851194766313686,26.792149470532795,18.559073016577038,18.489771026223874
40 - 49,16.624291022882847,12.968451458574673,17.060584633438143,26.598865636612558,31.74412131971295,27.47145285772315,22.852758428741218,16.74464788096707,16.624291022882847
50 - 59,13.074624528621944,10.373579341571304,11.026005715255033,15.945300572830355,18.189647298302386,18.815976617038764,16.910891605882277,12.252567297780445,13.074624528621944
60 - 69,8.80359636276947,4.904131049279706,5.976909716309642,8.497088172189489,11.374859517079319,11.255661887409325,11.255661887409325,8.616285801859483,8.80359636276947
70 - 79,6.2537361475146,2.276176024279211,2.3221593783050536,3.6096932910286474,5.724927576217409,5.678944222191566,6.230744470501678,5.173127327907297,6.2537361475146
80+,3.567866185835955,2.340213304688099,2.340213304688099,4.143328473874012,3.8747794061229186,5.025703982199033,4.2584209314816235,3.721322795979437,3.567866185835955
