Altersgruppen,Fälle pro 1000 Personen,woche1,woche2,woche3,woche4,woche5,woche6,woche7,woche8
0 - 9,0.0,0.7843137254901961,0.26143790849673204,0.0,0.0,0.0,0.26143790849673204,0.26143790849673204,0.0
10 - 19,0.7921837866385001,0.2640612622128334,0.7921837866385001,0.5281225244256668,0.5281225244256668,0.2640612622128334,1.0562450488513335,1.5843675732770002,0.7921837866385001
20 - 29,1.1907597046915932,1.4289116456299118,0.4763038818766373,1.4289116456299118,1.4289116456299118,1.9052155275065492,1.6670635865682304,1.1907597046915932,1.1907597046915932
30 - 39,1.7874875868917577,2.1847070506454815,1.3902681231380336,1.1916583912611718,1.9860973187686195,2.5819265143992056,3.972194637537239,1.7874875868917577,1.7874875868917577
40 - 49,2.3885350318471334,1.7914012738853504,1.5923566878980893,1.7914012738853504,0.5971337579617834,2.7866242038216558,3.1847133757961785,2.3885350318471334,2.3885350318471334
50 - 59,2.7773239666721126,0.8168599901976801,1.306975984316288,1.7970919784348962,2.2872079725535044,4.411043947067473,2.940695964711648,2.940695964711648,2.7773239666721126
60 - 69,4.448038819247877,1.2131014961585118,1.819652244237768,2.2240194096239385,2.628386575010109,4.448038819247877,4.852405984634047,5.256773150020218,4.448038819247877
70 - 79,5.136986301369863,3.139269406392694,1.7123287671232876,2.853881278538813,4.5662100456621,4.5662100456621,7.9908675799086755,7.134703196347032,5.136986301369863
80+,2.0060180541624875,1.0030090270812437,2.0060180541624875,2.507522567703109,2.507522567703109,4.012036108324975,6.018054162487462,3.009027081243731,2.0060180541624875
