Altersgruppen,Fälle pro 1000 Personen,woche1,woche2,woche3,woche4,woche5,woche6,woche7,woche8
0 - 9,6.034422783681169,25.618069281241056,16.593237021314938,10.591888941985829,8.232179862523282,8.493355976199899,9.59850730437738,9.190205781686423,6.034422783681169
10 - 19,12.900560095491691,38.81586536990081,27.442089328050216,18.220172384160996,16.3708448989874,21.178390060953646,24.26256447925716,21.76108713616748,12.900560095491691
20 - 29,15.38144401397122,28.61383983185215,22.05110322944822,16.45837627897747,17.30316124893318,27.79602633186082,30.47005492547205,25.1268140721718,15.38144401397122
30 - 39,17.996669964527886,32.59815158900606,24.11299598626159,17.34674999798911,16.58985063101759,24.303628451694376,29.213419882081354,27.148637018089975,17.996669964527886
40 - 49,17.03819548772053,29.288117874915624,21.665000661685575,15.548362557085987,14.622835060513019,20.444003505685085,25.711686532492923,25.269730506701336,17.03819548772053
50 - 59,16.26884272220422,17.471975022881065,14.120447168020544,10.97059600079747,11.132245254247334,17.23565920950436,23.843264883855014,24.192735174646625,16.26884272220422
60 - 69,13.32067946320298,11.307845709624694,9.567938566701091,7.722582506024545,7.733954448135157,11.772027710321485,17.755736886341573,19.013887208942894,13.32067946320298
70 - 79,10.736394162942807,6.0111315238836225,5.617359637295357,4.924864250536683,4.919432914169949,7.307863081441531,12.387520418430155,14.462290910522807,10.736394162942807
80+,10.822865048037373,5.9765780980996706,5.978760127343227,5.0994023421901895,5.00339305547373,6.725014128639352,11.420741060771697,13.7620584391072,10.822865048037373
