Altersgruppen,Fälle pro 1000 Personen,woche1,woche2,woche3,woche4,woche5,woche6,woche7,woche8
0 - 9,0.18705574261129815,0.3117595710188303,0.18705574261129815,0.12470382840753212,0.06235191420376606,0.24940765681506424,0.12470382840753212,0.3741114852225963,0.18705574261129815
10 - 19,0.9764353599791694,1.4972008853013932,0.8462439786486134,0.6509569066527796,0.4556698346569457,0.4556698346569457,0.39057414399166773,0.5207655253222236,0.9764353599791694
20 - 29,0.995575221238938,1.1061946902654867,1.0508849557522124,1.6592920353982301,1.0508849557522124,0.995575221238938,0.9402654867256637,1.0508849557522124,0.995575221238938
30 - 39,1.0343121823987047,1.888743985249809,2.0686243647974094,1.3491028466070063,2.0236542699105096,1.5289832261546072,1.1692224670594054,1.259162656833206,1.0343121823987047
40 - 49,0.8798557036645991,2.2876248295279575,2.463595970260877,2.0676609036118077,2.463595970260877,1.6717258369627381,2.023668118428578,1.4517619110465885,0.8798557036645991
50 - 59,1.5475313190862197,2.800294767870302,1.694915254237288,1.7686072218128224,2.394988946204864,1.9528371407516583,1.9528371407516583,1.5475313190862197,1.5475313190862197
60 - 69,0.635883388769321,3.3750733711602425,2.2500489141068285,2.3478771277636468,1.858736059479554,1.5163373116806886,1.3206808843670514,1.271766777538642,0.635883388769321
70 - 79,1.1668611435239205,2.4795799299883314,1.9690781796966161,1.3856476079346558,1.9690781796966161,1.4585764294049008,1.677362893815636,1.0210035005834306,1.1668611435239205
80+,2.1397105097545626,3.3983637507866584,2.1397105097545626,2.013845185651353,1.132787916928886,2.5173064820641913,1.762114537444934,2.643171806167401,2.1397105097545626
