Altersgruppen,Fälle pro 1000 Personen,woche1,woche2,woche3,woche4,woche5,woche6,woche7,woche8
0 - 9,0.24064698683740815,0.5428813541924469,0.5075256357471405,0.5428813541924469,0.47559143844170243,0.38891290289837055,0.23608495865091703,0.2018697472522334,0.24064698683740815
10 - 19,0.7439687909800847,1.2054177879170993,0.9958822740018224,0.9299609887251059,0.9111263357889012,0.8534452111717744,0.736905796129008,0.6615671843841893,0.7439687909800847
20 - 29,1.949651971710781,2.2704198109299956,1.8533252932665725,1.5373737879695686,1.4410471095253599,1.2483937526369429,1.3013734257812575,1.3928837703032555,1.949651971710781
30 - 39,2.7943341135590356,2.691376495097448,2.4621349227415683,2.1749796900010456,2.0567393000490655,1.898281090385528,1.748670801058533,1.8081931742316384,2.7943341135590356
40 - 49,2.86730415979665,2.5909776050644333,2.3421172440254785,2.0216783176040822,2.083269176188974,1.8627073177430777,1.8535519198453239,2.0008705951091863,2.86730415979665
50 - 59,3.59400173503532,2.5625255463552326,2.2646290649976253,2.1483955541836752,2.0629523773601757,1.9228563577036262,2.0398596268673375,2.302347224135927,3.59400173503532
60 - 69,3.870595569284591,2.5535179102919177,2.1989200790246595,2.1823790723183154,2.0107661277399917,2.032476199042069,2.1048431033823256,2.5131992064452033,3.870595569284591
70 - 79,4.349142595662807,2.3436216422460205,2.050329478442347,2.0068787875084695,2.029961967067092,1.983795607949847,2.187470721702398,2.795780394776684,4.349142595662807
80+,4.108761065615802,2.280220559515939,2.120932424736356,1.8045381844207475,1.9092755881114318,1.8547248570225336,2.0249231380198958,2.7100803204964556,4.108761065615802
