Altersgruppen,Fälle pro 1000 Personen,woche1,woche2,woche3,woche4,woche5,woche6,woche7,woche8
0 - 9,25.69448325336478,9.142304485728266,6.597833264712826,7.0665816608747924,10.882718238874638,19.795780808231722,36.62738380229082,39.61665277148914,25.69448325336478
10 - 19,39.23846789515691,11.555059576361568,10.685134043870615,16.23547083100843,31.95063437465421,36.40032113083256,48.506294305578116,51.2655709607321,39.23846789515691
20 - 29,29.081024222306564,7.844844692496345,13.102354801981248,24.292625036844957,44.422974298115655,32.79249114276192,33.82414986889939,33.1537161869277,29.081024222306564
30 - 39,33.03250404189088,8.655679158321469,10.865246173274453,17.93634323496055,27.693186296984468,28.429976754100206,37.25296204242176,39.83494606790377,33.03250404189088
40 - 49,29.645178392928038,8.477066144420576,9.272753452625393,14.989050976423187,22.48981878138325,25.158201114128694,32.82792762574731,35.10512477558871,29.645178392928038
50 - 59,17.728304553351567,5.515318576039424,6.281228134051877,11.639516006740003,17.030903488467867,17.160992649577516,19.598047584921666,19.847449290244313,17.728304553351567
60 - 69,11.453613331224355,3.794093413267748,4.0876962823053615,7.315260215880814,9.279504762259212,9.785039279721863,11.537352177675224,12.386112584294521,11.453613331224355
70 - 79,6.114326914851582,2.3028866194955104,2.2472154217364797,3.8562488203816327,4.696748123133827,4.63157208673301,5.5467522645278065,6.278624839945306,6.114326914851582
80+,6.087861589521023,2.4329626065648533,2.3325892613612806,3.417057795408574,4.196042235358038,4.7480956339776865,5.500895723004479,5.963485922638335,6.087861589521023
