Altersgruppen,Fälle pro 1000 Personen,woche1,woche2,woche3,woche4,woche5,woche6,woche7,woche8
0 - 9,0.11238480557428636,0.05619240278714318,0.22476961114857272,0.2622312130066682,0.31842361579381134,0.31842361579381134,0.24350041207762044,0.31842361579381134,0.11238480557428636
10 - 19,0.9074234964764939,0.25098947774881747,0.5212858384013901,1.0425716768027802,1.4094024519741288,2.4326672458731537,2.6450429578144607,1.023264793899025,0.9074234964764939
20 - 29,1.7026192973655008,1.1857527249509736,1.7634271294142685,2.493121113999483,3.3140268466578497,7.129718307718035,5.731138170596373,3.4508444687675772,1.7026192973655008
30 - 39,2.4394300604313357,1.4553417974164218,2.148361700948051,2.5641736430670288,3.298774740810556,6.763874258468704,5.059045295780894,3.437378721516882,2.4394300604313357
40 - 49,2.4071371616843944,1.173479366321142,1.654906798658021,2.091200409213317,3.309813597316042,4.7240066798056235,4.528426785418767,3.339902811837097,2.4071371616843944
50 - 59,2.4139775826298,1.2004645275780628,2.10081292326161,2.4009290551561255,3.927606769576053,4.658324308101831,5.532575648838029,4.058092044312799,2.4139775826298
60 - 69,2.7074890167898378,1.1749480638899295,1.9752750059598814,2.366924360589858,3.6099853557197834,4.3592275993597385,5.278752171099684,3.8143241494397713,2.7074890167898378
70 - 79,2.7130178875247157,0.9886421115556168,1.632409067917414,2.2531843472662896,3.494734905964041,3.540718259989884,4.966202234791005,3.356784843886513,2.7130178875247157
80+,3.030768050333768,0.8440113557891507,1.9182076267935242,2.0333000844011355,3.3760454231566026,3.2993171180848613,5.217524744878386,3.7980511010511777,3.030768050333768
