Altersgruppen,Fälle pro 1000 Personen,woche1,woche2,woche3,woche4,woche5,woche6,woche7,woche8
0 - 9,0.1893222264293828,0.1893222264293828,0.1893222264293828,0.12621481761958855,0.1893222264293828,0.12621481761958855,0.1893222264293828,0.12621481761958855,0.1893222264293828
10 - 19,0.7867304792499836,0.6556087327083197,0.13112174654166392,0.1966826198124959,0.1966826198124959,0.3278043663541598,0.5244869861666557,0.6556087327083197,0.7867304792499836
20 - 29,1.1409942950285248,0.8149959250203749,0.5976636783482749,0.8149959250203749,0.7063298016843249,0.4889975550122249,0.8693289866883999,0.9779951100244498,1.1409942950285248
30 - 39,1.3721185510428102,1.0976948408342482,1.1891694109037687,1.0519575557994876,0.823271130625686,0.8690084156604464,0.8690084156604464,2.058177826564215,1.3721185510428102
40 - 49,2.1910604732690624,1.446099912357581,0.6134969325153374,1.270815074496056,0.8764241893076249,0.35056967572305,0.6134969325153374,1.6652059596844875,2.1910604732690624
50 - 59,2.2540832163180844,1.2194220678442096,1.0716133323479418,1.5519917227108122,1.1824698839701426,0.7020914936072722,1.2563742517182765,1.4780873549626783,2.2540832163180844
60 - 69,1.6755521706016756,0.7108403148007107,1.117034780401117,1.3709063214013708,0.5077430820005078,0.5585173902005585,0.913937547600914,1.4216806296014215,1.6755521706016756
70 - 79,2.447345001483239,1.1124295461287452,0.6674577276772471,0.6674577276772471,0.8157816671610798,0.3708098487095817,0.7416196974191634,0.7416196974191634,2.447345001483239
80+,1.1645962732919255,1.8115942028985508,0.7763975155279502,0.5175983436853002,0.6469979296066253,0.12939958592132506,0.6469979296066253,1.2939958592132506,1.1645962732919255
