Altersgruppen,Fälle pro 1000 Personen,woche1,woche2,woche3,woche4,woche5,woche6,woche7,woche8
0 - 9,0.8257271017548982,8.228758341383411,8.48993445506003,9.587102233911153,9.171957668940458,6.026439234354809,2.570702883087763,1.2978970190567323,0.8257271017548982
10 - 19,1.8399101587054942,16.373199230604428,21.180744392570674,24.219009344342187,21.67397686633753,12.900560095491691,6.247218945777388,2.619193923940963,1.8399101587054942
20 - 29,3.5101441625069594,17.304124515717625,27.79602633186082,30.39780991663889,25.00158939019433,15.354472544006843,8.302396415106335,5.0398118162009915,3.5101441625069594
30 - 39,4.587244516300282,16.59467676938298,24.303628451694376,29.16274542924479,27.058549101936087,17.969321847124025,9.817974147985488,6.26915373663763,4.587244516300282
40 - 49,4.17819067697509,14.626996605011998,20.445668123484676,25.678394176501087,25.18317038112257,17.036530869920938,9.264430363627437,5.619749691421475,4.17819067697509
50 - 59,4.513862963000026,11.132245254247334,17.2348894511546,23.802467691317663,24.111140789571927,16.278849580751114,9.123945719720208,5.764720281362072,4.513862963000026
60 - 69,4.12387973447549,7.736022073973449,11.774095336159776,17.719553434171445,18.931182175411173,13.314476585688102,7.574747258586592,5.086359562200905,4.12387973447549
70 - 79,3.839954811281429,4.920790748261632,7.310578749624899,12.360363736596481,14.417482385497246,10.70787964701745,6.318002028604132,4.274461720620204,3.839954811281429
80+,4.071666568475351,5.001211026230173,6.7315602163700206,11.398920768336138,13.70314364953119,10.82504707728093,7.032680251980737,4.820102599015032,4.071666568475351
