Altersgruppen,Fälle pro 1000 Personen,woche1,woche2,woche3,woche4,woche5,woche6,woche7,woche8
0 - 9,19.835718144418433,8.920532461596,4.972781294585348,4.917374260662392,6.773509897081435,12.425027357223,28.61773302120704,32.14993143379552,19.835718144418433
10 - 19,35.311355311355314,10.68131868131868,9.142857142857144,10.54945054945055,20.644688644688642,25.655677655677657,42.095238095238095,49.47985347985348,35.311355311355314
20 - 29,29.587415105350072,6.866068213704821,9.78383680361555,16.674737090425996,29.723991507431,25.626699445003165,29.624663215008507,30.257881079201898,29.587415105350072
30 - 39,32.98111760372198,7.649843067203568,8.568227920917982,11.737160273295185,18.630092746778086,20.92100881043931,32.103101315006,36.462906334837065,32.98111760372198
40 - 49,27.858009962744358,8.131357528569636,7.1790363765749925,10.402277198710705,14.734815186906108,16.51387667964335,27.805684624722677,32.01264180166604,27.858009962744358
50 - 59,16.1695476620211,4.847142883724392,5.796103678618611,8.047559682191169,11.545689671212994,12.159723126732784,15.51830005768193,16.597510373443985,16.1695476620211
60 - 69,9.925466755221017,3.2100951959265,3.886552037979977,5.177969645536614,5.866725702900156,7.318033109487615,9.273608343787666,9.74097852557007,9.925466755221017
70 - 79,4.833699787107808,1.8148186926325343,2.0765713886853034,2.3906746239486263,3.24573343105434,2.7222280389488014,3.8390395421072836,4.659197989739294,4.833699787107808
80+,4.668129965684608,2.2876928308653044,1.7312270071413114,1.8239713110953102,2.565925742727301,2.875073422573964,4.049834605991282,4.791789037623273,4.668129965684608
