Altersgruppen,Fälle pro 1000 Personen,woche1,woche2,woche3,woche4,woche5,woche6,woche7,woche8
0 - 9,0.18020011336640043,2.566140854901272,1.2990375261033549,0.8234460876616526,0.4710294102552112,0.3216229871476261,0.33530907170709956,0.30565588849490705,0.18020011336640043
10 - 19,0.39317338004327257,6.246041779968876,2.6215482555579883,1.8187211741522642,1.0359059114912572,0.8734570299164918,0.6780475057033684,0.5167757899371158,0.39317338004327257
20 - 29,0.8804258409800662,8.301433148321893,5.038848549416549,3.4889522932492336,2.694257196084513,2.056574584783853,1.4660920459208542,1.1800018109415547,0.8804258409800662
30 - 39,1.2105563733178897,9.820387217168182,6.270762449426092,4.55104847855988,3.2487954762996387,2.3599816606742117,1.8805852497124425,1.6368652622604023,1.2105563733178897
40 - 49,1.1103000723276435,9.26359805472764,5.622246618120863,4.166538352377948,2.9505350497762337,2.2056185844589615,1.7087301712808485,1.498988328532298,1.1103000723276435
50 - 59,1.2308436012682538,9.12548523641973,5.7631807646625495,4.50462586280289,3.2291362772484833,2.459377927487224,1.9551862083935991,1.608025192651271,1.2308436012682538
60 - 69,1.182681979503625,7.574747258586592,5.088427188039199,4.101135850254266,3.0228689755844402,2.229934466599055,1.8091726085064195,1.5651927595878394,1.182681979503625
70 - 79,1.2084723415984695,6.323433364970867,4.277177388803572,3.8046511248976533,2.6925850038087247,2.161671873960408,1.6945769464212246,1.4678186531100512,1.2084723415984695
80+,1.1433833236233033,7.028316193493626,4.824466657502144,4.012751778899341,3.3908734444859028,2.347863466066172,1.7652616580367408,1.485961914861583,1.1433833236233033
