Altersgruppen,Fälle pro 1000 Personen,woche1,woche2,woche3,woche4,woche5,woche6,woche7,woche8
0 - 9,24.446142093200915,11.204481792717086,11.45912910618793,11.45912910618793,18.58925388337153,47.61904761904761,60.60606060606061,40.743570155334865,24.446142093200915
10 - 19,32.77439024390244,12.957317073170731,14.735772357723578,25.660569105691057,29.471544715447155,62.2459349593496,91.71747967479675,47.00203252032521,32.77439024390244
20 - 29,25.30322040987035,13.174404015056462,23.630280217482227,48.09703053115851,28.439983270598077,32.20409870347135,34.713508992053534,29.694688414889168,25.30322040987035
30 - 39,29.731689630166787,15.04713560551124,14.865844815083394,22.84263959390863,21.754894851341554,35.53299492385787,47.679477882523564,38.97751994198695,29.731689630166787
40 - 49,24.372887386586015,13.87653442447963,10.496352962106386,19.569471624266143,19.21366304927949,35.22504892367906,49.10158334815869,35.75876178615905,24.372887386586015
50 - 59,17.39610658566892,8.97418196879746,11.735468728427447,12.978047770260941,12.287726080353444,20.01932900731741,23.056744442910396,24.16125914676239,17.39610658566892
60 - 69,12.371134020618555,5.326460481099656,3.7800687285223367,5.154639175257732,6.8728522336769755,9.965635738831615,14.948453608247423,13.917525773195877,12.371134020618555
70 - 79,8.170676350431231,2.2696323195642307,2.0426690876078077,1.8157058556513845,2.9505220154334997,4.5392646391284615,6.354970494779845,9.532455742169768,8.170676350431231
80+,3.9665050683120318,1.762891141472014,3.085059497576025,1.762891141472014,2.644336712208021,3.9665050683120318,10.136624063464081,6.610841780520053,3.9665050683120318
