Altersgruppen,Fälle pro 1000 Personen,woche1,woche2,woche3,woche4,woche5,woche6,woche7,woche8
0 - 9,16.606923105874408,6.600114278806072,7.067722167921415,10.882718238874638,19.792359287091855,36.62738380229082,39.588140095323574,25.621490802380922,16.606923105874408
10 - 19,27.500947618475852,10.685134043870615,16.23429366519992,31.95534303788826,36.40032113083256,48.50747147138663,51.1819921883277,38.868837831283884,27.500947618475852
20 - 29,22.162842176443505,13.107171135903458,24.29551483719828,44.4239375649001,32.801160543821894,33.825113135683836,33.043903773501306,28.704386909589708,22.162842176443505
30 - 39,24.169300933857773,10.867659242457147,17.93795194774901,27.698012435349856,28.440433387225212,37.25215768602753,39.73842330059603,32.68260901040033,24.169300933857773
40 - 49,21.713274577873733,9.273585761525188,14.990715594222777,22.492315708082636,25.16652420312665,32.83125686134649,35.05102469710198,29.339721026702964,21.713274577873733
50 - 59,14.153546777060276,6.2819978924016375,11.639516006740003,17.032443005167387,17.1633019246268,19.601896376670474,19.805112581007442,17.508153665319846,14.153546777060276
60 - 69,9.587581012164875,4.088730095224507,7.314226402961667,9.282606201016652,9.78917453139845,11.536318364756076,12.364402512992443,11.327488155088478,9.587581012164875
70 - 79,5.636369314578928,2.2472154217364797,3.8589644885650003,4.696748123133827,4.632929920824695,5.542678762252756,6.265046499028469,6.021994196617093,5.636369314578928
80+,5.963485922638335,2.3325892613612806,3.417057795408574,4.196042235358038,4.750277663221243,5.496531664517368,5.943847659446332,5.998398390535231,5.963485922638335
