Altersgruppen,Fälle pro 1000 Personen,woche1,woche2,woche3,woche4,woche5,woche6,woche7,woche8
0 - 9,8.712756084384912,4.917374260662392,6.773509897081435,12.425027357223,28.61773302120704,32.06682088291109,19.91882869530287,11.275331403321651,8.712756084384912
10 - 19,17.78754578754579,10.54945054945055,20.644688644688642,25.655677655677657,42.095238095238095,49.289377289377285,34.7985347985348,22.54945054945055,17.78754578754579
20 - 29,18.127413367104953,16.674737090425996,29.723991507431,25.626699445003165,29.624663215008507,30.021976384698476,29.090773643237608,23.4166449386027,18.127413367104953
30 - 39,17.126363700586356,11.737160273295185,18.630092746778086,20.92100881043931,32.103101315006,36.32161635734254,32.375589128745446,24.624824649045788,17.126363700586356
40 - 49,16.03248356984386,10.402277198710705,14.734815186906108,16.51387667964335,27.816149692327013,31.90799112562267,27.82661475993135,21.285947507220897,16.03248356984386
50 - 59,11.517779059598459,8.047559682191169,11.545689671212994,12.159723126732784,15.51830005768193,16.5602962246246,16.01138752953873,13.555253707459578,11.517779059598459
60 - 69,6.998253511425971,5.177969645536614,5.866725702900156,7.318033109487615,9.273608343787666,9.679482449019753,9.999262047081396,8.929230315105896,6.998253511425971
70 - 79,4.4148954734233765,2.3906746239486263,3.24573343105434,2.7222280389488014,3.8390395421072836,4.659197989739294,4.833699787107808,4.955851045265766,4.4148954734233765
80+,4.544470893745943,1.8239713110953102,2.565925742727301,2.844158654589297,4.049834605991282,4.791789037623273,4.606300429715275,5.595573005224596,4.544470893745943
