Altersgruppen,Fälle pro 1000 Personen,woche1,woche2,woche3,woche4,woche5,woche6,woche7,woche8
0 - 9,0.5698005698005698,7.407407407407407,4.5584045584045585,3.988603988603989,2.849002849002849,2.2792022792022792,3.4188034188034186,0.5698005698005698,0.5698005698005698
10 - 19,0.0,23.508137432188065,18.083182640144667,19.891500904159134,9.644364074743821,5.424954792043399,4.822182037371911,1.8083182640144664,0.0
20 - 29,1.4436958614051971,20.692974013474494,22.617901828681426,37.0548604427334,13.95572666025024,11.068334937439845,2.4061597690086622,1.4436958614051971,1.4436958614051971
30 - 39,3.370245546461242,23.591718825228696,22.147327876745305,42.85026480500722,19.74000962927299,7.221954742416948,8.184882041405874,4.814636494944632,3.370245546461242
40 - 49,2.046035805626598,22.506393861892583,13.81074168797954,37.851662404092075,22.506393861892583,13.29923273657289,7.672634271099745,4.092071611253196,2.046035805626598
50 - 59,1.6313213703099512,15.905383360522023,13.05057096247961,35.48123980424143,23.246329526916803,19.168026101141926,14.274061990212072,4.078303425774878,1.6313213703099512
60 - 69,0.5099439061703213,18.357980622131564,10.198878123406425,20.39775624681285,26.007139214686386,17.338092809790925,15.298317185109639,6.629270780214177,0.5099439061703213
70 - 79,1.4367816091954022,11.494252873563218,4.310344827586206,6.4655172413793105,17.95977011494253,10.057471264367816,15.804597701149428,0.7183908045977011,1.4367816091954022
80+,1.037344398340249,8.298755186721992,4.149377593360996,3.1120331950207465,11.410788381742737,11.410788381742737,8.298755186721992,3.1120331950207465,1.037344398340249
