Altersgruppen,Fälle pro 1000 Personen,woche1,woche2,woche3,woche4,woche5,woche6,woche7,woche8
0 - 9,0.0,0.0,0.0,0.0,0.0,0.0,0.0,0.0,0.0
10 - 19,0.0,1.2055455093429777,0.6027727546714888,0.0,0.6027727546714888,0.0,0.0,0.0,0.0
20 - 29,0.9624639076034649,0.48123195380173245,0.48123195380173245,0.48123195380173245,0.48123195380173245,0.0,0.48123195380173245,0.9624639076034649,0.9624639076034649
30 - 39,0.9629272989889263,2.888781896966779,1.4443909484833894,1.9258545979778525,1.4443909484833894,0.9629272989889263,0.48146364949446313,0.9629272989889263,0.9629272989889263
40 - 49,1.5345268542199488,2.046035805626598,2.557544757033248,1.5345268542199488,0.0,0.0,0.5115089514066495,0.0,1.5345268542199488
50 - 59,1.223491027732463,0.8156606851549756,1.6313213703099512,0.8156606851549756,0.4078303425774878,0.8156606851549756,0.0,1.223491027732463,1.223491027732463
60 - 69,1.0198878123406425,3.569607343192249,1.0198878123406425,0.0,0.5099439061703213,0.5099439061703213,1.0198878123406425,2.039775624681285,1.0198878123406425
70 - 79,0.7183908045977011,3.5919540229885056,1.4367816091954022,2.155172413793103,0.7183908045977011,0.0,1.4367816091954022,0.7183908045977011,0.7183908045977011
80+,2.074688796680498,0.0,0.0,2.074688796680498,0.0,0.0,2.074688796680498,3.1120331950207465,2.074688796680498
