Altersgruppen,Fälle pro 1000 Personen,woche1,woche2,woche3,woche4,woche5,woche6,woche7,woche8
0 - 9,2.832058906825262,35.6839422259983,17.84197111299915,9.629000283205892,3.3984706881903146,4.248088360237893,13.027470971396205,6.796941376380629,2.832058906825262
10 - 19,3.4355179704016914,48.09725158562368,26.691331923890065,15.856236786469344,11.892177589852007,28.01268498942918,16.913319238900634,8.985200845665961,3.4355179704016914
20 - 29,6.326253953908721,31.40533212833258,18.978761861726163,15.137821961138725,23.94938996836873,56.71034794396747,27.56439222774514,16.267510167193855,6.326253953908721
30 - 39,9.498564170532362,36.0061851115529,24.961343052794344,19.659818864590235,18.77623149988955,48.15551137618732,36.668875635078415,20.54340622929092,9.498564170532362
40 - 49,11.21930567315834,26.037256562235395,22.01524132091448,12.912785774767146,13.547840812870449,30.48264182895851,27.9424216765453,19.47502116850127,11.21930567315834
50 - 59,11.062749365252087,19.405150525933987,14.689880304678999,13.057671381936888,11.969532100108813,33.73231773667029,32.10010881392818,21.0373594486761,11.062749365252087
60 - 69,12.275132275132275,11.64021164021164,7.619047619047619,8.677248677248677,10.158730158730158,20.317460317460316,25.82010582010582,16.931216931216934,12.275132275132275
70 - 79,6.83371298405467,3.416856492027335,4.840546697038724,4.840546697038724,4.555808656036446,7.403189066059226,19.646924829157175,14.806378132118452,6.83371298405467
80+,10.115606936416185,6.74373795761079,6.262042389210019,4.816955684007707,6.262042389210019,24.084778420038536,17.341040462427745,17.822736030828516,10.115606936416185
