Altersgruppen,Fälle pro 1000 Personen,woche1,woche2,woche3,woche4,woche5,woche6,woche7,woche8
0 - 9,5.608609974230711,21.752311656813703,34.03061997877823,38.80551765954222,22.81340003031681,6.366530241018645,3.1074730938305293,3.865393360618463,5.608609974230711
10 - 19,24.69521725539231,42.74773366677086,59.70615817442951,51.734917161613005,44.1544232572679,14.53579243513598,10.472022507033447,12.660206314473273,24.69521725539231
20 - 29,31.766296185040552,29.888855512165815,33.41844397717032,31.390808050465605,28.086512466206067,18.774406728747373,15.620306398317814,16.521477921297688,31.766296185040552
30 - 39,25.536979927500944,28.079857166044473,33.86896066655846,35.70848888167506,31.921224909376182,20.667640534545257,12.822593734783315,12.389763566520587,25.536979927500944
40 - 49,20.91147305143092,23.583209166110052,30.87910394081077,32.52324924215178,26.97425885012588,18.085598314751067,12.228330678723733,12.022812516056106,20.91147305143092
50 - 59,20.843270056281597,15.024325097777353,17.790708766574454,17.50453114566441,17.695316226271107,10.827053324430029,8.2991510063913,9.825431651244873,20.843270056281597
60 - 69,14.620088563998031,10.051310887748647,10.051310887748647,11.949110845575316,11.175933084979263,9.13755535249877,7.310044281999016,6.958599845364448,14.620088563998031
70 - 79,10.7787919984463,2.816080792386871,4.175568071470188,4.952417945232084,5.1466304136725585,6.214798990095164,4.078461837249951,5.243736647892795,10.7787919984463
80+,5.288382085605686,3.305238803503553,3.801024624029086,5.123120145430507,3.305238803503553,3.1399768633283753,5.784167906131217,3.305238803503553,5.288382085605686
