Altersgruppen,Fälle pro 1000 Personen,woche1,woche2,woche3,woche4,woche5,woche6,woche7,woche8
0 - 9,8.814978963347524,39.56076792620463,25.618069281241056,16.59437752836156,10.594169956079075,8.232179862523282,8.493355976199899,9.605350346657117,8.814978963347524
10 - 19,21.216059366826055,51.068984270710466,38.81586536990081,27.440912162241702,18.218995218352486,16.366136235753352,21.179567226762156,24.327308598725363,21.216059366826055
20 - 29,24.70779302093949,32.91675255795494,28.61383983185215,22.05110322944822,16.455486478624145,17.29834491501097,27.795063065076377,30.58179387246733,24.70779302093949
30 - 39,26.507564971887746,39.63144390016328,32.597347232611824,24.11299598626159,17.34594564159488,16.585024492652202,24.302824095300146,29.28018146280254,26.507564971887746
40 - 49,24.613871093662215,34.96196764482383,29.288117874915624,21.66416835278578,15.550027174885578,14.621170442713428,20.44317119678529,25.76578661097965,24.613871093662215
50 - 59,23.5930934201826,19.747380704775352,17.471975022881065,14.120447168020544,10.97059600079747,11.126856945799005,17.233349934455077,23.894068934939256,23.5930934201826
60 - 69,18.584854847497088,12.333388125418049,11.307845709624694,9.567938566701091,7.722582506024545,7.727751570620278,11.769960084483193,17.78881889975426,18.584854847497088
70 - 79,14.164925244444083,6.246036821744899,6.0111315238836225,5.617359637295357,4.924864250536683,4.9167172459865816,7.302431745074796,12.41603493435551,14.164925244444083
80+,13.277647947037787,5.9002070745752135,5.974396068856115,5.9765780980996706,5.0994023421901895,4.966298558333279,6.72065007015224,11.401102797579693,13.277647947037787
