Altersgruppen,Fälle pro 1000 Personen,woche1,woche2,woche3,woche4,woche5,woche6,woche7,woche8
0 - 9,0.20426227275822156,0.14979233335602912,0.13617484850548106,0.14979233335602912,0.2723496970109621,0.24511472730986586,0.24511472730986586,0.29958466671205825,0.20426227275822156
10 - 19,1.3088628714437764,0.6472398814831861,0.8054540747346316,0.8917527255990564,1.049966918850502,1.1074993527601185,1.265713546011564,1.4239277392630094,1.3088628714437764
20 - 29,2.43174810098022,1.742334979568302,2.1434480683897816,2.7075133495449877,3.24650906264885,2.53202637318559,2.33146982877485,2.6573742134423024,2.43174810098022
30 - 39,2.7290836653386457,1.8027888446215141,2.9681274900398407,3.904382470119522,3.7549800796812747,3.50597609561753,3.266932270916335,2.9382470119521913,2.7290836653386457
40 - 49,3.0467337980893365,1.8280402788536019,2.5509940614510715,3.6870642912470952,4.358378517944746,3.9246062483862634,3.170668732248903,3.418538600568035,3.0467337980893365
50 - 59,3.12465126659971,2.4271844660194173,3.6919242644050145,5.654130863370904,5.970315812967303,5.365844585797715,3.887214968567496,3.9058140832496373,3.12465126659971
60 - 69,2.7603183328155247,2.664722892718017,3.764070453839352,5.030710035131324,6.142007026264847,5.401142365509165,3.5370312836077717,2.975408073034916,2.7603183328155247
70 - 79,2.4646561462362646,2.841200835244583,4.141991579091501,5.9220210180399135,7.0687707527470645,6.110293362544073,4.398726594324444,3.046588847430938,2.4646561462362646
80+,3.285739888882251,2.031184658581755,3.703924965649083,6.451998327259693,6.720831590895513,5.436405997968815,4.988350558575781,2.9870362626202285,3.285739888882251
