Altersgruppen,Fälle pro 1000 Personen,woche1,woche2,woche3,woche4,woche5,woche6,woche7,woche8
0 - 9,0.5092946269416857,0.0,0.0,1.2732365673542145,0.7639419404125286,0.5092946269416857,1.7825311942959001,0.5092946269416857,0.5092946269416857
10 - 19,1.2703252032520325,1.016260162601626,1.016260162601626,1.7784552845528454,2.2865853658536586,2.032520325203252,1.2703252032520325,0.7621951219512195,1.2703252032520325
20 - 29,2.300292764533668,1.4638226683396067,2.509410288582183,3.97323295692179,5.227938101212882,4.600585529067336,2.7185278126306986,3.136762860727729,2.300292764533668
30 - 39,2.5380710659898473,1.6316171138506164,2.7193618564176942,5.076142131979695,5.076142131979695,5.4387237128353885,4.350978970268311,2.5380710659898473,2.5380710659898473
40 - 49,1.9569471624266144,1.9569471624266144,1.779042874933286,3.7359900373599007,4.803415762319872,5.692937199786515,3.380181462373243,2.8464685998932575,1.9569471624266144
50 - 59,2.6232224216484883,2.4851580836669886,2.899351097611487,3.727737125500483,5.384509181278475,3.589672787518984,3.175479773574486,3.175479773574486,2.6232224216484883
60 - 69,1.202749140893471,1.5463917525773194,2.7491408934707904,4.639175257731959,5.841924398625429,5.326460481099656,5.841924398625429,3.7800687285223367,1.202749140893471
70 - 79,2.4965955515206537,1.3617793917385383,3.858374943259192,6.128007262823422,5.901044030866999,5.674080798910576,2.0426690876078077,1.8157058556513845,2.4965955515206537
80+,0.881445570736007,1.3221683561040105,3.085059497576025,3.525782282944028,8.81445570736007,8.373732921992067,1.762891141472014,4.407227853680035,0.881445570736007
