Altersgruppen,Fälle pro 1000 Personen,woche1,woche2,woche3,woche4,woche5,woche6,woche7,woche8
0 - 9,0.18730800929047725,0.2622312130066682,0.31842361579381134,0.31842361579381134,0.24350041207762044,0.31842361579381134,0.1311156065033341,0.18730800929047725,0.18730800929047725
10 - 19,0.7722753161502076,1.0425716768027802,1.4094024519741288,2.4326672458731537,2.6450429578144607,1.023264793899025,0.926730379380249,0.8108890819577179,0.7722753161502076
20 - 29,2.128274121706876,2.493121113999483,3.3140268466578497,7.129718307718035,5.731138170596373,3.4660464267797693,1.7330232133898846,2.1738799957434516,2.128274121706876
30 - 39,2.314686477795642,2.5641736430670288,3.298774740810556,6.75001386039807,5.059045295780894,3.4512391195875143,2.494871652713866,2.1345013028774185,2.314686477795642
40 - 49,2.3319141253817572,2.091200409213317,3.309813597316042,4.7240066798056235,4.528426785418767,3.339902811837097,2.5274940197686138,1.880575907565933,2.3319141253817572
50 - 59,1.9833761759985384,2.4009290551561255,3.927606769576053,4.658324308101831,5.532575648838029,4.058092044312799,2.4922687474718477,2.1399585056826336,1.9833761759985384
60 - 69,1.9923032387698805,2.383952593399857,3.6099853557197834,4.3592275993597385,5.278752171099684,3.8143241494397713,2.7756019480298333,2.0263597043898787,1.9923032387698805
70 - 79,1.632409067917414,2.2531843472662896,3.494734905964041,3.540718259989884,4.966202234791005,3.402768197912356,2.8049845955764017,1.8853175150595485,1.632409067917414
80+,1.6112944065065602,2.0333000844011355,3.3760454231566026,3.2993171180848613,5.217524744878386,3.7980511010511777,3.030768050333768,1.6496585590424306,1.6112944065065602
