Altersgruppen,Fälle pro 1000 Personen,woche1,woche2,woche3,woche4,woche5,woche6,woche7,woche8
0 - 9,0.4615526631588664,0.32308686421120647,0.48463029631680976,0.8077171605280162,0.9231053263177328,0.48463029631680976,0.6230960952644696,0.576940828948583,0.4615526631588664
10 - 19,0.8794430194210333,1.0748748015145964,1.7100280933186758,2.2474654940759744,2.369610357884451,1.3680224746549408,0.8794430194210333,1.1481617197996825,0.8794430194210333
20 - 29,1.9180864267178157,2.895934408966114,3.949001466771973,6.261988040166987,4.83282560457332,3.7233442400992893,2.482229493399526,1.9556959644965963,1.9180864267178157
30 - 39,2.33415028593341,3.4678804248153523,4.901715600460161,6.318878274062588,5.368545657646843,4.018072992213941,2.8843428533319995,2.2174427716367395,2.33415028593341
40 - 49,2.465181559722172,2.879044157339763,4.030661820275668,5.5421600028790445,4.588476625760248,3.4008709108575954,2.591139741605787,2.0873070140713286,2.465181559722172
50 - 59,2.092656385821448,3.155081935546183,4.780914973761308,5.730659025787966,5.199446250925598,3.766781494478607,3.2677634332442613,2.076559029007437,2.092656385821448
60 - 69,2.3171490484670345,3.1968074835332234,4.655753180716171,5.792872621167585,6.028878542770709,3.9262803321246964,2.917891394365895,2.2098736295565233,2.3171490484670345
70 - 79,2.3261434354419674,2.6584496405051055,4.229351700803576,5.770044106096308,5.618995831067609,4.380399975832276,2.930336535556764,2.235514470424748,2.3261434354419674
80+,1.4872652909462725,2.4632831381297637,3.253392823944971,5.995538204127161,4.880089235917456,5.158951477969882,3.3928239449711843,1.6266964119724856,1.4872652909462725
