Altersgruppen,Fälle pro 1000 Personen,woche1,woche2,woche3,woche4,woche5,woche6,woche7,woche8
0 - 9,13.446567586694975,6.200923398375627,5.324705961648636,6.4705287635223945,15.064199777575574,29.2858827890675,28.038957975263706,11.053819971017424,13.446567586694975
10 - 19,27.78687034006183,9.674486270230952,11.27477723222404,22.22222222222222,32.98781596653937,50.918348790689215,52.518639752682304,26.07746863066012,27.78687034006183
20 - 29,23.273855702094647,10.47323506594259,16.500566927254283,30.25601241272304,26.436713015456228,28.10765650176046,30.912454496628275,26.943963716655727,23.273855702094647
30 - 39,23.08019304343477,9.852216748768473,12.802880648145832,16.12862894151184,20.82968667950289,32.38228601435323,33.48253357005326,30.106774024155435,23.08019304343477
40 - 49,20.022821125842206,9.563138448163443,9.86198652466855,12.850467289719626,15.974788089545749,26.814822864594653,32.791784394696805,26.02695066289937,20.022821125842206
50 - 59,14.696043887426965,6.088042460193568,8.407296730743498,10.592747870300165,12.666696400695777,17.57281120378217,18.018821640426385,14.896748583916864,14.696043887426965
60 - 69,10.066917116694059,4.373092275181968,5.752524066682319,5.429678328246067,6.046020192533459,8.599436487438366,10.565860530640997,9.890819441183377,10.066917116694059
70 - 79,6.148516995020567,2.987659666594501,3.377354405715523,1.9484736956051094,2.94436025113661,3.550552067547088,5.0227321931153925,4.416540376704915,6.148516995020567
80+,5.663611297414114,3.6515388628064684,2.7572844474252927,3.502496460242939,4.247708473060586,2.7572844474252927,3.7260600640882333,4.843878083314703,5.663611297414114
