Altersgruppen,Fälle pro 1000 Personen,woche1,woche2,woche3,woche4,woche5,woche6,woche7,woche8
0 - 9,14.267311235161303,12.425027357223,28.61773302120704,32.06682088291109,19.932680453783608,11.261479644840913,8.782014876788608,11.261479644840913,14.267311235161303
10 - 19,34.46153846153846,25.655677655677657,42.095238095238095,49.27472527472528,34.78388278388279,22.564102564102566,18.036630036630036,21.5970695970696,34.46153846153846
20 - 29,35.23671173687935,25.626699445003165,29.624663215008507,30.009560348145666,29.090773643237608,23.441477011708326,18.33848598850275,19.977402813473883,35.23671173687935
30 - 39,30.61955655131349,20.92100881043931,32.103101315006,36.32161635734254,32.375589128745446,24.6349167902954,17.32820652557853,19.407187622997974,30.61955655131349
40 - 49,28.475448951400228,16.51387667964335,27.816149692327013,31.91845619322701,27.82661475993135,21.27548243961656,16.1580643810959,18.104566955502534,28.475448951400228
50 - 59,20.52360307388869,12.159723126732784,15.51830005768193,16.5602962246246,16.002083992333887,13.564557244664423,11.685242729285674,12.866791954301027,20.52360307388869
60 - 69,13.123262735837454,7.318033109487615,9.273608343787666,9.679482449019753,9.999262047081396,8.929230315105896,7.121245664526603,7.502521339138562,13.123262735837454
70 - 79,7.259274770530137,2.7222280389488014,3.8390395421072836,4.659197989739294,4.851149966844658,4.955851045265766,4.449795832897079,4.60684745052874,7.259274770530137
80+,6.584845580733917,2.844158654589297,4.049834605991282,4.822703805607939,4.606300429715275,5.7192320771632605,4.606300429715275,3.864345998083284,6.584845580733917
