Altersgruppen,Fälle pro 1000 Personen,woche1,woche2,woche3,woche4,woche5,woche6,woche7,woche8
0 - 9,27.554693990584326,6.438659651066186,4.500138465798948,6.73866888211945,9.600295393704421,21.18526723899197,37.73193021323733,35.60878796270654,27.554693990584326
10 - 19,49.273238060339565,10.528887260290704,10.553316233052401,14.681812629778918,28.459753267375106,40.86967143031635,59.75326737510687,59.19140100158788,49.273238060339565
20 - 29,31.817668960848472,9.364774906916393,14.724134040392643,22.58452743615781,38.62499529880778,31.554402196397007,33.79216969423446,33.82977923201324,31.817668960848472
30 - 39,33.92854165624635,9.169876123309825,10.687073809166542,14.88854432384668,21.107387585654976,25.7756881575218,35.879224395204986,38.079994664799344,33.92854165624635
40 - 49,31.09367689926944,8.817072731853024,9.248929355453988,11.534170655342425,16.35656961888653,22.924389102817866,35.10634469356174,35.610177421096196,31.09367689926944
50 - 59,19.5099964585815,6.245774443836321,6.326261227906378,9.819387656546795,13.489585010141335,14.552010559866071,19.63877531309359,20.105598660699915,19.5099964585815
60 - 69,10.985002896436312,3.518633740264756,3.3899032375721427,5.492501448218156,6.7798064751442855,7.466369156171554,11.457014739642558,12.100667253105623,10.985002896436312
70 - 79,5.226270315992991,2.024046885384569,1.7219503353271706,2.628239985499366,2.7490786055223246,3.0209655005739835,5.256479970998732,5.286689626004471,5.226270315992991
80+,6.553262688232014,1.9055586540249116,1.4872652909462725,3.113961702918758,3.3928239449711843,4.833612195575386,5.251905558654025,6.925079010968582,6.553262688232014
