Altersgruppen,Fälle pro 1000 Personen,woche1,woche2,woche3,woche4,woche5,woche6,woche7,woche8
0 - 9,33.0051748075224,10.286507635996466,7.38356683074593,6.689385333838192,3.9126593462072448,5.490344566452102,13.883629938154739,22.907989397955323,33.0051748075224
10 - 19,46.417098275749034,21.569527306103716,13.30885727397889,10.227496230249788,11.079787582770603,23.077427391332854,29.240149478791057,35.92735855241592,46.417098275749034
20 - 29,33.143167617495244,12.822602553653898,10.6492800869329,10.812279271936974,16.951915240423798,34.50149415919587,27.65552838902472,30.209182287421896,33.143167617495244
30 - 39,37.73326015367728,14.773143066227588,12.852177094767654,11.251372118551043,15.504939626783754,21.039151115989753,22.548481522136846,30.781192828393706,37.73326015367728
40 - 49,29.97370727432077,12.708150744960562,10.823838737949167,9.15863277826468,11.174408413672216,15.249780893952673,20.508326029798422,25.810692375109554,29.97370727432077
50 - 59,19.252087798388885,9.82928091050181,8.12948045229473,7.538245510309659,9.274998152390806,13.376690562412238,14.152686423767646,16.222008720715394,19.252087798388885
60 - 69,13.861386138613861,6.905305915206905,6.092916984006093,5.128205128205129,7.057628839807058,7.971566387407972,8.834729626808835,12.592028433612592,13.861386138613861
70 - 79,5.413823791159894,3.633936517353901,4.375556214773064,3.4114506081281517,3.485612577870068,4.375556214773064,4.820528033224562,4.820528033224562,5.413823791159894
80+,5.564182194616977,4.528985507246377,3.7525879917184266,4.011387163561077,4.140786749482402,2.846790890269151,3.3643892339544514,3.3643892339544514,5.564182194616977
