Altersgruppen,Fälle pro 1000 Personen,woche1,woche2,woche3,woche4,woche5,woche6,woche7,woche8
0 - 9,0.0,0.0,0.25464731347084285,0.0,0.0,0.0,0.25464731347084285,0.0,0.0
10 - 19,1.016260162601626,0.2540650406504065,0.0,0.0,0.2540650406504065,0.0,0.2540650406504065,1.016260162601626,1.016260162601626
20 - 29,2.509410288582183,1.672940192388122,0.6273525721455457,0.20911752404851525,0.6273525721455457,0.4182350480970305,0.4182350480970305,1.4638226683396067,2.509410288582183
30 - 39,2.7193618564176942,1.6316171138506164,1.4503263234227701,0.9064539521392314,0.5438723712835388,0.7251631617113851,1.9941986947063088,1.6316171138506164,2.7193618564176942
40 - 49,1.779042874933286,0.5337128624799857,0.5337128624799857,0.3558085749866572,0.0,1.2453300124533002,2.4906600249066004,1.9569471624266144,1.779042874933286
50 - 59,2.899351097611487,2.0709650697224906,1.380643379814994,0.8283860278889963,0.5522573519259975,0.8283860278889963,1.2425790418334943,2.4851580836669886,2.899351097611487
60 - 69,2.7491408934707904,2.7491408934707904,0.1718213058419244,1.0309278350515465,0.8591065292096219,0.6872852233676976,1.202749140893471,1.5463917525773194,2.7491408934707904
70 - 79,3.858374943259192,1.3617793917385383,1.5887426236949613,0.6808896958692692,1.3617793917385383,0.6808896958692692,0.6808896958692692,1.3617793917385383,3.858374943259192
80+,3.085059497576025,0.881445570736007,0.4407227853680035,0.881445570736007,1.3221683561040105,0.881445570736007,1.762891141472014,1.3221683561040105,3.085059497576025
