Altersgruppen,Fälle pro 1000 Personen,woche1,woche2,woche3,woche4,woche5,woche6,woche7,woche8
0 - 9,0.31842361579381134,0.09365400464523863,0.018730800929047726,0.018730800929047726,0.03746160185809545,0.05619240278714318,0.22476961114857272,0.2809620139357159,0.31842361579381134
10 - 19,1.3707886861666185,0.23168259484506226,0.2896032435563278,0.15445506323004152,0.3475238922675934,0.25098947774881747,0.5212858384013901,1.0425716768027802,1.3707886861666185
20 - 29,3.2380170565968895,1.0185311868168618,0.5168665724145269,0.3952509083169912,0.8513096486827504,1.1857527249509736,1.7634271294142685,2.493121113999483,3.2380170565968895
30 - 39,3.271053944669291,1.2335754282863003,0.6652991073903642,0.6514387093197317,0.6930199035316295,1.4553417974164218,2.148361700948051,2.5641736430670288,3.271053944669291
40 - 49,3.2947689900555144,0.9929440791948125,0.646918112202681,0.616828897681626,0.7221411485053183,1.173479366321142,1.654906798658021,2.091200409213317,3.2947689900555144
50 - 59,3.8623641322076803,1.1352218902096898,0.7959601758941504,0.6263293187363806,0.9264454506308963,1.2004645275780628,2.0877643957879353,2.3748320002087766,3.8623641322076803
60 - 69,3.473759493239792,1.1579198310799304,1.0046657357899398,0.749242243639955,0.8343834076899499,1.1749480638899295,1.9752750059598814,2.366924360589858,3.473759493239792
70 - 79,3.402768197912356,0.9886421115556168,0.919667080516853,0.48282521727134775,0.5747919253230331,0.9886421115556168,1.632409067917414,2.2531843472662896,3.402768197912356
80+,3.2993171180848613,1.1509245760761146,0.8440113557891507,0.5754622880380573,0.5754622880380573,0.8440113557891507,1.9182076267935242,1.9949359318652653,3.2993171180848613
