Altersgruppen,Fälle pro 1000 Personen,woche1,woche2,woche3,woche4,woche5,woche6,woche7,woche8
0 - 9,0.2723496970109621,0.394907060665895,0.258732212160414,0.13617484850548106,0.14979233335602912,0.14979233335602912,0.13617484850548106,0.14979233335602912,0.2723496970109621
10 - 19,1.049966918850502,1.1074993527601185,1.0068175934182895,0.9061358340764607,0.6184736645283779,0.6472398814831861,0.8054540747346316,0.8917527255990564,1.049966918850502
20 - 29,3.2339742786231795,1.842613251773672,1.6545914913886033,1.579382787234576,1.31615232269548,1.742334979568302,2.1434480683897816,2.7075133495449877,3.2339742786231795
30 - 39,3.745019920318725,2.400398406374502,1.8924302788844622,1.703187250996016,1.5139442231075697,1.8027888446215141,2.9681274900398407,3.904382470119522,3.745019920318725
40 - 49,4.337722695584818,2.2927962819519756,2.1172217918925895,1.5698424993545055,1.817712367673638,1.8280402788536019,2.5509940614510715,3.676736380067131,4.337722695584818
50 - 59,5.9517166982851615,2.2969906632444297,2.436484023360488,1.9529070416248187,1.8506119108730423,2.4271844660194173,3.6919242644050145,5.654130863370904,5.9517166982851615
60 - 69,6.130057596252659,2.2106445522548577,2.079200822120785,1.828262791864828,2.174796262218292,2.664722892718017,3.764070453839352,5.030710035131324,6.130057596252659
70 - 79,7.0687707527470645,2.0367644541813577,2.156574127956732,2.105227124910143,1.9340704480881798,2.841200835244583,4.141991579091501,5.9220210180399135,7.0687707527470645
80+,6.661090865643109,1.6727403070673277,1.583129219188721,1.583129219188721,1.374036680805305,2.031184658581755,3.703924965649083,6.422127964633491,6.661090865643109
