Altersgruppen,Fälle pro 1000 Personen,woche1,woche2,woche3,woche4,woche5,woche6,woche7,woche8
0 - 9,0.25385396473737654,11.584971845287548,5.538631957906397,1.5923566878980893,0.8769500600018462,0.36924213052709315,0.2307763315794332,0.16154343210560324,0.25385396473737654
10 - 19,0.2687187003786491,17.491144497373885,8.770001221448638,2.9314767314034444,1.7100280933186758,1.4901673384634175,0.5130084279956028,0.2687187003786491,0.2687187003786491
20 - 29,1.0530670578058594,20.760464853886948,11.019594569182745,5.152506675692956,2.952348715634285,1.7488435067133026,1.391552897814886,1.353943360036105,1.0530670578058594
30 - 39,1.1837476450090865,28.293235965921404,15.12195935244002,6.652328314910219,4.018072992213941,2.734290334950566,1.7339402124076762,1.5505426899414796,1.1837476450090865
40 - 49,1.0976355849857846,24.07600676575377,12.991686759995682,5.9560226004966355,3.670781300608198,2.2312592219383163,1.2955698708028935,1.4215280526865082,1.0976355849857846
50 - 59,1.2394964746788577,24.113840507388687,12.411062103602589,6.519429509674511,3.8311709217346515,2.511187662985738,1.9316828176813368,1.7063198222851808,1.2394964746788577
60 - 69,1.3945804458366409,20.532515179471776,11.049368147782616,5.556866699564462,3.411358321354245,2.917891394365895,2.2313287133386255,1.523310948529254,1.3945804458366409
70 - 79,1.2083862002295933,15.316295087910097,9.516041326808047,4.7429158359011545,2.175095160413268,2.598030330493626,2.2657241254304874,0.9667089601836747,1.2083862002295933
80+,1.2084030488938464,17.242981966908346,10.829150399702547,5.158951477969882,2.602714259155977,2.5097601784718346,1.6266964119724856,0.8830637664993494,1.2084030488938464
