Altersgruppen,Fälle pro 1000 Personen,woche1,woche2,woche3,woche4,woche5,woche6,woche7,woche8
0 - 9,4.73305566073457,22.971096806765114,34.141108166098704,21.835163448188815,20.951659724851698,11.233118768143381,5.2379149312129245,2.966048214060331,4.73305566073457
10 - 19,13.96446600668721,35.92735855241592,48.44948534714483,42.94237199239494,39.270963089228346,23.798596997312007,13.833344260145545,19.078214121812103,13.96446600668721
20 - 29,26.514534093996197,30.209182287421896,35.31649008421624,29.013854930725348,22.167889160554196,16.897582178755773,16.897582178755773,33.30616680249932,26.514534093996197
30 - 39,24.972557628979143,30.826930113428467,39.79143798024149,32.153311379436516,28.49432857665569,18.75228686425174,17.014270032930842,28.72301500182949,24.972557628979143
40 - 49,21.82296231375986,25.810692375109554,31.68273444347064,29.842243645924626,26.599474145486415,18.886941279579315,13.453111305872042,21.209465381244524,21.82296231375986
50 - 59,23.83415859877319,16.25896090458946,20.730175153351563,17.071908949818937,16.813243662700465,13.007168723671569,12.933264355923434,20.693222969477496,23.83415859877319
60 - 69,20.665143437420667,12.592028433612592,14.369129220614369,12.947448591012947,10.408733181010408,8.631632394008632,8.225437928408226,13.505965981213507,20.665143437420667
70 - 79,13.868288341738356,4.820528033224562,5.710471670127559,7.045387125482053,6.377929397804806,4.375556214773064,5.784633639869475,7.638682883417384,13.868288341738356
80+,12.422360248447204,3.3643892339544514,5.434782608695652,6.728778467908903,6.858178053830228,4.787784679089027,5.822981366459627,7.893374741200828,12.422360248447204
