Altersgruppen,Fälle pro 1000 Personen,woche1,woche2,woche3,woche4,woche5,woche6,woche7,woche8
0 - 9,1.2157805116998914,0.18020011336640043,0.13229881740824334,0.16879504290017255,0.23494445160429425,0.41856608611056306,0.6546510447614801,0.8987195527387567,1.2157805116998914
10 - 19,3.399654854984944,0.396704877468811,0.2931142863196853,0.4284883542986564,0.7333742987034696,1.1030043625764863,1.6515636293434475,2.5956506077707067,3.399654854984944
20 - 29,7.6598974698834645,0.9035442438066762,0.7214868215471221,1.2898142243679525,1.8282803568710784,3.135433383358988,3.6777525829998825,5.4193389292711736,7.6598974698834645
30 - 39,8.157782550292383,1.2395132035102112,1.0022280672120203,1.588603878606533,2.3342422560588147,3.6743000088479203,4.765811635819599,6.537004415916604,8.157782550292383
40 - 49,7.257733606219678,1.1244493236241726,0.880582815983993,1.3250357684749687,2.059132218094895,3.190240012917434,4.278900053850386,6.043394921417556,7.257733606219678
50 - 59,7.7368411734504186,1.2539363517610915,0.9275588114623177,1.495640473586127,2.2084367054650533,3.326125829318402,4.561587980685224,6.368980585924661,7.7368411734504186
60 - 69,6.771474620409742,1.1971553603716765,1.0400157966614045,1.3822078728989045,1.9508049784294934,2.981516458818579,4.183840883785988,5.73042501082919,6.771474620409742
70 - 79,6.50538313325648,1.2288398529737246,0.9762827119205614,1.2926580552828573,1.7855518305640308,2.750971869751123,3.8942681749487758,5.343077150775255,6.50538313325648
80+,6.63555092965356,1.1652036160588624,0.7309797965912339,1.1913879669815335,1.5776071430909318,2.7078982912528993,3.988749457220226,5.143042927061308,6.63555092965356
