Altersgruppen,Fälle pro 1000 Personen,woche1,woche2,woche3,woche4,woche5,woche6,woche7,woche8
0 - 9,0.4801646278724134,0.8231393620669945,0.43443466331313596,0.22864982279638732,0.18291985823710985,0.22864982279638732,0.2515148050760261,0.4801646278724134,0.4801646278724134
10 - 19,0.9161262325514116,0.4821717013428482,0.8920176474842691,0.7473661370814146,0.530388871477133,0.40984594614142095,0.4580631162757058,0.7955833072156995,0.9161262325514116
20 - 29,1.7200848575196377,1.5863004797125548,1.1467232383464252,1.3569558320432697,1.6054125336849951,1.6245245876574355,2.6183513942243373,2.503679070389695,1.7200848575196377
30 - 39,2.6654020996173595,1.9132027340811721,1.5371030513130786,1.6515681721555417,1.4062857703502634,2.1584851358864503,2.8943323413022863,3.1559669032279167,2.6654020996173595
40 - 49,3.1738062364395994,2.008284172210368,1.86483530276677,1.667593107281823,1.7751797593645215,2.761390736789256,2.743459628108806,3.1738062364395994,3.1738062364395994
50 - 59,3.155285102546766,1.75472487845713,2.1732831063459863,1.9157088122605364,2.0122991725425803,2.9943011687433594,3.6704336907176667,4.169483885508226,3.155285102546766
60 - 69,3.8455142595826057,1.5797788309636651,2.348881682880186,1.95393697513927,2.016296665835204,3.1179845347967072,4.760123056456306,5.030348382805355,3.8455142595826057
70 - 79,4.615155575405686,2.2033645972904568,2.620217358940003,1.9651630192050025,2.620217358940003,4.079202024713414,5.8954890576150065,6.223016227482507,4.615155575405686
80+,5.395601904330084,1.3602357742008615,1.8136476989344819,2.1310360462480165,2.4030832010881884,4.851507594649739,4.398095669916119,5.440943096803446,5.395601904330084
