Altersgruppen,Fälle pro 1000 Personen,woche1,woche2,woche3,woche4,woche5,woche6,woche7,woche8
0 - 9,0.5201560468140441,0.2600780234070221,0.5201560468140441,0.0,0.2600780234070221,0.5201560468140441,0.5201560468140441,0.7802340702210664,0.5201560468140441
10 - 19,1.0683760683760686,3.205128205128205,1.8696581196581197,1.8696581196581197,0.8012820512820512,1.3354700854700854,0.8012820512820512,0.8012820512820512,1.0683760683760686
20 - 29,0.23479690068091102,3.287156609532754,4.226344212256398,2.34796900680911,3.287156609532754,2.817562808170932,1.8783752054472882,1.173984503404555,0.23479690068091102
30 - 39,0.6038647342995169,5.434782608695652,5.233494363929147,2.818035426731079,3.421900161030596,2.818035426731079,2.6167471819645733,1.8115942028985508,0.6038647342995169
40 - 49,2.5762980578676182,4.359889021006738,3.3690051525961158,3.1708283789139915,2.7744748315497425,1.1890606420927465,0.7927070947284979,2.378121284185493,2.5762980578676182
50 - 59,2.6212319790301444,3.931847968545216,4.259501965923985,3.4403669724770642,3.6041939711664486,2.45740498034076,1.3106159895150722,1.965923984272608,2.6212319790301444
60 - 69,2.068680182043856,5.792304509722797,5.378568473314026,3.3098882912701693,2.068680182043856,1.2412081092263136,2.689284236657013,1.2412081092263136,2.068680182043856
70 - 79,2.6650873556411017,4.14569144210838,3.257328990228013,3.8495706248149246,1.7767249037607344,1.7767249037607344,2.07284572105419,1.4806040864672787,2.6650873556411017
80+,2.0714655618850335,3.625064733298809,4.6607975142413265,2.589331952356292,3.1071983428275503,1.5535991714137751,1.5535991714137751,0.5178663904712584,2.0714655618850335
