Altersgruppen,Fälle pro 1000 Personen,woche1,woche2,woche3,woche4,woche5,woche6,woche7,woche8
0 - 9,0.0,0.2767017155506364,0.2767017155506364,0.0,0.2767017155506364,0.0,0.2767017155506364,0.0,0.0
10 - 19,0.26652452025586354,0.0,0.5330490405117271,0.26652452025586354,0.5330490405117271,0.0,0.5330490405117271,0.5330490405117271,0.26652452025586354
20 - 29,0.23078698361412417,1.1539349180706207,0.46157396722824834,0.46157396722824834,1.384721901684745,0.23078698361412417,0.46157396722824834,0.6923609508423725,0.23078698361412417
30 - 39,0.43131334914815617,0.8626266982963123,1.0782833728703904,1.5095967220185464,0.8626266982963123,1.0782833728703904,1.2939400474444684,0.21565667457407808,0.43131334914815617
40 - 49,1.2809564474807857,0.8539709649871904,1.9214346712211785,4.056362083689154,1.4944491887275833,0.8539709649871904,0.6404782237403929,0.8539709649871904,1.2809564474807857
50 - 59,1.0855798805862131,2.894879681563235,1.4474398407816176,2.5330197213678307,1.6283698208793198,1.0855798805862131,0.7237199203908088,1.0855798805862131,1.0855798805862131
60 - 69,0.0,2.7208036835496023,3.1393888656341566,1.4650481372959396,2.3022185014650485,0.6278777731268314,0.2092925910422771,0.8371703641691084,0.0
70 - 79,0.5563282336578582,2.225312934631433,4.450625869262866,1.9471488178025036,1.6689847009735743,0.8344923504867872,0.5563282336578582,0.8344923504867872,0.5563282336578582
80+,0.0,1.4104372355430184,2.8208744710860367,3.291020216267043,2.8208744710860367,2.3507287259050305,0.4701457451810061,0.4701457451810061,0.0
