Altersgruppen,Fälle pro 1000 Personen,woche1,woche2,woche3,woche4,woche5,woche6,woche7,woche8
0 - 9,0.5533217750562544,1.1435316684495924,1.1066435501125087,0.6639861300675053,0.995979195101258,0.4426574200450035,0.36888118337083625,0.4426574200450035,0.5533217750562544
10 - 19,0.776940408670655,2.68044440991376,2.6027503690466944,2.486209307746096,1.4761867764742445,1.8258099603760392,1.9035040012431046,1.3207986947401136,0.776940408670655
20 - 29,1.8091079226450406,5.1466001247660635,6.7685589519650655,7.8290704928259505,5.396132252027449,2.8696194635059262,2.9943855271366187,2.526512788521522,1.8091079226450406
30 - 39,2.7943269889808615,5.825908156271419,7.09126377392313,6.906732746348921,6.03680075921337,3.98059788052934,3.268835345600253,3.506089523909949,2.7943269889808615
40 - 49,2.295696968000224,5.207312634732215,5.459279375122484,5.431283070634676,4.591393936000448,3.4155491475125284,3.723508496878412,2.883619362244184,2.295696968000224
50 - 59,2.1221732879994524,5.294023686192182,6.754444013417611,6.845720283869201,5.111471145289003,4.084613102708624,3.263126668644319,2.6013737078702963,2.1221732879994524
60 - 69,2.421583430671491,5.868778667274437,7.008347340531609,6.068203185094442,5.298994330645851,3.27625993561437,2.5355402979972084,2.9343893336372187,2.421583430671491
70 - 79,2.25979581130705,5.8109035147895565,7.7478713530527425,7.465396876639361,5.286308058593277,3.1475727371776765,2.744037770872846,1.8562608450022196,2.25979581130705
80+,2.369512275389982,4.278286052787468,6.252879615612453,5.528861975909958,5.1997630487724615,4.804844336207464,3.6859079839399724,3.356809056802475,2.369512275389982
