Altersgruppen,Fälle pro 1000 Personen,woche1,woche2,woche3,woche4,woche5,woche6,woche7,woche8
0 - 9,16.600080063594675,6.597833264712826,7.067722167921415,10.882718238874638,19.792359287091855,36.6262432952442,39.588140095323574,25.638598408080266,16.600080063594675
10 - 19,27.50801061332693,10.687488375487641,16.23547083100843,31.95181154046272,36.399143965024045,48.506294305578116,51.183169354136204,38.890026815837125,27.50801061332693
20 - 29,22.18018097856346,13.109097669472343,24.294551570413837,44.422011031331216,32.79923401025301,33.823186602114944,33.044867040285745,28.713056310649684,22.18018097856346
30 - 39,24.176540141405855,10.866854886062915,17.93875630414324,27.694795009772932,28.43721596164829,37.2513533296333,39.73440151862488,32.689043861554175,24.176540141405855
40 - 49,21.717436122372714,9.274418070424986,14.990715594222777,22.492315708082636,25.163194967527467,32.83125686134649,35.0476954615028,29.345547189001536,21.717436122372714
50 - 59,14.149697985311471,6.2819978924016375,11.639516006740003,17.031673246817626,17.16176240792728,19.600356859970947,19.8020335476084,17.508923423669607,14.149697985311471
60 - 69,9.578276695892557,4.088730095224507,7.315260215880814,9.282606201016652,9.788140718479303,11.537352177675224,12.364402512992443,11.32438671633104,9.578276695892557
70 - 79,5.633653646395562,2.2472154217364797,3.8589644885650003,4.696748123133827,4.632929920824695,5.542678762252756,6.266404333120153,6.023352030708776,5.633653646395562
80+,5.959121864151223,2.3325892613612806,3.417057795408574,4.196042235358038,4.750277663221243,5.498713693760924,5.943847659446332,5.998398390535231,5.959121864151223
