Altersgruppen,Fälle pro 1000 Personen,woche1,woche2,woche3,woche4,woche5,woche6,woche7,woche8
0 - 9,0.5092946269416857,0.5092946269416857,1.7825311942959001,0.5092946269416857,0.5092946269416857,0.25464731347084285,0.25464731347084285,0.5092946269416857,0.5092946269416857
10 - 19,0.2540650406504065,2.032520325203252,1.2703252032520325,0.7621951219512195,1.2703252032520325,1.016260162601626,1.016260162601626,1.2703252032520325,0.2540650406504065
20 - 29,0.836470096194061,4.600585529067336,2.7185278126306986,3.136762860727729,2.300292764533668,1.2547051442910915,1.672940192388122,2.091175240485153,0.836470096194061
30 - 39,1.4503263234227701,5.4387237128353885,4.350978970268311,2.5380710659898473,2.5380710659898473,1.9941986947063088,2.5380710659898473,2.3567802755620013,1.4503263234227701
40 - 49,1.779042874933286,5.692937199786515,3.380181462373243,2.8464685998932575,1.9569471624266144,1.779042874933286,2.3127557374132715,1.6011385874399573,1.779042874933286
50 - 59,1.104514703851995,3.589672787518984,3.175479773574486,3.175479773574486,2.6232224216484883,2.899351097611487,1.794836393759492,1.380643379814994,1.104514703851995
60 - 69,1.7182130584192439,5.326460481099656,5.841924398625429,3.7800687285223367,1.0309278350515465,1.7182130584192439,2.577319587628866,1.3745704467353952,1.7182130584192439
70 - 79,1.3617793917385383,5.674080798910576,2.0426690876078077,1.8157058556513845,2.4965955515206537,2.2696323195642307,2.0426690876078077,3.404448479346346,1.3617793917385383
80+,1.3221683561040105,8.373732921992067,1.762891141472014,4.407227853680035,0.881445570736007,0.0,0.881445570736007,0.4407227853680035,1.3221683561040105
