Altersgruppen,Fälle pro 1000 Personen,woche1,woche2,woche3,woche4,woche5,woche6,woche7,woche8
0 - 9,0.12470382840753212,0.18705574261129815,0.12470382840753212,0.06235191420376606,0.24940765681506424,0.12470382840753212,0.3741114852225963,0.18705574261129815,0.12470382840753212
10 - 19,0.2603827626611118,0.8462439786486134,0.6509569066527796,0.4556698346569457,0.4556698346569457,0.39057414399166773,0.5207655253222236,0.9764353599791694,0.2603827626611118
20 - 29,0.7190265486725663,1.0508849557522124,1.6592920353982301,1.0508849557522124,0.995575221238938,0.9402654867256637,1.0508849557522124,0.995575221238938,0.7190265486725663
30 - 39,0.4047308539821019,2.0686243647974094,1.3491028466070063,2.0236542699105096,1.5289832261546072,1.1692224670594054,1.259162656833206,1.0343121823987047,0.4047308539821019
40 - 49,0.43992785183229954,2.463595970260877,2.0676609036118077,2.463595970260877,1.6717258369627381,2.023668118428578,1.4517619110465885,0.8798557036645991,0.43992785183229954
50 - 59,0.9211495946941783,1.694915254237288,1.7686072218128224,2.394988946204864,1.9528371407516583,1.9528371407516583,1.5475313190862197,1.5475313190862197,0.9211495946941783
60 - 69,1.1739385638818234,2.2500489141068285,2.3478771277636468,1.858736059479554,1.5163373116806886,1.3206808843670514,1.271766777538642,0.635883388769321,1.1739385638818234
70 - 79,1.0210035005834306,1.9690781796966161,1.3856476079346558,1.9690781796966161,1.4585764294049008,1.677362893815636,1.0210035005834306,1.2397899649941657,1.0210035005834306
80+,0.7551919446192574,2.1397105097545626,2.013845185651353,1.132787916928886,2.5173064820641913,1.762114537444934,2.643171806167401,2.1397105097545626,0.7551919446192574
