Altersgruppen,Fälle pro 1000 Personen,woche1,woche2,woche3,woche4,woche5,woche6,woche7,woche8
0 - 9,0.2696053651467664,10.211303204933778,8.526269672766487,6.706433458025814,3.639672429481347,1.68503353216729,0.7414147541536077,0.6403127422235703,0.2696053651467664
10 - 19,1.1638479723586106,27.823240589198036,29.532642298599747,20.040007274049827,12.002182214948173,5.63738861611202,1.6730314602655028,1.3456992180396434,1.1638479723586106
20 - 29,1.909649698633407,30.524556901593364,35.059974935847706,27.6899206301844,16.94814107537149,9.040997791967536,4.445903204630901,3.0435042071969924,1.909649698633407
30 - 39,3.075692030706909,30.88194843839864,34.8578430146783,31.482083468780473,20.504613538046062,8.92700857692981,5.601260283563802,3.325748293366007,3.075692030706909
40 - 49,2.1462725494457726,27.331014996739842,30.672679852206045,28.3362312540752,18.148228645946535,7.851554009997828,4.048033036296458,3.1786568137361444,2.1462725494457726
50 - 59,2.9213683600196245,21.78760983007002,28.856875250880872,26.693724633156414,16.546987199500467,8.741804558226661,5.173721065072923,3.6126845368181617,2.9213683600196245
60 - 69,2.9349612585113873,15.085700868748532,21.542615637473585,22.041559051420524,13.764968302418408,7.748297722470063,4.2850434374266255,3.1991077717774123,2.9349612585113873
70 - 79,2.0783719419787836,9.266074907988742,15.154795410261961,17.146568521324962,11.301147434509634,5.932019917731111,3.7237497293786537,2.5113660965576963,2.0783719419787836
80+,3.20441165511588,8.271853342275877,16.17110067814293,18.928385125568226,12.14695580892764,7.67568373202176,4.769356882032938,3.35345405767941,3.20441165511588
