Altersgruppen,Fälle pro 1000 Personen,woche1,woche2,woche3,woche4,woche5,woche6,woche7,woche8
0 - 9,0.0,0.3786444528587656,0.5679666792881485,0.2524296352391771,0.3786444528587656,0.5048592704783542,0.3786444528587656,0.1893222264293828,0.0
10 - 19,0.9178522257916476,1.3112174654166393,0.7211696059791517,0.9178522257916476,0.9178522257916476,0.3933652396249918,0.7211696059791517,0.7211696059791517,0.9178522257916476
20 - 29,1.0866612333605,1.9016571583808748,1.6299918500407498,2.0646563433849496,1.358326541700625,1.1953273566965499,0.8149959250203749,1.1409942950285248,1.0866612333605
30 - 39,1.0976948408342482,2.6527625320160997,2.012440541529455,2.1953896816684964,2.2868642517380167,1.6008049762166119,1.5550676911818513,1.3263812660080498,1.0976948408342482
40 - 49,1.4022787028922,2.147239263803681,1.8843120070113937,2.1910604732690624,1.9719544259421558,1.7528483786152498,1.8404907975460123,1.4022787028922,1.4022787028922
50 - 59,1.5519917227108122,1.69980045820708,1.1824698839701426,2.3279875840662183,1.5519917227108122,1.810657009829281,2.0323701130736826,1.2933264355923435,1.5519917227108122
60 - 69,1.117034780401117,2.437166793602437,1.4724549378014726,2.030972328002031,1.6755521706016756,1.9294237116019295,1.2693577050012694,1.3201320132013201,1.117034780401117
70 - 79,1.7057253040640759,2.6698309107089884,1.7057253040640759,1.7798872738059923,1.1124295461287452,2.7439928804509046,1.2607534856125777,2.0023731830317413,1.7057253040640759
80+,2.329192546583851,0.3881987577639751,1.4233954451345756,1.2939958592132506,1.0351966873706004,1.9409937888198758,0.6469979296066253,1.2939958592132506,2.329192546583851
