Altersgruppen,Fälle pro 1000 Personen,woche1,woche2,woche3,woche4,woche5,woche6,woche7,woche8
0 - 9,0.02723496970109621,0.24511472730986586,0.24511472730986586,0.29958466671205825,0.20426227275822156,0.28596718186151016,0.13617484850548106,0.3404371212637026,0.02723496970109621
10 - 19,0.6616229899605902,1.1074993527601185,1.265713546011564,1.4239277392630094,1.3088628714437764,1.1218824612375227,1.0068175934182895,0.7766878577798234,0.6616229899605902
20 - 29,1.4540349469778637,2.53202637318559,2.33146982877485,2.6573742134423024,2.43174810098022,2.381608964877535,1.8050088996966582,2.105843716312768,1.4540349469778637
30 - 39,2.0717131474103585,3.50597609561753,3.266932270916335,2.9382470119521913,2.7390438247011955,2.7290836653386457,2.5199203187250996,2.041832669322709,2.0717131474103585
40 - 49,2.0036147689129873,3.9246062483862634,3.170668732248903,3.418538600568035,3.0570617092693,3.294603666408469,2.4580428608313967,2.4167312161115415,2.0036147689129873
50 - 59,2.222594204515865,5.365844585797715,3.887214968567496,3.915113640590708,3.1618494959639922,3.4780344455603913,2.761968530297958,2.3899862366551354,2.222594204515865
60 - 69,1.9955548120354658,5.401142365509165,3.5370312836077717,2.975408073034916,2.7603183328155247,3.0590540831202353,2.616925172669264,2.282341132327988,1.9955548120354658
70 - 79,1.9854174511347686,6.110293362544073,4.398726594324444,3.046588847430938,2.4817718139184612,2.3619621401430866,2.4817718139184612,1.9854174511347686,1.9854174511347686
80+,2.837684449489217,5.436405997968815,4.988350558575781,2.9870362626202285,3.285739888882251,3.674054603022881,4.032498954537308,3.3454806141346554,2.837684449489217
