Altersgruppen,Fälle pro 1000 Personen,woche1,woche2,woche3,woche4,woche5,woche6,woche7,woche8
0 - 9,28.61773302120704,7.535356613522087,8.754311359827131,8.920532461596,4.972781294585348,4.917374260662392,6.773509897081435,12.425027357223,28.61773302120704
10 - 19,42.095238095238095,13.040293040293042,13.406593406593407,10.68131868131868,9.142857142857144,10.534798534798535,20.644688644688642,25.670329670329668,42.095238095238095
20 - 29,29.624663215008507,6.605331446095778,6.990228579232937,6.866068213704821,9.78383680361555,16.674737090425996,29.723991507431,25.626699445003165,29.624663215008507
30 - 39,32.082917032506785,7.225973134719994,7.528737372208261,7.649843067203568,8.568227920917982,11.737160273295185,18.630092746778086,20.92100881043931,32.082917032506785
40 - 49,27.816149692327013,7.105780903344636,8.508099962325756,8.131357528569636,7.1790363765749925,10.402277198710705,14.72435011930177,16.534806814852026,27.816149692327013
50 - 59,15.508996520477085,4.912267644158309,5.219284371918203,4.847142883724392,5.796103678618611,8.047559682191169,11.536386134008149,12.159723126732784,15.508996520477085
60 - 69,9.261309128477603,3.55447322460827,3.1731975499963103,3.2100951959265,3.886552037979977,5.177969645536614,5.854426487590092,7.318033109487615,9.261309128477603
70 - 79,3.8390395421072836,2.7222280389488014,1.9369699507904932,1.8148186926325343,2.0765713886853034,2.3906746239486263,3.24573343105434,2.7222280389488014,3.8390395421072836
80+,3.957090302037283,3.3697097103286238,2.256778062880638,2.2876928308653044,1.7312270071413114,1.8239713110953102,2.596840510711967,2.875073422573964,3.957090302037283
