Altersgruppen,Fälle pro 1000 Personen,woche1,woche2,woche3,woche4,woche5,woche6,woche7,woche8
0 - 9,1.1066435501125087,0.47954553838208713,0.07377623667416724,0.07377623667416724,0.03688811833708362,0.22132871002250176,0.25821682835958537,0.7377623667416725,1.1066435501125087
10 - 19,2.68044440991376,0.5050112656359257,0.19423510216766374,0.23308212260119648,0.27192914303472926,0.5438582860694585,1.55388081734131,1.2819516743065809,2.68044440991376
20 - 29,5.1466001247660635,0.9981285090455397,0.810979413599501,0.6862133499688085,0.9981285090455397,1.5907673112913288,2.744853399875234,3.6182158452900812,5.1466001247660635
30 - 39,5.799546580903675,1.7398639742711026,0.8962935625032952,0.7644856856645753,1.133547740812991,1.7925871250065903,2.8206885643486057,3.6115358253809244,5.799546580903675
40 - 49,5.179316330244408,0.8958817436098435,0.7559002211708054,0.6159186987317674,1.0358632660488816,1.4558078333659956,2.995604580195414,3.9194826282930655,5.179316330244408
50 - 59,5.22556648335349,1.3919631243867376,1.004038974967483,0.8671245692900988,1.3691440567738402,1.7114300709673003,2.6241927754831935,4.175889373160213,5.22556648335349
60 - 69,5.811800233611578,1.5953961425600411,0.940144155437167,0.5982735534600154,0.8831657217743084,1.8233098772114755,2.9343893336372187,3.4187060197715167,5.811800233611578
70 - 79,5.770550018159073,1.372018885436423,0.6860094427182115,0.8070699326096606,0.8070699326096606,1.6141398652193213,2.461563294459465,3.954642669787337,5.770550018159073
80+,4.1466464819324695,2.106233133679984,1.5138550648324887,0.526558283419996,0.7898374251299941,1.3822154939774896,2.2378727045349835,3.883367340222471,4.1466464819324695
