Altersgruppen,Fälle pro 1000 Personen,woche1,woche2,woche3,woche4,woche5,woche6,woche7,woche8
0 - 9,0.0,0.0,0.28320589068252616,0.0,0.0,0.8496176720475787,0.0,0.0,0.0
10 - 19,0.7928118393234672,0.0,0.0,0.0,0.0,0.0,0.0,0.0,0.7928118393234672
20 - 29,0.22593764121102577,0.22593764121102577,0.22593764121102577,0.22593764121102577,0.9037505648441031,0.22593764121102577,0.6778129236330773,1.8075011296882062,0.22593764121102577
30 - 39,1.3253810470510272,0.0,0.6626905235255136,0.0,0.4417936823503424,1.3253810470510272,0.8835873647006848,1.9880715705765406,1.3253810470510272
40 - 49,2.75190516511431,0.8467400508044031,0.21168501270110077,0.42337002540220153,0.0,0.0,1.0584250635055037,1.0584250635055037,2.75190516511431
50 - 59,1.632208922742111,0.544069640914037,0.9067827348567282,1.088139281828074,0.3627130939426913,1.088139281828074,1.088139281828074,1.2694958287994198,1.632208922742111
60 - 69,0.8465608465608466,0.8465608465608466,0.6349206349206349,0.6349206349206349,0.0,0.8465608465608466,0.0,0.8465608465608466,0.8465608465608466
70 - 79,1.1389521640091116,0.2847380410022779,0.8542141230068337,0.8542141230068337,0.8542141230068337,0.0,0.5694760820045558,1.7084282460136675,1.1389521640091116
80+,1.9267822736030829,2.4084778420038533,4.335260115606936,3.371868978805395,1.445086705202312,0.4816955684007707,0.4816955684007707,0.0,1.9267822736030829
