Altersgruppen,Fälle pro 1000 Personen,woche1,woche2,woche3,woche4,woche5,woche6,woche7,woche8
0 - 9,0.0,0.33322225924691773,0.16661112962345886,0.0,0.0,0.0,0.33322225924691773,0.16661112962345886,0.0
10 - 19,0.564865373752589,0.7531538316701186,0.18828845791752966,0.564865373752589,0.0,0.3765769158350593,0.3765769158350593,0.9414422895876483,0.564865373752589
20 - 29,0.8504847763225039,0.8504847763225039,0.680387821058003,0.5102908657935022,1.0205817315870045,1.1906786868515054,1.360775642116006,2.3813573737030107,0.8504847763225039
30 - 39,1.949589193705612,1.8103328227266395,1.6710764517476675,0.6962818548948615,1.392563709789723,1.5318200807686952,1.2533073388107507,2.924383790558418,1.949589193705612
40 - 49,2.397067117879301,0.9870276367738298,2.1150592216582065,1.551043429216018,1.6920473773265652,1.9740552735476595,2.6790750141003947,4.230118443316413,2.397067117879301
50 - 59,3.481894150417827,2.205199628597957,1.6248839368616526,0.9285051067780873,2.205199628597957,1.508820798514392,4.0622098421541315,4.642525533890436,3.481894150417827
60 - 69,6.375474769397721,1.627780792186652,1.3564839934888768,1.76342919153554,1.76342919153554,2.0347259902333152,3.52685838307108,6.918068366793271,6.375474769397721
70 - 79,9.702970297029703,2.376237623762376,0.9900990099009901,1.9801980198019802,1.188118811881188,2.376237623762376,4.752475247524752,5.9405940594059405,9.702970297029703
80+,5.840363400389357,0.6489292667099286,0.6489292667099286,3.244646333549643,2.2712524334847504,1.2978585334198571,4.866969500324465,6.489292667099286,5.840363400389357
