Altersgruppen,Fälle pro 1000 Personen,woche1,woche2,woche3,woche4,woche5,woche6,woche7,woche8
0 - 9,20.888552316041903,6.689385333838192,3.9126593462072448,5.490344566452102,13.883629938154739,22.907989397955323,34.078000757288905,21.772056039379024,20.888552316041903
10 - 19,39.20540221595751,10.227496230249788,11.079787582770603,23.142988264603687,29.240149478791057,35.92735855241592,48.515046220415655,43.13905461220743,39.20540221595751
20 - 29,22.493887530562347,10.812279271936974,17.006248302091823,34.5558272208639,27.65552838902472,30.209182287421896,35.37082314588427,29.17685411572942,22.493887530562347
30 - 39,28.631540431759973,11.251372118551043,15.504939626783754,21.084888401024514,22.594218807171607,30.826930113428467,39.92864983534577,32.427735089645076,28.631540431759973
40 - 49,26.6432953549518,9.15863277826468,11.174408413672216,15.205959684487292,20.508326029798422,25.85451358457493,31.63891323400526,29.88606485539001,26.6432953549518
50 - 59,16.850195846574533,7.538245510309659,9.274998152390806,13.376690562412238,14.152686423767646,16.222008720715394,20.8040795210997,17.034956765944866,16.850195846574533
60 - 69,10.256410256410257,5.128205128205129,7.057628839807058,7.971566387407972,8.834729626808835,12.592028433612592,14.47067783701447,12.947448591012947,10.256410256410257
70 - 79,6.377929397804806,3.4114506081281517,3.485612577870068,4.375556214773064,4.894690002966478,4.820528033224562,5.784633639869475,7.045387125482053,6.377929397804806
80+,6.728778467908903,4.011387163561077,4.140786749482402,2.846790890269151,3.4937888198757765,3.3643892339544514,5.693581780538302,6.858178053830228,6.728778467908903
