Altersgruppen,Fälle pro 1000 Personen,woche1,woche2,woche3,woche4,woche5,woche6,woche7,woche8
0 - 9,10.550830688307409,7.068862674968037,10.882718238874638,19.792359287091855,36.62852430933745,39.559627419158005,25.608945224868073,16.601220570641296,10.550830688307409
10 - 19,18.142479440799153,16.233116499391407,31.95534303788826,36.39561246759851,48.512180134620685,51.063098441667904,38.805270877624196,27.424431840922523,18.142479440799153
20 - 29,16.410212939755368,24.292625036844957,44.42104776454677,32.79827074346857,33.81837026819274,32.92445869223049,28.612876565067708,22.048213429094897,16.410212939755368
30 - 39,17.276770991691,17.93795194774901,27.698816791744086,28.43802031804252,37.24813590405637,39.63385696934598,32.59010802506374,24.106561135107743,17.276770991691
40 - 49,15.485107080701502,14.990715594222777,22.492315708082636,25.16652420312665,32.83125686134649,34.961135335924034,29.275633241418685,21.660839117186594,15.485107080701502
50 - 59,10.918252433013704,11.639516006740003,17.032443005167387,17.16176240792728,19.59958710162119,19.742762154676782,17.46812623113226,14.113519342872692,10.918252433013704
60 - 69,7.690534305531002,7.314226402961667,9.282606201016652,9.78917453139845,11.53838599059437,12.333388125418049,11.31198096130128,9.563803315024506,7.690534305531002
70 - 79,4.904496739161429,3.8589644885650003,4.695390289042144,4.632929920824695,5.542678762252756,6.247394655836582,6.007058021608572,5.613286135020306,4.904496739161429
80+,4.979390733794615,3.417057795408574,4.20040629384515,4.7480956339776865,5.498713693760924,5.9154812792801055,5.978760127343227,5.946029688689888,4.979390733794615
