Altersgruppen,Fälle pro 1000 Personen,woche1,woche2,woche3,woche4,woche5,woche6,woche7,woche8
0 - 9,0.0,0.0,0.28320589068252616,0.0,0.28320589068252616,0.0,0.0,0.8496176720475787,0.0
10 - 19,0.0,0.7928118393234672,0.2642706131078224,0.0,0.0,0.0,0.0,0.0,0.0
20 - 29,0.6778129236330773,0.45187528242205155,0.45187528242205155,0.22593764121102577,0.22593764121102577,0.22593764121102577,0.9037505648441031,0.22593764121102577,0.6778129236330773
30 - 39,0.8835873647006848,1.5462778882261983,0.4417936823503424,0.0,0.6626905235255136,0.0,0.4417936823503424,1.3253810470510272,0.8835873647006848
40 - 49,1.0584250635055037,1.9051651143099069,0.42337002540220153,0.8467400508044031,0.21168501270110077,0.42337002540220153,0.0,0.0,1.0584250635055037
50 - 59,1.088139281828074,1.088139281828074,1.2694958287994198,0.544069640914037,0.9067827348567282,1.088139281828074,0.3627130939426913,1.088139281828074,1.088139281828074
60 - 69,0.0,1.2698412698412698,0.4232804232804233,0.8465608465608466,0.6349206349206349,0.6349206349206349,0.0,0.8465608465608466,0.0
70 - 79,0.5694760820045558,1.9931662870159454,1.4236902050113895,0.2847380410022779,0.8542141230068337,0.8542141230068337,0.8542141230068337,0.0,0.5694760820045558
80+,0.4816955684007707,1.9267822736030829,1.445086705202312,2.4084778420038533,4.335260115606936,3.371868978805395,1.445086705202312,0.4816955684007707,0.4816955684007707
