Altersgruppen,Fälle pro 1000 Personen,woche1,woche2,woche3,woche4,woche5,woche6,woche7,woche8
0 - 9,20.66007342473964,8.503783621787667,8.691091631078145,7.9793211957743315,4.195699408106691,3.4651981718738294,4.757623435978123,10.077170899827676,20.66007342473964
10 - 19,43.09296264118158,18.283618109856164,15.599961386234193,12.31779129259581,8.012356405058403,10.86977507481417,23.824693503233902,27.33854619171735,43.09296264118158
20 - 29,30.95118651282285,9.774859001839436,9.95728249798574,8.63471215092504,8.999559143217647,14.791505145862788,32.5625940621152,24.353536735531538,30.95118651282285
30 - 39,30.215667793979044,11.98924433109719,11.310084825636192,10.090369795420525,8.995398347840549,10.935854077729113,16.050340965792536,19.1827909297555,30.215667793979044
40 - 49,26.613910243873082,13.34456664008786,11.102920158269267,9.327656501527029,8.60551535302171,9.538281003174411,12.968451458574673,17.045540026177616,26.613910243873082
50 - 59,15.919203517883007,8.69031929746728,8.103135561151925,7.372418022626147,5.610866813680077,7.515951824836567,10.373579341571304,11.026005715255033,15.919203517883007
60 - 69,8.497088172189489,6.079079113169636,5.738514456969656,4.716820488369717,3.4056465619997955,4.597622858699724,4.904131049279706,5.976909716309642,8.497088172189489
70 - 79,3.6096932910286474,3.9085850921966245,3.4487515519381984,2.460109440382581,2.1152342851887616,2.4371177633696606,2.276176024279211,2.3221593783050536,3.6096932910286474
80+,4.143328473874012,5.025703982199033,4.143328473874012,3.1074963554055093,1.4194736438272078,1.9949359318652653,2.340213304688099,2.340213304688099,4.143328473874012
