Altersgruppen,Fälle pro 1000 Personen,woche1,woche2,woche3,woche4,woche5,woche6,woche7,woche8
0 - 9,6.0446873471007745,25.618069281241056,16.593237021314938,10.59302944903245,8.232179862523282,8.493355976199899,9.597366797330757,9.187924767593177,6.0446873471007745
10 - 19,12.928812074895998,38.81704253570933,27.442089328050216,18.220172384160996,16.3708448989874,21.179567226762156,24.24137549470393,21.739898151614245,12.928812074895998
20 - 29,15.415158351426696,28.612876565067708,22.05110322944822,16.45837627897747,17.304124515717625,27.795063065076377,30.437303854801016,25.094063001500768,15.415158351426696
30 - 39,18.032061645874055,32.59815158900606,24.11299598626159,17.34674999798911,16.59065498741182,24.303628451694376,29.192506615831345,27.134158602993814,18.032061645874055
40 - 49,17.081475550509914,29.288117874915624,21.665000661685575,15.54753024818619,14.6261642961122,20.444003505685085,25.69254342779762,25.25891049100399,17.081475550509914
50 - 59,16.317337498239176,17.471975022881065,14.120447168020544,10.969826242447708,11.130705737547812,17.2348894511546,23.820941891711936,24.16656339075474,16.317337498239176
60 - 69,13.342389534505056,11.307845709624694,9.566904753781946,7.722582506024545,7.736022073973449,11.772027710321485,17.73609444087779,18.99217713764082,13.342389534505056
70 - 79,10.744541167492908,6.0111315238836225,5.617359637295357,4.924864250536683,4.919432914169949,7.310578749624899,12.372584243421633,14.450070403697653,10.744541167492908
80+,10.83595722349871,5.9765780980996706,5.978760127343227,5.0994023421901895,5.001211026230173,6.727196157882908,11.409830914553917,13.748966263645865,10.83595722349871
