altersklasse_covid19,COVID19FirstBoosterPersons,COVID19FullyVaccPersons,COVID19PartiallyVaccPersons,fully+partiallyVacc
0 - 9,0.0,1.2,1.2,2.4
10 - 19,8.0,36.9,2.1,39.0
20 - 29,20.5,57.3,0.9,58.199999999999996
30 - 39,26.7,61.0,1.0,62.0
40 - 49,36.2,66.6,0.7,67.3
50 - 59,43.2,71.0,0.7,71.7
60 - 69,56.4,78.3,0.8,79.1
70 - 79,68.0,84.6,0.9,85.5
80+,66.2,85.4,1.4,86.80000000000001
