altersklasse_covid19,COVID19FirstBoosterPersons,COVID19FullyVaccPersons,COVID19PartiallyVaccPersons,fully+partiallyVacc
0 - 9,0.0,1.3,0.3,1.6
10 - 19,8.7,38.1,1.3,39.4
20 - 29,23.3,61.7,0.6,62.300000000000004
30 - 39,27.7,65.2,0.6,65.8
40 - 49,35.0,70.4,0.4,70.80000000000001
50 - 59,45.4,76.5,0.1,76.6
60 - 69,61.3,84.8,-0.1,84.7
70 - 79,74.6,89.9,0.0,89.9
80+,74.6,92.2,0.4,92.60000000000001
