altersklasse_covid19,COVID19FirstBoosterPersons,COVID19FullyVaccPersons,COVID19PartiallyVaccPersons,fully+partiallyVacc
0 - 9,0.0,0.0,0.1,0.1
10 - 19,3.5,48.6,2.0,50.6
20 - 29,11.4,68.1,1.6,69.69999999999999
30 - 39,15.2,71.7,1.2,72.9
40 - 49,27.1,77.2,0.9,78.10000000000001
50 - 59,39.5,79.8,0.8,80.6
60 - 69,53.6,84.8,0.8,85.6
70 - 79,70.7,88.5,0.9,89.4
80+,73.7,94.9,1.6,96.5
