altersklasse_covid19,COVID19FirstBoosterPersons,COVID19FullyVaccPersons,COVID19PartiallyVaccPersons,fully+partiallyVacc
0 - 9,0.0,0.0,0.0,0.0
10 - 19,1.1,33.9,2.3,36.199999999999996
20 - 29,4.4,55.7,2.3,58.0
30 - 39,8.6,57.6,1.9,59.5
40 - 49,15.5,67.2,1.3,68.5
50 - 59,20.8,69.9,1.1,71.0
60 - 69,40.0,80.8,1.1,81.89999999999999
70 - 79,56.8,87.2,1.5,88.7
80+,52.8,93.1,3.4,96.5
