altersklasse_covid19,COVID19FirstBoosterPersons,COVID19FullyVaccPersons,COVID19PartiallyVaccPersons,fully+partiallyVacc
0 - 9,0.0,0.1,0.0,0.1
10 - 19,0.4,28.7,2.4,31.099999999999998
20 - 29,1.6,50.7,0.6,51.300000000000004
30 - 39,2.6,52.6,1.7,54.300000000000004
40 - 49,4.8,60.7,0.8,61.5
50 - 59,9.9,66.8,0.6,67.39999999999999
60 - 69,28.8,76.7,0.5,77.2
70 - 79,52.3,85.6,0.2,85.8
80+,50.1,82.0,1.4,83.4
