altersklasse_covid19,COVID19FirstBoosterPersons,COVID19FullyVaccPersons,COVID19PartiallyVaccPersons,fully+partiallyVacc
0 - 9,0.0,4.5,1.5,6.0
10 - 19,17.8,54.0,1.6,55.6
20 - 29,33.4,70.0,0.7,70.7
30 - 39,42.0,73.4,0.4,73.80000000000001
40 - 49,52.8,78.0,0.5,78.5
50 - 59,58.4,80.5,0.4,80.9
60 - 69,67.7,85.4,0.4,85.80000000000001
70 - 79,78.0,89.0,0.7,89.7
80+,79.5,95.6,1.3,96.89999999999999
