altersklasse_covid19,COVID19FirstBoosterPersons,COVID19FullyVaccPersons,COVID19PartiallyVaccPersons,fully+partiallyVacc
0 - 9,0.0,2.8,0.9,3.6999999999999997
10 - 19,14.1,49.0,1.8,50.8
20 - 29,31.8,71.4,1.2,72.60000000000001
30 - 39,37.6,73.2,1.0,74.2
40 - 49,45.3,77.3,0.9,78.2
50 - 59,54.3,80.5,0.8,81.3
60 - 69,67.9,86.2,0.7,86.9
70 - 79,78.8,90.9,0.6,91.5
80+,80.4,94.4,1.3,95.7
