altersklasse_covid19,COVID19FirstBoosterPersons,COVID19FullyVaccPersons,COVID19PartiallyVaccPersons,fully+partiallyVacc
0 - 9,0.0,0.0,0.1,0.1
10 - 19,3.7,34.9,2.1,37.0
20 - 29,14.5,59.7,1.7,61.400000000000006
30 - 39,18.4,63.6,1.5,65.1
40 - 49,25.1,69.4,1.0,70.4
50 - 59,35.7,75.6,0.6,76.19999999999999
60 - 69,53.2,84.1,0.4,84.5
70 - 79,69.6,89.4,0.4,89.80000000000001
80+,71.1,91.6,0.9,92.5
