altersklasse_covid19,COVID19FirstBoosterPersons,COVID19FullyVaccPersons,COVID19PartiallyVaccPersons,fully+partiallyVacc
0 - 9,0.1,0.3,1.3,1.6
10 - 19,10.9,41.5,2.0,43.5
20 - 29,28.2,68.8,1.0,69.8
30 - 39,28.9,65.8,0.8,66.6
40 - 49,35.5,69.0,0.8,69.8
50 - 59,45.8,74.4,0.7,75.10000000000001
60 - 69,60.4,81.7,0.3,82.0
70 - 79,75.8,89.6,0.3,89.89999999999999
80+,79.5,93.9,0.4,94.30000000000001
