altersklasse_covid19,COVID19FirstBoosterPersons,COVID19FullyVaccPersons,COVID19PartiallyVaccPersons,fully+partiallyVacc
0 - 9,0.1,1.1,3.2,4.300000000000001
10 - 19,13.4,48.7,3.5,52.2
20 - 29,28.7,69.4,1.2,70.60000000000001
30 - 39,33.3,70.5,1.0,71.5
40 - 49,43.0,76.4,0.6,77.0
50 - 59,52.8,80.3,0.4,80.7
60 - 69,67.8,86.6,0.5,87.1
70 - 79,80.4,92.1,0.8,92.89999999999999
80+,80.5,94.4,1.7,96.10000000000001
