altersklasse_covid19,COVID19FirstBoosterPersons,COVID19FullyVaccPersons,COVID19PartiallyVaccPersons,fully+partiallyVacc
0 - 9,0.1,0.9,0.8,1.7000000000000002
10 - 19,11.0,42.1,1.5,43.6
20 - 29,26.7,69.0,0.9,69.9
30 - 39,27.4,65.9,0.7,66.60000000000001
40 - 49,33.2,69.1,0.8,69.89999999999999
50 - 59,42.2,74.4,0.7,75.10000000000001
60 - 69,51.7,81.7,0.3,82.0
70 - 79,55.9,89.9,0.1,90.0
80+,56.8,93.9,0.4,94.30000000000001
