altersklasse_covid19,COVID19FirstBoosterPersons,COVID19FullyVaccPersons,COVID19PartiallyVaccPersons,fully+partiallyVacc
0 - 9,0.0,2.5,1.0,3.5
10 - 19,12.6,48.3,2.0,50.3
20 - 29,29.5,71.3,1.1,72.39999999999999
30 - 39,35.2,73.2,1.0,74.2
40 - 49,42.9,77.2,0.9,78.10000000000001
50 - 59,52.1,80.5,0.8,81.3
60 - 69,66.0,86.2,0.7,86.9
70 - 79,77.5,90.9,0.6,91.5
80+,78.4,94.4,1.3,95.7
