altersklasse_covid19,COVID19FirstBoosterPersons,COVID19FullyVaccPersons,COVID19PartiallyVaccPersons,fully+partiallyVacc
0 - 9,0.0,0.0,0.0,0.0
10 - 19,2.4,34.3,2.3,36.599999999999994
20 - 29,10.6,59.0,2.0,61.0
30 - 39,13.6,63.0,1.7,64.7
40 - 49,19.2,69.0,1.2,70.2
50 - 59,30.4,75.3,0.8,76.1
60 - 69,49.0,83.8,0.6,84.39999999999999
70 - 79,67.0,89.2,0.5,89.7
80+,69.5,91.3,1.0,92.3
