altersklasse_covid19,COVID19FirstBoosterPersons,COVID19FullyVaccPersons,COVID19PartiallyVaccPersons,fully+partiallyVacc
0 - 9,0.0,0.0,0.0,0.0
10 - 19,1.5,34.0,2.4,36.4
20 - 29,7.8,58.7,2.1,60.800000000000004
30 - 39,10.6,62.7,1.9,64.60000000000001
40 - 49,15.8,68.8,1.3,70.1
5 - 11,0.0,0.0,0.0,0.0
50 - 59,27.2,75.1,0.9,76.0
60 - 69,46.7,83.7,0.6,84.3
70 - 79,65.8,89.1,0.5,89.6
80+,68.7,91.2,1.1,92.3
