altersklasse_covid19,COVID19FirstBoosterPersons,COVID19FullyVaccPersons,COVID19PartiallyVaccPersons,fully+partiallyVacc
0 - 9,0.0,0.0,0.0,0.0
10 - 19,1.0,36.3,1.9,38.199999999999996
20 - 29,4.3,57.1,2.3,59.4
30 - 39,7.3,59.9,2.2,62.1
40 - 49,12.7,67.5,2.0,69.5
50 - 59,20.0,72.9,2.2,75.10000000000001
60 - 69,39.9,82.0,2.4,84.4
70 - 79,61.5,89.0,1.8,90.8
80+,61.6,88.7,3.4,92.10000000000001
