altersklasse_covid19,COVID19FirstBoosterPersons,COVID19FullyVaccPersons,COVID19PartiallyVaccPersons,fully+partiallyVacc
0 - 9,0.0,0.0,0.0,0.0
10 - 19,0.0,32.1,3.5,35.6
20 - 29,0.6,54.7,5.7,60.400000000000006
30 - 39,0.6,60.0,4.7,64.7
40 - 49,1.0,64.6,4.9,69.5
50 - 59,1.2,68.1,4.0,72.1
60 - 69,3.3,76.6,2.8,79.39999999999999
70 - 79,8.7,84.4,1.7,86.10000000000001
80+,7.3,78.8,1.4,80.2
