altersklasse_covid19,COVID19FirstBoosterPersons,COVID19FullyVaccPersons,COVID19PartiallyVaccPersons,fully+partiallyVacc
0 - 9,0.1,1.1,0.8,1.9000000000000001
10 - 19,11.3,42.3,1.4,43.699999999999996
20 - 29,27.6,69.1,0.9,70.0
30 - 39,28.7,65.9,0.6,66.5
40 - 49,35.1,69.1,0.8,69.89999999999999
50 - 59,44.5,74.4,0.7,75.10000000000001
60 - 69,54.0,81.8,0.3,82.1
70 - 79,56.9,89.9,0.1,90.0
80+,57.4,94.0,0.3,94.3
