altersklasse_covid19,COVID19FirstBoosterPersons,COVID19FullyVaccPersons,COVID19PartiallyVaccPersons,fully+partiallyVacc
0 - 9,0.1,0.0,0.0,0.0
10 - 19,0.6,42.0,2.7,44.7
20 - 29,3.6,65.6,2.6,68.19999999999999
30 - 39,5.2,68.2,2.3,70.5
40 - 49,8.4,74.0,1.7,75.7
50 - 59,12.6,79.1,1.3,80.39999999999999
60 - 69,29.4,86.6,1.2,87.8
70 - 79,57.1,92.8,0.8,93.6
80+,62.2,95.5,2.0,97.5
