altersklasse_covid19,COVID19FirstBoosterPersons,COVID19FullyVaccPersons,COVID19PartiallyVaccPersons,fully+partiallyVacc
0 - 9,0.0,0.1,2.1,2.2
10 - 19,9.7,49.7,2.7,52.400000000000006
20 - 29,24.9,69.0,1.2,70.2
30 - 39,33.6,72.4,0.9,73.30000000000001
40 - 49,45.7,77.6,0.7,78.3
50 - 59,52.0,80.2,0.5,80.7
60 - 69,62.4,85.2,0.6,85.8
70 - 79,74.9,88.7,0.9,89.60000000000001
80+,76.7,95.1,1.5,96.6
