altersklasse_covid19,COVID19FirstBoosterPersons,COVID19FullyVaccPersons,COVID19PartiallyVaccPersons,fully+partiallyVacc
0 - 9,0.0,0.0,1.1,1.1
10 - 19,7.9,47.8,3.7,51.5
20 - 29,26.8,74.0,2.0,76.0
30 - 39,32.5,78.4,1.7,80.10000000000001
40 - 49,37.6,80.6,1.6,82.19999999999999
50 - 59,50.3,80.8,1.0,81.8
60 - 69,62.6,85.2,0.8,86.0
70 - 79,73.5,88.9,1.1,90.0
80+,75.2,92.3,1.9,94.2
