altersklasse_covid19,COVID19FirstBoosterPersons,COVID19FullyVaccPersons,COVID19PartiallyVaccPersons,fully+partiallyVacc
0 - 9,0.0,0.1,2.3,2.4
10 - 19,6.6,35.5,3.4,38.9
20 - 29,19.0,56.8,1.2,58.0
30 - 39,25.2,60.7,1.3,62.0
40 - 49,34.5,66.4,0.9,67.30000000000001
50 - 59,41.4,70.9,0.9,71.80000000000001
60 - 69,54.4,78.2,1.0,79.2
70 - 79,66.6,84.5,1.0,85.5
80+,65.1,85.2,1.6,86.8
