altersklasse_covid19,COVID19FirstBoosterPersons,COVID19FullyVaccPersons,COVID19PartiallyVaccPersons,fully+partiallyVacc
0 - 9,0.1,1.6,1.6,3.2
10 - 19,10.4,43.6,3.4,47.0
20 - 29,28.0,68.3,1.9,70.2
30 - 39,35.0,72.6,1.6,74.19999999999999
40 - 49,42.0,76.4,1.5,77.9
50 - 59,49.1,79.1,1.6,80.69999999999999
60 - 69,64.3,86.4,1.2,87.60000000000001
70 - 79,73.9,90.7,0.9,91.60000000000001
80+,72.1,94.8,1.0,95.8
