altersklasse_covid19,COVID19FirstBoosterPersons,COVID19FullyVaccPersons,COVID19PartiallyVaccPersons,fully+partiallyVacc
0 - 9,0.0,4.3,1.5,5.8
10 - 19,17.4,53.8,1.6,55.4
20 - 29,33.0,69.9,0.7,70.60000000000001
30 - 39,41.4,73.4,0.4,73.80000000000001
40 - 49,52.4,78.0,0.5,78.5
50 - 59,58.0,80.5,0.4,80.9
60 - 69,67.4,85.4,0.5,85.9
70 - 79,77.8,89.0,0.7,89.7
80+,79.3,95.5,1.3,96.8
