altersklasse_covid19,COVID19FirstBoosterPersons,COVID19FullyVaccPersons,COVID19PartiallyVaccPersons,fully+partiallyVacc
0 - 9,0.0,0.0,0.0,0.0
10 - 19,0.1,34.8,2.4,37.199999999999996
20 - 29,0.7,55.8,2.5,58.3
30 - 39,1.3,58.5,2.4,60.9
40 - 49,2.3,66.6,2.0,68.6
50 - 59,4.1,72.3,2.1,74.39999999999999
60 - 69,18.0,81.4,1.9,83.30000000000001
70 - 79,42.1,88.5,0.3,88.8
80+,43.2,88.0,1.6,89.6
