altersklasse_covid19,COVID19FirstBoosterPersons,COVID19FullyVaccPersons,COVID19PartiallyVaccPersons,fully+partiallyVacc
0 - 9,0.0,0.0,0.0,0.0
10 - 19,2.6,34.0,2.6,36.6
20 - 29,7.0,55.8,2.4,58.199999999999996
30 - 39,11.4,57.7,1.9,59.6
40 - 49,18.9,67.4,1.3,68.7
5 - 11,0.0,0.0,0.0,0.0
50 - 59,25.2,70.1,1.1,71.19999999999999
60 - 69,44.2,80.8,1.1,81.89999999999999
70 - 79,58.9,87.2,1.6,88.8
80+,54.8,93.1,3.4,96.5
