altersklasse_covid19,COVID19FirstBoosterPersons,COVID19FullyVaccPersons,COVID19PartiallyVaccPersons,fully+partiallyVacc
0 - 9,0.1,0.0,0.4,0.4
10 - 19,4.9,45.9,2.7,48.6
20 - 29,15.0,67.6,2.0,69.6
30 - 39,17.8,69.0,1.8,70.8
40 - 49,25.5,75.4,1.2,76.60000000000001
50 - 59,33.6,79.5,0.9,80.4
60 - 69,51.6,86.0,0.8,86.8
70 - 79,71.6,91.6,1.1,92.69999999999999
80+,72.9,93.8,1.9,95.7
