altersklasse_covid19,COVID19FirstBoosterPersons,COVID19FullyVaccPersons,COVID19PartiallyVaccPersons,fully+partiallyVacc
0 - 9,0.1,0.8,2.4,3.2
10 - 19,9.9,42.7,4.2,46.900000000000006
20 - 29,27.3,68.2,2.0,70.2
30 - 39,34.4,72.5,1.7,74.2
40 - 49,41.4,76.3,1.6,77.89999999999999
50 - 59,48.5,79.0,1.6,80.6
60 - 69,63.8,86.3,1.3,87.6
70 - 79,73.6,90.7,0.9,91.60000000000001
80+,71.7,94.7,1.1,95.8
