altersklasse_covid19,COVID19FirstBoosterPersons,COVID19FullyVaccPersons,COVID19PartiallyVaccPersons,fully+partiallyVacc
0 - 9,0.1,0.1,2.7,2.8000000000000003
10 - 19,8.2,47.0,3.8,50.8
20 - 29,22.3,68.6,1.6,70.19999999999999
30 - 39,26.8,69.8,1.3,71.1
40 - 49,35.6,76.0,0.9,76.9
50 - 59,44.6,80.0,0.6,80.6
60 - 69,60.8,86.4,0.6,87.0
70 - 79,76.2,91.9,0.9,92.80000000000001
80+,76.7,94.1,1.8,95.89999999999999
