altersklasse_covid19,COVID19FirstBoosterPersons,COVID19FullyVaccPersons,COVID19PartiallyVaccPersons,fully+partiallyVacc
0 - 9,0.1,0.2,3.7,3.9000000000000004
10 - 19,11.5,47.7,4.1,51.800000000000004
20 - 29,26.6,69.1,1.4,70.5
30 - 39,31.2,70.2,1.2,71.4
40 - 49,40.8,76.2,0.7,76.9
50 - 59,50.4,80.2,0.5,80.7
60 - 69,65.8,86.5,0.6,87.1
70 - 79,79.2,92.0,0.8,92.8
80+,79.5,94.3,1.8,96.1
