altersklasse_covid19,COVID19FirstBoosterPersons,COVID19FullyVaccPersons,COVID19PartiallyVaccPersons,fully+partiallyVacc
0 - 9,0.0,2.0,0.6,2.6
10 - 19,12.5,41.4,1.5,42.9
20 - 29,27.1,62.1,1.5,63.6
30 - 39,31.8,61.6,1.2,62.800000000000004
40 - 49,41.4,68.5,1.3,69.8
50 - 59,51.9,74.6,1.7,76.3
60 - 69,65.2,80.4,1.9,82.30000000000001
70 - 79,76.9,87.8,1.4,89.2
80+,77.9,87.4,2.7,90.10000000000001
