altersklasse_covid19,COVID19FirstBoosterPersons,COVID19FullyVaccPersons,COVID19PartiallyVaccPersons,fully+partiallyVacc
0 - 9,0.0,0.2,6.1,6.3
10 - 19,11.0,49.4,6.1,55.5
20 - 29,37.6,75.0,1.7,76.7
30 - 39,44.9,79.0,1.4,80.4
40 - 49,49.4,81.2,1.2,82.4
50 - 59,58.4,81.2,0.9,82.10000000000001
60 - 69,68.6,85.6,0.6,86.19999999999999
70 - 79,76.8,89.2,1.0,90.2
80+,77.7,92.7,1.7,94.4
