altersklasse_covid19,COVID19FirstBoosterPersons,COVID19FullyVaccPersons,COVID19PartiallyVaccPersons,fully+partiallyVacc
0 - 9,0.0,4.1,1.6,5.699999999999999
10 - 19,16.7,53.5,1.6,55.1
20 - 29,32.2,69.8,0.7,70.5
30 - 39,40.3,73.3,0.4,73.7
40 - 49,51.4,78.0,0.5,78.5
50 - 59,57.1,80.5,0.4,80.9
60 - 69,66.8,85.4,0.5,85.9
70 - 79,77.3,88.9,0.7,89.60000000000001
80+,79.0,95.5,1.3,96.8
