altersklasse_covid19,COVID19FirstBoosterPersons,COVID19FullyVaccPersons,COVID19PartiallyVaccPersons,fully+partiallyVacc
0 - 9,0.0,0.9,1.6,2.5
10 - 19,11.2,43.4,3.0,46.4
20 - 29,26.4,64.5,1.6,66.1
30 - 39,32.2,69.7,1.8,71.5
40 - 49,40.7,72.9,1.0,73.9
50 - 59,48.8,76.1,1.0,77.1
60 - 69,65.6,83.7,0.9,84.60000000000001
70 - 79,75.6,90.5,0.4,90.9
80+,74.8,95.4,1.4,96.80000000000001
