altersklasse_covid19,COVID19FirstBoosterPersons,COVID19FullyVaccPersons,COVID19PartiallyVaccPersons,fully+partiallyVacc
0 - 9,0.1,0.4,3.7,4.1000000000000005
10 - 19,11.8,46.1,3.9,50.0
20 - 29,26.9,68.9,1.5,70.4
30 - 39,32.0,71.1,1.3,72.39999999999999
40 - 49,40.8,75.8,1.0,76.8
50 - 59,50.3,80.6,0.6,81.19999999999999
60 - 69,65.7,87.7,0.8,88.5
70 - 79,77.7,93.5,0.5,94.0
80+,78.2,96.5,1.6,98.1
