altersklasse_covid19,COVID19FirstBoosterPersons,COVID19FullyVaccPersons,COVID19PartiallyVaccPersons,fully+partiallyVacc
0 - 9,0.1,0.2,3.6,3.8000000000000003
10 - 19,11.2,47.6,4.2,51.800000000000004
20 - 29,26.2,69.1,1.4,70.5
30 - 39,30.8,70.2,1.2,71.4
40 - 49,40.4,76.2,0.7,76.9
50 - 59,49.9,80.2,0.5,80.7
60 - 69,65.4,86.5,0.6,87.1
70 - 79,78.9,92.0,0.9,92.9
80+,79.2,94.3,1.8,96.1
