altersklasse_covid19,COVID19FirstBoosterPersons,COVID19FullyVaccPersons,COVID19PartiallyVaccPersons,fully+partiallyVacc
0 - 9,0.1,0.0,0.0,0.0
10 - 19,2.0,39.5,3.2,42.7
20 - 29,9.5,65.9,3.0,68.9
30 - 39,13.6,70.6,2.5,73.1
40 - 49,18.8,75.1,2.1,77.19999999999999
5 - 11,0.0,0.0,0.0,0.0
50 - 59,27.2,78.0,2.1,80.1
60 - 69,47.3,85.5,1.6,87.1
70 - 79,63.5,90.1,1.2,91.3
80+,62.8,93.9,1.4,95.30000000000001
