altersklasse_covid19,COVID19FirstBoosterPersons,COVID19FullyVaccPersons,COVID19PartiallyVaccPersons,fully+partiallyVacc
0 - 9,0.0,0.1,2.1,2.2
10 - 19,8.5,38.6,3.6,42.2
20 - 29,20.9,59.3,2.2,61.5
30 - 39,27.1,61.6,1.8,63.4
40 - 49,36.6,68.7,1.6,70.3
50 - 59,45.8,73.8,1.9,75.7
60 - 69,61.5,82.8,2.1,84.89999999999999
70 - 79,73.4,89.6,1.6,91.19999999999999
80+,71.9,89.5,3.0,92.5
