altersklasse_covid19,COVID19FirstBoosterPersons,COVID19FullyVaccPersons,COVID19PartiallyVaccPersons,fully+partiallyVacc
0 - 9,0.1,0.1,1.3,1.4000000000000001
10 - 19,9.4,40.9,2.2,43.1
20 - 29,25.3,68.2,1.4,69.60000000000001
30 - 39,26.6,65.4,1.0,66.4
40 - 49,32.6,69.0,0.8,69.8
50 - 59,43.2,74.2,0.8,75.0
60 - 69,57.8,81.4,0.6,82.0
70 - 79,71.8,89.5,0.5,90.0
80+,75.2,93.8,0.4,94.2
