altersklasse_covid19,COVID19FirstBoosterPersons,COVID19FullyVaccPersons,COVID19PartiallyVaccPersons,fully+partiallyVacc
0 - 9,0.0,0.0,0.0,0.0
10 - 19,0.2,37.8,3.1,40.9
20 - 29,0.9,64.2,2.8,67.0
30 - 39,1.8,69.1,2.5,71.6
40 - 49,2.9,74.1,2.2,76.3
50 - 59,4.8,77.1,2.1,79.19999999999999
60 - 69,18.0,84.7,1.6,86.3
70 - 79,42.9,89.6,0.3,89.89999999999999
80+,45.1,93.2,-0.0,93.2
