altersklasse_covid19,COVID19FirstBoosterPersons,COVID19FullyVaccPersons,COVID19PartiallyVaccPersons,fully+partiallyVacc
0 - 9,0.0,0.4,2.0,2.4
10 - 19,7.2,36.0,3.0,39.0
20 - 29,19.8,57.0,1.1,58.1
30 - 39,25.9,60.8,1.2,62.0
40 - 49,35.1,66.4,0.9,67.30000000000001
50 - 59,42.2,70.9,0.8,71.7
60 - 69,55.4,78.2,1.0,79.2
70 - 79,67.2,84.6,0.9,85.5
80+,65.5,85.3,1.6,86.89999999999999
