altersklasse_covid19,COVID19FirstBoosterPersons,COVID19FullyVaccPersons,COVID19PartiallyVaccPersons,fully+partiallyVacc
0 - 9,0.0,1.6,0.7,2.3
10 - 19,10.4,38.0,1.4,39.4
20 - 29,22.3,58.7,0.9,59.6
30 - 39,28.0,60.0,0.7,60.7
40 - 49,38.6,68.5,0.7,69.2
50 - 59,45.2,71.3,0.4,71.7
60 - 69,60.5,81.6,0.6,82.19999999999999
70 - 79,67.8,88.0,1.0,89.0
80+,60.4,93.9,2.9,96.80000000000001
