altersklasse_covid19,COVID19FirstBoosterPersons,COVID19FullyVaccPersons,COVID19PartiallyVaccPersons,fully+partiallyVacc
0 - 9,0.1,3.1,1.2,4.3
10 - 19,13.6,48.5,1.9,50.4
20 - 29,29.4,69.6,1.1,70.69999999999999
30 - 39,34.5,71.7,0.9,72.60000000000001
40 - 49,43.1,76.1,0.8,76.89999999999999
50 - 59,53.1,80.8,0.5,81.3
60 - 69,68.4,87.9,0.7,88.60000000000001
70 - 79,79.3,93.6,0.4,94.0
80+,79.8,96.8,1.4,98.2
