altersklasse_covid19,COVID19FirstBoosterPersons,COVID19FullyVaccPersons,COVID19PartiallyVaccPersons,fully+partiallyVacc
0 - 9,0.0,0.0,1.1,1.1
10 - 19,7.1,47.6,3.8,51.4
20 - 29,25.3,73.8,2.2,76.0
30 - 39,31.3,78.3,1.7,80.0
40 - 49,36.6,80.5,1.6,82.1
50 - 59,49.7,80.8,1.0,81.8
60 - 69,62.0,85.2,0.9,86.10000000000001
70 - 79,73.1,88.9,1.1,90.0
80+,74.9,92.2,1.9,94.10000000000001
