altersklasse_covid19,COVID19FirstBoosterPersons,COVID19FullyVaccPersons,COVID19PartiallyVaccPersons,fully+partiallyVacc
0 - 9,0.0,0.1,1.0,1.1
10 - 19,6.9,30.6,2.9,33.5
20 - 29,17.8,53.2,0.9,54.1
30 - 39,21.0,55.4,1.1,56.5
40 - 49,29.8,62.2,0.8,63.0
50 - 59,39.3,68.2,0.4,68.60000000000001
60 - 69,53.5,77.6,-0.2,77.39999999999999
70 - 79,65.5,86.8,0.3,87.1
80+,58.7,83.7,0.7,84.4
