altersklasse_covid19,COVID19FirstBoosterPersons,COVID19FullyVaccPersons,COVID19PartiallyVaccPersons,fully+partiallyVacc
0 - 9,0.0,0.0,1.1,1.1
10 - 19,7.0,47.6,3.8,51.4
20 - 29,24.0,73.7,2.2,75.9
30 - 39,29.6,78.3,1.7,80.0
40 - 49,35.2,80.5,1.6,82.1
50 - 59,48.6,80.8,1.0,81.8
60 - 69,61.0,85.2,0.9,86.10000000000001
70 - 79,72.7,88.8,1.1,89.89999999999999
80+,74.7,92.2,1.9,94.10000000000001
