altersklasse_covid19,COVID19FirstBoosterPersons,COVID19FullyVaccPersons,COVID19PartiallyVaccPersons,fully+partiallyVacc
0 - 9,0.0,0.0,0.0,0.0
10 - 19,0.6,35.8,2.0,37.8
20 - 29,2.8,56.8,2.3,59.099999999999994
30 - 39,5.0,59.5,2.2,61.7
40 - 49,9.2,67.2,2.0,69.2
50 - 59,15.2,72.8,2.2,75.0
60 - 69,34.1,81.8,2.4,84.2
70 - 79,56.9,88.9,1.7,90.60000000000001
80+,57.9,88.4,3.2,91.60000000000001
