altersklasse_covid19,COVID19FirstBoosterPersons,COVID19FullyVaccPersons,COVID19PartiallyVaccPersons,fully+partiallyVacc
0 - 9,0.0,1.4,0.3,1.7
10 - 19,9.6,38.7,1.2,39.900000000000006
20 - 29,24.6,61.9,0.6,62.5
30 - 39,28.8,65.3,0.6,65.89999999999999
40 - 49,36.2,70.4,0.4,70.80000000000001
50 - 59,46.6,76.5,0.1,76.6
60 - 69,62.2,84.8,-0.1,84.7
70 - 79,75.2,89.9,0.0,89.9
80+,75.0,92.2,0.4,92.60000000000001
