altersklasse_covid19,COVID19FirstBoosterPersons,COVID19FullyVaccPersons,COVID19PartiallyVaccPersons,fully+partiallyVacc
0 - 9,0.0,0.2,2.9,3.1
10 - 19,10.1,45.7,4.0,49.7
20 - 29,26.6,70.6,1.7,72.3
30 - 39,32.7,72.6,1.5,74.1
40 - 49,40.4,76.9,1.2,78.10000000000001
50 - 59,49.4,80.2,1.1,81.3
60 - 69,63.6,85.9,1.0,86.9
70 - 79,75.8,90.8,1.0,91.8
80+,76.8,94.1,1.6,95.69999999999999
