altersklasse_covid19,COVID19FirstBoosterPersons,COVID19FullyVaccPersons,COVID19PartiallyVaccPersons,fully+partiallyVacc
0 - 9,0.0,1.5,0.3,1.8
10 - 19,10.2,38.6,1.1,39.7
20 - 29,25.8,62.8,0.6,63.4
30 - 39,29.0,64.0,0.5,64.5
40 - 49,37.0,70.2,0.4,70.60000000000001
50 - 59,47.8,76.8,0.1,76.89999999999999
60 - 69,61.9,82.5,-0.1,82.4
70 - 79,76.1,88.8,0.0,88.8
80+,82.8,90.0,0.4,90.4
