altersklasse_covid19,COVID19FirstBoosterPersons,COVID19FullyVaccPersons,COVID19PartiallyVaccPersons,fully+partiallyVacc
0 - 9,0.1,0.1,2.3,2.4
10 - 19,6.2,44.4,3.8,48.199999999999996
20 - 29,18.8,67.7,2.1,69.8
30 - 39,23.5,70.2,1.8,72.0
40 - 49,31.7,75.2,1.4,76.60000000000001
50 - 59,40.2,80.2,0.9,81.10000000000001
60 - 69,57.0,87.3,1.0,88.3
70 - 79,73.2,93.2,0.6,93.8
80+,74.7,96.2,1.8,98.0
