altersklasse_covid19,COVID19FirstBoosterPersons,COVID19FullyVaccPersons,COVID19PartiallyVaccPersons,fully+partiallyVacc
0 - 4,0.0,0.0,0.0,0.0
0 - 9,0.0,2.9,0.8,3.7
10 - 19,14.8,48.6,1.7,50.300000000000004
20 - 29,33.5,72.2,1.1,73.3
30 - 39,38.6,72.6,1.0,73.6
40 - 49,46.4,77.0,0.8,77.8
50 - 59,55.4,80.4,0.8,81.2
60 - 69,67.7,84.1,0.6,84.69999999999999
70 - 79,79.6,89.9,0.6,90.5
80+,81.8,91.8,1.2,93.0
