altersklasse_covid19,COVID19FirstBoosterPersons,COVID19FullyVaccPersons,COVID19PartiallyVaccPersons,fully+partiallyVacc
0 - 9,0.0,0.0,0.0,0.0
10 - 19,0.1,33.3,2.8,36.099999999999994
20 - 29,0.6,57.2,2.2,59.400000000000006
30 - 39,1.2,61.0,2.2,63.2
40 - 49,2.2,67.9,1.5,69.4
50 - 59,3.9,74.7,1.1,75.8
60 - 69,19.6,82.6,1.0,83.6
70 - 79,42.9,88.4,0.8,89.2
80+,43.6,83.8,0.3,84.1
