altersklasse_covid19,COVID19FirstBoosterPersons,COVID19FullyVaccPersons,COVID19PartiallyVaccPersons,fully+partiallyVacc
0 - 9,0.1,3.1,1.2,4.3
10 - 19,13.4,48.4,1.9,50.3
20 - 29,29.1,69.6,1.1,70.69999999999999
30 - 39,34.2,71.6,0.9,72.5
40 - 49,42.8,76.1,0.8,76.89999999999999
50 - 59,52.7,80.8,0.5,81.3
60 - 69,68.0,87.9,0.7,88.60000000000001
70 - 79,79.2,93.6,0.4,94.0
80+,79.6,96.8,1.4,98.2
