altersklasse_covid19,COVID19FirstBoosterPersons,COVID19FullyVaccPersons,COVID19PartiallyVaccPersons,fully+partiallyVacc
0 - 9,0.0,0.1,1.2,1.3
10 - 19,5.7,35.9,2.7,38.6
20 - 29,19.0,60.6,1.4,62.0
30 - 39,23.9,64.4,1.0,65.4
40 - 49,31.3,69.9,0.7,70.60000000000001
50 - 59,41.5,76.1,0.3,76.39999999999999
60 - 69,58.0,84.4,0.2,84.60000000000001
70 - 79,72.6,89.7,0.2,89.9
80+,73.2,92.0,0.6,92.6
