altersklasse_covid19,COVID19FirstBoosterPersons,COVID19FullyVaccPersons,COVID19PartiallyVaccPersons,fully+partiallyVacc
0 - 9,0.0,0.0,0.6,0.6
10 - 19,4.9,37.2,2.9,40.1
20 - 29,14.1,58.2,2.5,60.7
30 - 39,19.9,60.8,2.1,62.9
40 - 49,28.5,68.1,1.9,70.0
50 - 59,37.6,73.3,2.2,75.5
60 - 69,54.2,82.4,2.4,84.80000000000001
70 - 79,68.7,89.3,1.7,91.0
80+,67.4,89.1,3.3,92.39999999999999
