altersklasse_covid19,COVID19FirstBoosterPersons,COVID19FullyVaccPersons,COVID19PartiallyVaccPersons,fully+partiallyVacc
0 - 9,0.0,1.2,0.1,1.3
10 - 19,8.7,32.2,1.6,33.800000000000004
20 - 29,20.9,54.2,0.1,54.300000000000004
30 - 39,24.0,55.8,1.1,56.9
40 - 49,33.3,62.6,0.5,63.1
50 - 59,41.9,68.6,0.1,68.69999999999999
60 - 69,57.4,77.7,-0.4,77.3
70 - 79,67.2,87.2,-0.1,87.10000000000001
80+,60.3,84.0,0.5,84.5
