altersklasse_covid19,COVID19FirstBoosterPersons,COVID19FullyVaccPersons,COVID19PartiallyVaccPersons,fully+partiallyVacc
0 - 9,0.0,0.2,1.5,1.7
10 - 19,5.7,37.2,5.8,43.0
20 - 29,12.9,61.6,7.1,68.7
30 - 39,14.9,67.9,5.9,73.80000000000001
40 - 49,21.0,73.0,5.8,78.8
50 - 59,28.3,77.0,5.2,82.2
60 - 69,40.9,87.9,3.4,91.30000000000001
70 - 79,55.1,100.2,1.9,102.10000000000001
80+,51.7,95.2,2.1,97.3
