altersklasse_covid19,COVID19FirstBoosterPersons,COVID19FullyVaccPersons,COVID19PartiallyVaccPersons,fully+partiallyVacc
0 - 9,0.1,0.0,0.2,0.2
10 - 19,4.0,45.6,2.6,48.2
20 - 29,13.0,67.4,2.1,69.5
30 - 39,15.4,68.8,1.8,70.6
40 - 49,22.6,75.3,1.3,76.6
50 - 59,30.4,79.4,0.9,80.30000000000001
60 - 69,48.7,85.9,0.9,86.80000000000001
70 - 79,70.1,91.5,1.2,92.7
80+,71.6,93.7,2.0,95.7
