altersklasse_covid19,COVID19FirstBoosterPersons,COVID19FullyVaccPersons,COVID19PartiallyVaccPersons,fully+partiallyVacc
0 - 9,0.0,0.1,1.1,1.2000000000000002
10 - 19,6.3,35.4,2.8,38.199999999999996
20 - 29,15.1,57.2,1.7,58.900000000000006
30 - 39,21.7,58.9,1.4,60.3
40 - 49,31.3,68.0,1.0,69.0
50 - 59,37.6,70.7,0.8,71.5
60 - 69,54.4,81.3,0.7,82.0
70 - 79,64.0,87.6,1.4,89.0
80+,58.0,93.7,3.0,96.7
