altersklasse_covid19,COVID19FirstBoosterPersons,COVID19FullyVaccPersons,COVID19PartiallyVaccPersons,fully+partiallyVacc
0 - 9,0.1,2.8,1.5,4.3
10 - 19,14.3,50.4,2.0,52.4
20 - 29,30.0,69.8,0.8,70.6
30 - 39,34.5,70.8,0.7,71.5
40 - 49,44.1,76.5,0.5,77.0
50 - 59,54.1,80.4,0.3,80.7
60 - 69,69.1,86.7,0.4,87.10000000000001
70 - 79,81.2,92.1,0.8,92.89999999999999
80+,81.3,94.6,1.5,96.1
