altersklasse_covid19,COVID19FirstBoosterPersons,COVID19FullyVaccPersons,COVID19PartiallyVaccPersons,fully+partiallyVacc
0 - 9,0.0,0.0,0.0,0.0
10 - 19,1.6,33.6,2.3,35.9
20 - 29,6.7,54.9,1.9,56.8
30 - 39,9.9,59.0,2.1,61.1
40 - 49,16.0,65.4,1.2,66.60000000000001
5 - 11,0.0,0.0,0.0,0.0
50 - 59,22.0,70.0,1.2,71.2
60 - 69,35.8,77.3,1.4,78.7
70 - 79,54.2,83.9,1.4,85.30000000000001
80+,54.7,84.4,2.1,86.5
