altersklasse_covid19,COVID19FirstBoosterPersons,COVID19FullyVaccPersons,COVID19PartiallyVaccPersons,fully+partiallyVacc
0 - 9,0.0,0.0,0.0,0.0
10 - 19,0.4,34.6,2.6,37.2
20 - 29,3.1,58.5,2.2,60.7
30 - 39,5.3,62.3,2.1,64.39999999999999
40 - 49,8.9,68.8,1.4,70.2
50 - 59,18.0,75.5,1.0,76.5
60 - 69,39.7,83.3,0.8,84.1
70 - 79,60.8,88.9,0.7,89.60000000000001
80+,57.7,84.3,0.3,84.6
