altersklasse_covid19,COVID19FirstBoosterPersons,COVID19FullyVaccPersons,COVID19PartiallyVaccPersons,fully+partiallyVacc
0 - 9,0.1,0.0,0.0,0.0
10 - 19,2.9,39.8,3.1,42.9
20 - 29,13.3,66.3,2.8,69.1
30 - 39,18.4,70.8,2.4,73.2
40 - 49,24.4,75.3,2.1,77.39999999999999
50 - 59,32.6,78.2,2.0,80.2
60 - 69,51.4,85.6,1.6,87.19999999999999
70 - 79,65.8,90.2,1.2,91.4
80+,64.6,94.0,1.3,95.3
