altersklasse_covid19,COVID19FirstBoosterPersons,COVID19FullyVaccPersons,COVID19PartiallyVaccPersons,fully+partiallyVacc
0 - 9,0.0,0.1,0.1,0.2
10 - 19,0.5,39.6,2.9,42.5
20 - 29,2.1,61.3,2.4,63.699999999999996
30 - 39,4.2,66.6,2.7,69.3
40 - 49,7.3,71.0,1.8,72.8
50 - 59,12.7,74.4,1.3,75.7
60 - 69,32.7,82.4,1.4,83.80000000000001
70 - 79,56.6,89.7,0.5,90.2
80+,61.1,94.1,2.1,96.19999999999999
