altersklasse_covid19,COVID19FirstBoosterPersons,COVID19FullyVaccPersons,COVID19PartiallyVaccPersons,fully+partiallyVacc
0 - 9,0.1,0.0,0.5,0.5
10 - 19,4.8,43.7,3.0,46.7
20 - 29,15.8,67.2,2.4,69.60000000000001
30 - 39,19.8,69.8,2.0,71.8
40 - 49,27.2,75.0,1.5,76.5
50 - 59,35.4,80.0,1.0,81.0
60 - 69,52.6,87.2,1.1,88.3
70 - 79,71.1,93.2,0.6,93.8
80+,73.3,96.1,1.8,97.89999999999999
