altersklasse_covid19,COVID19FirstBoosterPersons,COVID19FullyVaccPersons,COVID19PartiallyVaccPersons,fully+partiallyVacc
0 - 9,0.0,2.0,0.4,2.4
10 - 19,11.3,38.8,1.1,39.9
20 - 29,23.5,59.0,0.8,59.8
30 - 39,29.4,60.2,0.7,60.900000000000006
40 - 49,40.2,68.6,0.7,69.3
50 - 59,47.0,71.4,0.4,71.80000000000001
60 - 69,62.0,81.8,0.5,82.3
70 - 79,68.6,88.1,1.0,89.1
80+,61.4,94.1,2.8,96.89999999999999
