altersklasse_covid19,COVID19FirstBoosterPersons,COVID19FullyVaccPersons,COVID19PartiallyVaccPersons,fully+partiallyVacc
0 - 9,0.0,1.8,0.7,2.5
10 - 19,10.1,38.0,1.6,39.6
20 - 29,22.6,57.8,0.8,58.599999999999994
30 - 39,29.1,61.3,0.9,62.199999999999996
40 - 49,38.4,66.8,0.7,67.5
50 - 59,45.7,71.1,0.7,71.8
60 - 69,58.6,78.5,0.8,79.3
70 - 79,69.5,84.8,0.8,85.6
80+,67.8,85.6,1.4,87.0
