altersklasse_covid19,COVID19FirstBoosterPersons,COVID19FullyVaccPersons,COVID19PartiallyVaccPersons,fully+partiallyVacc
0 - 9,0.0,0.0,0.0,0.0
10 - 19,2.9,34.5,2.3,36.8
20 - 29,12.1,59.3,1.9,61.199999999999996
30 - 39,15.5,63.2,1.6,64.8
40 - 49,21.6,69.2,1.1,70.3
50 - 59,32.5,75.4,0.7,76.10000000000001
60 - 69,50.8,83.9,0.5,84.4
70 - 79,68.1,89.3,0.4,89.7
80+,70.2,91.4,0.9,92.30000000000001
