altersklasse_covid19,COVID19FirstBoosterPersons,COVID19FullyVaccPersons,COVID19PartiallyVaccPersons,fully+partiallyVacc
0 - 9,0.0,1.4,0.0,1.4
10 - 19,10.3,32.9,1.3,34.199999999999996
20 - 29,23.2,56.3,0.2,56.5
30 - 39,26.1,56.0,0.9,56.9
40 - 49,35.9,63.6,0.5,64.1
50 - 59,43.6,67.9,0.1,68.0
60 - 69,58.0,75.3,-0.4,74.89999999999999
70 - 79,68.9,84.8,-0.1,84.7
80+,63.9,83.0,0.5,83.5
