altersklasse_covid19,COVID19FirstBoosterPersons,COVID19FullyVaccPersons,COVID19PartiallyVaccPersons,fully+partiallyVacc
0 - 9,0.1,0.0,0.0,0.0
10 - 19,2.6,39.7,3.2,42.900000000000006
20 - 29,12.2,66.1,2.9,69.0
30 - 39,16.9,70.7,2.4,73.10000000000001
40 - 49,22.8,75.2,2.1,77.3
50 - 59,31.0,78.2,2.0,80.2
60 - 69,50.2,85.6,1.6,87.19999999999999
70 - 79,65.0,90.1,1.2,91.3
80+,63.9,93.9,1.4,95.30000000000001
