altersklasse_covid19,COVID19FirstBoosterPersons,COVID19FullyVaccPersons,COVID19PartiallyVaccPersons,fully+partiallyVacc
0 - 9,0.1,2.0,1.2,3.2
10 - 19,10.9,44.3,2.8,47.099999999999994
20 - 29,28.6,68.5,1.8,70.3
30 - 39,35.6,72.7,1.5,74.2
40 - 49,42.6,76.5,1.4,77.9
50 - 59,49.8,79.1,1.5,80.6
60 - 69,64.9,86.4,1.2,87.60000000000001
70 - 79,74.3,90.8,0.8,91.6
80+,73.0,94.8,1.0,95.8
