altersklasse_covid19,COVID19FirstBoosterPersons,COVID19FullyVaccPersons,COVID19PartiallyVaccPersons,fully+partiallyVacc
0 - 9,0.1,0.1,2.7,2.8000000000000003
10 - 19,7.5,41.5,4.9,46.4
20 - 29,24.7,67.7,2.3,70.0
30 - 39,32.3,72.1,1.9,74.0
40 - 49,39.1,76.1,1.7,77.8
50 - 59,46.3,78.9,1.7,80.60000000000001
60 - 69,61.8,86.2,1.4,87.60000000000001
70 - 79,72.2,90.6,1.0,91.6
80+,70.2,94.5,1.2,95.7
