altersklasse_covid19,COVID19FirstBoosterPersons,COVID19FullyVaccPersons,COVID19PartiallyVaccPersons,fully+partiallyVacc
0 - 9,0.1,0.2,3.0,3.2
10 - 19,8.9,47.2,3.9,51.1
20 - 29,23.9,68.8,1.5,70.3
30 - 39,28.4,70.0,1.3,71.3
40 - 49,37.7,76.1,0.8,76.89999999999999
50 - 59,46.9,80.1,0.6,80.69999999999999
60 - 69,63.0,86.4,0.6,87.0
70 - 79,77.5,91.9,0.9,92.80000000000001
80+,77.9,94.2,1.8,96.0
