altersklasse_covid19,COVID19FirstBoosterPersons,COVID19FullyVaccPersons,COVID19PartiallyVaccPersons,fully+partiallyVacc
0 - 9,0.0,0.1,2.6,2.7
10 - 19,8.2,45.3,3.9,49.199999999999996
20 - 29,24.4,70.4,1.8,72.2
30 - 39,30.6,72.4,1.6,74.0
40 - 49,38.2,76.8,1.3,78.1
50 - 59,47.2,80.1,1.2,81.3
60 - 69,61.6,85.8,1.1,86.89999999999999
70 - 79,74.7,90.7,1.0,91.7
80+,75.7,94.0,1.7,95.7
