altersklasse_covid19,COVID19FirstBoosterPersons,COVID19FullyVaccPersons,COVID19PartiallyVaccPersons,fully+partiallyVacc
0 - 9,0.0,0.0,0.0,0.0
10 - 19,0.5,33.8,3.4,37.199999999999996
20 - 29,2.0,56.1,5.2,61.300000000000004
30 - 39,2.8,61.9,4.0,65.9
40 - 49,5.7,65.6,4.7,70.3
50 - 59,10.0,69.0,3.7,72.7
60 - 69,21.8,77.7,2.4,80.10000000000001
70 - 79,36.4,86.1,0.3,86.39999999999999
80+,36.3,80.6,0.4,81.0
