altersklasse_covid19,COVID19FirstBoosterPersons,COVID19FullyVaccPersons,COVID19PartiallyVaccPersons,fully+partiallyVacc
0 - 9,0.0,0.1,1.6,1.7000000000000002
10 - 19,6.8,35.5,3.0,38.5
20 - 29,16.5,57.3,1.7,59.0
30 - 39,23.1,59.0,1.4,60.4
40 - 49,33.1,68.0,1.0,69.0
50 - 59,39.5,70.7,0.8,71.5
60 - 69,56.0,81.3,0.7,82.0
70 - 79,65.0,87.6,1.3,88.89999999999999
80+,58.5,93.7,3.0,96.7
