altersklasse_covid19,COVID19FirstBoosterPersons,COVID19FullyVaccPersons,COVID19PartiallyVaccPersons,fully+partiallyVacc
0 - 9,0.1,1.3,0.8,2.1
10 - 19,13.0,42.8,1.4,44.199999999999996
20 - 29,31.6,69.5,0.9,70.4
30 - 39,31.5,66.2,0.6,66.8
40 - 49,38.3,69.2,0.7,69.9
50 - 59,47.8,74.6,0.7,75.3
60 - 69,56.3,81.8,0.4,82.2
70 - 79,58.1,90.3,0.1,90.39999999999999
80+,63.4,100.0,1.2,101.2
