altersklasse_covid19,COVID19FirstBoosterPersons,COVID19FullyVaccPersons,COVID19PartiallyVaccPersons,fully+partiallyVacc
0 - 9,0.0,4.1,1.6,5.699999999999999
10 - 19,16.6,53.4,1.6,55.0
20 - 29,32.1,69.8,0.7,70.5
30 - 39,40.1,73.3,0.4,73.7
40 - 49,51.3,78.0,0.5,78.5
50 - 59,57.0,80.5,0.4,80.9
60 - 69,66.7,85.3,0.5,85.8
70 - 79,77.3,88.9,0.7,89.60000000000001
80+,79.0,95.5,1.3,96.8
