altersklasse_covid19,COVID19FirstBoosterPersons,COVID19FullyVaccPersons,COVID19PartiallyVaccPersons,fully+partiallyVacc
0 - 9,0.0,1.9,0.7,2.5999999999999996
10 - 19,10.2,38.1,1.6,39.7
20 - 29,22.8,57.8,0.8,58.599999999999994
30 - 39,29.3,61.3,0.9,62.199999999999996
40 - 49,38.6,66.8,0.7,67.5
50 - 59,45.8,71.1,0.7,71.8
60 - 69,58.7,78.5,0.8,79.3
70 - 79,69.6,84.8,0.8,85.6
80+,68.5,85.6,1.4,87.0
