altersklasse_covid19,COVID19FirstBoosterPersons,COVID19FullyVaccPersons,COVID19PartiallyVaccPersons,fully+partiallyVacc
0 - 9,0.0,0.0,0.7,0.7
10 - 19,4.2,35.1,2.6,37.7
20 - 29,15.7,59.9,1.7,61.6
30 - 39,19.9,63.8,1.4,65.2
40 - 49,26.7,69.5,0.9,70.4
50 - 59,37.2,75.7,0.5,76.2
60 - 69,54.4,84.2,0.4,84.60000000000001
70 - 79,70.4,89.5,0.3,89.8
80+,71.6,91.6,0.8,92.39999999999999
