altersklasse_covid19,COVID19FirstBoosterPersons,COVID19FullyVaccPersons,COVID19PartiallyVaccPersons,fully+partiallyVacc
0 - 9,0.0,0.0,0.0,0.0
10 - 19,0.6,43.2,3.3,46.5
20 - 29,2.9,65.4,2.4,67.80000000000001
30 - 39,4.2,67.0,2.3,69.3
40 - 49,7.2,74.2,1.5,75.7
50 - 59,11.1,78.6,1.1,79.69999999999999
60 - 69,27.0,85.3,1.0,86.3
70 - 79,52.3,91.0,1.2,92.2
80+,55.6,93.1,2.2,95.3
