altersklasse_covid19,COVID19FirstBoosterPersons,COVID19FullyVaccPersons,COVID19PartiallyVaccPersons,fully+partiallyVacc
0 - 9,0.0,0.1,0.0,0.1
10 - 19,3.4,34.2,2.7,36.900000000000006
20 - 29,9.2,55.9,2.4,58.3
30 - 39,13.6,57.7,2.0,59.7
40 - 49,21.4,67.4,1.3,68.7
5 - 11,0.0,0.1,0.0,0.1
50 - 59,27.8,70.2,1.2,71.4
60 - 69,46.9,80.8,1.1,81.89999999999999
70 - 79,59.8,87.2,1.6,88.8
80+,55.5,93.1,3.5,96.6
