altersklasse_covid19,COVID19FirstBoosterPersons,COVID19FullyVaccPersons,COVID19PartiallyVaccPersons,fully+partiallyVacc
0 - 9,0.1,0.3,2.8,3.0999999999999996
10 - 19,9.0,42.0,4.7,46.7
20 - 29,26.6,68.0,2.1,70.1
30 - 39,33.8,72.3,1.8,74.1
40 - 49,40.8,76.2,1.6,77.8
50 - 59,47.9,79.0,1.6,80.6
60 - 69,63.2,86.3,1.3,87.6
70 - 79,73.2,90.6,0.9,91.5
80+,71.2,94.6,1.1,95.69999999999999
