altersklasse_covid19,COVID19FirstBoosterPersons,COVID19FullyVaccPersons,COVID19PartiallyVaccPersons,fully+partiallyVacc
0 - 9,0.0,0.4,1.9,2.3
10 - 19,10.0,39.3,3.2,42.5
20 - 29,22.8,59.8,1.9,61.699999999999996
30 - 39,28.8,62.0,1.6,63.6
40 - 49,38.1,68.9,1.4,70.30000000000001
50 - 59,47.5,74.0,1.8,75.8
60 - 69,63.2,82.9,2.0,84.9
70 - 79,74.7,89.7,1.5,91.2
80+,73.0,89.6,3.0,92.6
