altersklasse_covid19,COVID19FirstBoosterPersons,COVID19FullyVaccPersons,COVID19PartiallyVaccPersons,fully+partiallyVacc
0 - 9,0.1,3.2,1.2,4.4
10 - 19,14.8,48.9,1.8,50.699999999999996
20 - 29,30.7,69.8,1.0,70.8
30 - 39,35.4,71.8,0.9,72.7
40 - 49,44.0,76.2,0.8,77.0
50 - 59,54.0,80.9,0.4,81.30000000000001
60 - 69,69.1,88.0,0.7,88.7
70 - 79,79.9,93.7,0.4,94.10000000000001
80+,81.5,96.9,1.4,98.30000000000001
