altersklasse_covid19,COVID19FirstBoosterPersons,COVID19FullyVaccPersons,COVID19PartiallyVaccPersons,fully+partiallyVacc
0 - 9,0.0,0.1,4.1,4.199999999999999
10 - 19,11.4,50.0,3.7,53.7
20 - 29,27.6,69.3,1.1,70.39999999999999
30 - 39,36.3,72.7,0.8,73.5
40 - 49,48.0,77.8,0.6,78.39999999999999
50 - 59,53.8,80.3,0.5,80.8
60 - 69,63.8,85.2,0.6,85.8
70 - 79,75.5,88.8,0.8,89.6
80+,77.6,95.3,1.4,96.7
