altersklasse_covid19,COVID19FirstBoosterPersons,COVID19FullyVaccPersons,COVID19PartiallyVaccPersons,fully+partiallyVacc
0 - 9,0.0,0.3,2.0,2.3
10 - 19,10.3,43.0,3.2,46.2
20 - 29,25.8,64.4,1.7,66.10000000000001
30 - 39,31.8,69.6,1.8,71.39999999999999
40 - 49,40.4,72.9,1.0,73.9
50 - 59,48.3,76.1,1.0,77.1
60 - 69,65.2,83.7,0.9,84.60000000000001
70 - 79,75.4,90.5,0.4,90.9
80+,74.5,95.3,1.4,96.7
