altersklasse_covid19,COVID19FirstBoosterPersons,COVID19FullyVaccPersons,COVID19PartiallyVaccPersons,fully+partiallyVacc
0 - 9,0.1,0.1,2.6,2.7
10 - 19,7.9,46.9,3.8,50.699999999999996
20 - 29,21.8,68.5,1.6,70.1
30 - 39,26.2,69.8,1.4,71.2
40 - 49,35.0,75.9,0.9,76.80000000000001
50 - 59,43.8,79.9,0.6,80.5
60 - 69,60.1,86.3,0.6,86.89999999999999
70 - 79,75.7,91.8,0.9,92.7
80+,76.3,94.1,1.8,95.89999999999999
