altersklasse_covid19,COVID19FirstBoosterPersons,COVID19FullyVaccPersons,COVID19PartiallyVaccPersons,fully+partiallyVacc
0 - 9,0.0,0.2,2.1,2.3000000000000003
10 - 19,9.7,38.9,3.5,42.4
20 - 29,22.4,59.6,2.1,61.7
30 - 39,28.4,61.9,1.7,63.6
40 - 49,37.8,68.8,1.5,70.3
50 - 59,47.1,73.9,1.9,75.80000000000001
60 - 69,62.8,82.9,2.1,85.0
70 - 79,74.4,89.6,1.5,91.1
80+,72.8,89.6,3.0,92.6
