altersklasse_covid19,COVID19FirstBoosterPersons,COVID19FullyVaccPersons,COVID19PartiallyVaccPersons,fully+partiallyVacc
0 - 9,0.0,0.0,0.0,0.0
10 - 19,0.1,34.8,2.4,37.199999999999996
20 - 29,0.8,55.8,2.5,58.3
30 - 39,1.3,58.5,2.4,60.9
40 - 49,2.4,66.6,2.1,68.69999999999999
50 - 59,4.2,72.3,2.3,74.6
60 - 69,18.1,81.4,2.5,83.9
70 - 79,42.2,88.6,1.8,90.39999999999999
80+,43.4,88.0,3.3,91.3
