altersklasse_covid19,COVID19FirstBoosterPersons,COVID19FullyVaccPersons,COVID19PartiallyVaccPersons,fully+partiallyVacc
0 - 9,0.1,0.1,2.5,2.6
10 - 19,7.3,44.6,3.9,48.5
20 - 29,21.3,68.0,2.0,70.0
30 - 39,26.1,70.4,1.7,72.10000000000001
40 - 49,34.5,75.4,1.3,76.7
50 - 59,43.3,80.3,0.8,81.1
60 - 69,59.9,87.4,1.0,88.4
70 - 79,74.7,93.3,0.6,93.89999999999999
80+,75.8,96.3,1.7,98.0
