altersklasse_covid19,COVID19FirstBoosterPersons,COVID19FullyVaccPersons,COVID19PartiallyVaccPersons,fully+partiallyVacc
0 - 9,0.0,2.9,0.8,3.7
10 - 19,14.9,48.7,1.7,50.400000000000006
20 - 29,33.4,72.3,1.2,73.5
30 - 39,38.3,72.6,1.0,73.6
40 - 49,46.2,77.1,0.8,77.89999999999999
50 - 59,55.2,80.5,0.8,81.3
60 - 69,67.2,84.1,0.7,84.8
70 - 79,79.0,89.9,0.6,90.5
80+,81.0,91.7,1.2,92.9
