altersklasse_covid19,COVID19FirstBoosterPersons,COVID19FullyVaccPersons,COVID19PartiallyVaccPersons,fully+partiallyVacc
0 - 9,0.0,0.0,0.0,0.0
10 - 19,2.7,36.7,2.4,39.1
20 - 29,9.1,57.7,2.5,60.2
30 - 39,14.2,60.3,2.3,62.599999999999994
40 - 49,21.6,67.8,2.1,69.89999999999999
50 - 59,30.6,73.1,2.2,75.3
60 - 69,48.8,82.2,2.4,84.60000000000001
70 - 79,66.3,89.2,1.7,90.9
80+,65.4,88.9,3.4,92.30000000000001
