altersklasse_covid19,COVID19FirstBoosterPersons,COVID19FullyVaccPersons,COVID19PartiallyVaccPersons,fully+partiallyVacc
0 - 9,0.0,1.9,0.8,2.7
10 - 19,13.4,45.1,2.0,47.1
20 - 29,31.2,67.2,1.2,68.4
30 - 39,34.5,68.1,1.5,69.6
40 - 49,44.0,72.9,0.8,73.7
50 - 59,51.9,75.6,0.8,76.39999999999999
60 - 69,66.0,80.6,0.7,81.3
70 - 79,77.6,89.3,0.4,89.7
80+,76.0,91.6,1.3,92.89999999999999
