altersklasse_covid19,COVID19FirstBoosterPersons,COVID19FullyVaccPersons,COVID19PartiallyVaccPersons,fully+partiallyVacc
0 - 9,0.0,0.0,0.0,0.0
10 - 19,0.3,33.6,2.2,35.800000000000004
20 - 29,1.9,55.1,1.9,57.0
30 - 39,4.0,57.1,1.9,59.0
40 - 49,7.9,66.6,1.3,67.89999999999999
50 - 59,12.2,69.8,1.1,70.89999999999999
60 - 69,30.1,80.3,0.9,81.2
70 - 79,51.3,86.8,1.3,88.1
80+,46.8,92.6,3.3,95.89999999999999
