altersklasse_covid19,COVID19FirstBoosterPersons,COVID19FullyVaccPersons,COVID19PartiallyVaccPersons,fully+partiallyVacc
0 - 9,0.0,0.0,0.0,0.0
10 - 19,2.0,46.8,3.5,50.3
20 - 29,7.7,67.5,2.7,70.2
30 - 39,12.3,70.0,2.6,72.6
40 - 49,18.2,76.5,1.8,78.3
50 - 59,35.8,80.9,1.5,82.4
60 - 69,54.7,87.1,1.1,88.19999999999999
70 - 79,67.7,90.5,0.9,91.4
80+,69.0,94.1,1.8,95.89999999999999
