altersklasse_covid19,COVID19FirstBoosterPersons,COVID19FullyVaccPersons,COVID19PartiallyVaccPersons,fully+partiallyVacc
0 - 9,0.0,0.0,0.0,0.0
10 - 19,2.6,34.4,2.3,36.699999999999996
20 - 29,11.2,59.1,2.0,61.1
30 - 39,14.4,63.1,1.7,64.8
40 - 49,20.3,69.1,1.1,70.19999999999999
50 - 59,31.2,75.4,0.8,76.2
60 - 69,49.8,83.9,0.5,84.4
70 - 79,67.5,89.3,0.4,89.7
80+,69.7,91.4,1.0,92.4
