altersklasse_covid19,COVID19FirstBoosterPersons,COVID19FullyVaccPersons,COVID19PartiallyVaccPersons,fully+partiallyVacc
0 - 9,0.0,0.0,0.0,0.0
10 - 19,2.8,36.7,4.2,40.900000000000006
20 - 29,8.4,61.0,6.5,67.5
30 - 39,11.0,67.4,5.6,73.0
40 - 49,18.4,72.8,5.8,78.6
50 - 59,25.6,76.7,5.0,81.7
60 - 69,39.1,87.7,3.4,91.10000000000001
70 - 79,53.7,100.0,1.8,101.8
80+,50.7,95.1,2.1,97.19999999999999
