altersklasse_covid19,COVID19FirstBoosterPersons,COVID19FullyVaccPersons,COVID19PartiallyVaccPersons,fully+partiallyVacc
0 - 9,0.1,0.8,1.0,1.8
10 - 19,11.3,41.9,1.7,43.6
20 - 29,29.1,69.0,0.9,69.9
30 - 39,30.0,65.8,0.7,66.5
40 - 49,36.8,69.0,0.8,69.8
50 - 59,48.4,74.4,0.7,75.10000000000001
60 - 69,64.3,81.7,0.3,82.0
70 - 79,80.4,89.8,0.2,90.0
80+,83.4,93.9,0.4,94.30000000000001
