altersklasse_covid19,COVID19FirstBoosterPersons,COVID19FullyVaccPersons,COVID19PartiallyVaccPersons,fully+partiallyVacc
0 - 9,0.0,0.0,0.0,0.0
10 - 19,0.7,33.6,2.5,36.1
20 - 29,4.6,58.4,2.1,60.5
30 - 39,7.4,62.3,2.0,64.3
40 - 49,11.7,68.6,1.3,69.89999999999999
50 - 59,22.2,75.0,0.9,75.9
60 - 69,43.1,83.5,0.7,84.2
70 - 79,63.9,89.0,0.6,89.6
80+,67.3,91.1,1.1,92.19999999999999
