altersklasse_covid19,COVID19FirstBoosterPersons,COVID19FullyVaccPersons,COVID19PartiallyVaccPersons,fully+partiallyVacc
0 - 9,0.0,0.2,0.0,0.2
10 - 19,2.3,40.8,3.0,43.8
20 - 29,8.7,62.5,2.7,65.2
30 - 39,11.6,67.9,2.5,70.4
40 - 49,17.5,71.8,1.6,73.39999999999999
50 - 59,26.9,75.3,1.4,76.7
60 - 69,47.2,83.0,1.3,84.3
70 - 79,65.4,90.1,0.6,90.69999999999999
80+,66.4,94.8,1.8,96.6
