altersklasse_covid19,COVID19FirstBoosterPersons,COVID19FullyVaccPersons,COVID19PartiallyVaccPersons,fully+partiallyVacc
0 - 9,0.0,0.0,0.0,0.0
10 - 19,0.8,47.6,2.2,49.800000000000004
20 - 29,4.5,67.4,1.8,69.2
30 - 39,6.3,71.1,1.4,72.5
40 - 49,16.0,77.0,1.0,78.0
50 - 59,28.6,79.6,0.9,80.5
60 - 69,45.0,84.5,1.0,85.5
70 - 79,67.4,88.4,1.0,89.4
80+,71.8,94.6,1.8,96.39999999999999
