altersklasse_covid19,COVID19FirstBoosterPersons,COVID19FullyVaccPersons,COVID19PartiallyVaccPersons,fully+partiallyVacc
0 - 9,0.0,0.1,2.1,2.2
10 - 19,8.0,38.5,3.6,42.1
20 - 29,20.4,59.2,2.2,61.400000000000006
30 - 39,26.5,61.6,1.8,63.4
40 - 49,36.0,68.7,1.6,70.3
50 - 59,45.0,73.8,2.0,75.8
60 - 69,60.7,82.8,2.1,84.89999999999999
70 - 79,72.8,89.6,1.6,91.19999999999999
80+,71.2,89.5,3.0,92.5
