altersklasse_covid19,COVID19FirstBoosterPersons,COVID19FullyVaccPersons,COVID19PartiallyVaccPersons,fully+partiallyVacc
0 - 9,0.0,1.6,3.9,5.5
10 - 19,15.9,51.7,3.2,54.900000000000006
20 - 29,31.4,69.7,0.7,70.4
30 - 39,39.3,73.2,0.5,73.7
40 - 49,50.6,77.9,0.5,78.4
50 - 59,56.2,80.4,0.4,80.80000000000001
60 - 69,65.9,85.3,0.5,85.8
70 - 79,76.9,88.9,0.8,89.7
80+,78.6,95.5,1.3,96.8
