altersklasse_covid19,COVID19FirstBoosterPersons,COVID19FullyVaccPersons,COVID19PartiallyVaccPersons,fully+partiallyVacc
0 - 9,0.1,0.5,3.6,4.1
10 - 19,12.2,46.3,3.7,50.0
20 - 29,27.2,69.0,1.4,70.4
30 - 39,32.1,71.2,1.2,72.4
40 - 49,40.9,75.8,1.0,76.8
50 - 59,50.5,80.6,0.6,81.19999999999999
60 - 69,65.9,87.7,0.8,88.5
70 - 79,77.9,93.5,0.5,94.0
80+,78.4,96.6,1.6,98.19999999999999
