altersklasse_covid19,COVID19FirstBoosterPersons,COVID19FullyVaccPersons,COVID19PartiallyVaccPersons,fully+partiallyVacc
0 - 9,0.1,0.1,1.3,1.4000000000000001
10 - 19,9.2,40.9,2.2,43.1
20 - 29,24.8,68.1,1.4,69.5
30 - 39,26.3,65.4,1.0,66.4
40 - 49,32.2,68.9,0.8,69.7
50 - 59,42.8,74.2,0.9,75.10000000000001
60 - 69,57.5,81.4,0.6,82.0
70 - 79,71.4,89.5,0.5,90.0
80+,74.9,93.8,0.4,94.2
