altersklasse_covid19,COVID19FirstBoosterPersons,COVID19FullyVaccPersons,COVID19PartiallyVaccPersons,fully+partiallyVacc
0 - 9,0.0,0.7,1.4,2.0999999999999996
10 - 19,9.5,37.0,2.4,39.4
20 - 29,21.1,58.5,1.1,59.6
30 - 39,27.2,59.7,1.0,60.7
40 - 49,37.7,68.4,0.7,69.10000000000001
50 - 59,44.3,71.1,0.5,71.6
60 - 69,59.6,81.6,0.6,82.19999999999999
70 - 79,67.1,88.0,1.1,89.1
80+,60.0,93.9,2.9,96.80000000000001
