altersklasse_covid19,COVID19FirstBoosterPersons,COVID19FullyVaccPersons,COVID19PartiallyVaccPersons,fully+partiallyVacc
0 - 9,0.0,0.0,0.0,0.0
10 - 19,0.8,42.9,2.8,45.699999999999996
20 - 29,5.3,68.4,2.4,70.80000000000001
30 - 39,8.0,70.6,2.2,72.8
40 - 49,12.0,75.6,1.7,77.3
50 - 59,21.4,79.2,1.6,80.8
60 - 69,39.0,85.0,1.4,86.4
70 - 79,61.2,90.1,1.2,91.3
80+,64.5,93.4,2.0,95.4
