altersklasse_covid19,COVID19FirstBoosterPersons,COVID19FullyVaccPersons,COVID19PartiallyVaccPersons,fully+partiallyVacc
0 - 4,0.0,0.0,0.0,0.0
0 - 9,0.0,2.0,0.6,2.6
10 - 19,12.5,41.2,1.5,42.7
20 - 29,27.2,62.1,1.5,63.6
30 - 39,32.0,61.6,1.2,62.800000000000004
40 - 49,41.6,68.6,1.2,69.8
50 - 59,52.2,74.6,1.7,76.3
60 - 69,66.2,80.4,1.9,82.30000000000001
70 - 79,78.4,87.8,1.3,89.1
80+,80.0,87.4,2.7,90.10000000000001
