altersklasse_covid19,COVID19FirstBoosterPersons,COVID19FullyVaccPersons,COVID19PartiallyVaccPersons,fully+partiallyVacc
0 - 9,0.0,0.0,-0.0,0.0
10 - 19,0.1,32.2,2.2,34.400000000000006
20 - 29,0.7,53.3,1.6,54.9
30 - 39,1.2,57.6,1.9,59.5
40 - 49,2.4,64.6,1.3,65.89999999999999
50 - 59,3.8,69.3,1.1,70.39999999999999
60 - 69,14.0,76.5,1.4,77.9
70 - 79,34.6,83.2,1.4,84.60000000000001
80+,38.2,83.7,2.0,85.7
