altersklasse_covid19,COVID19FirstBoosterPersons,COVID19FullyVaccPersons,COVID19PartiallyVaccPersons,fully+partiallyVacc
0 - 9,0.1,1.8,1.4,3.2
10 - 19,10.6,44.0,3.1,47.1
20 - 29,28.3,68.4,1.8,70.2
30 - 39,35.2,72.6,1.6,74.19999999999999
40 - 49,42.2,76.4,1.5,77.9
50 - 59,49.3,79.1,1.5,80.6
60 - 69,64.6,86.4,1.2,87.60000000000001
70 - 79,74.1,90.7,0.8,91.5
80+,72.4,94.8,1.0,95.8
