altersklasse_covid19,COVID19FirstBoosterPersons,COVID19FullyVaccPersons,COVID19PartiallyVaccPersons,fully+partiallyVacc
0 - 9,0.1,3.2,1.2,4.4
10 - 19,14.0,48.7,1.9,50.6
20 - 29,29.9,69.6,1.1,70.69999999999999
30 - 39,34.9,71.7,0.9,72.60000000000001
40 - 49,43.5,76.1,0.8,76.89999999999999
50 - 59,53.5,80.9,0.5,81.4
60 - 69,68.7,87.9,0.7,88.60000000000001
70 - 79,79.5,93.6,0.4,94.0
80+,79.9,96.8,1.4,98.2
