altersklasse_covid19,COVID19FirstBoosterPersons,COVID19FullyVaccPersons,COVID19PartiallyVaccPersons,fully+partiallyVacc
0 - 9,0.0,4.3,1.5,5.8
10 - 19,17.3,53.7,1.6,55.300000000000004
20 - 29,32.8,69.9,0.7,70.60000000000001
30 - 39,41.2,73.4,0.4,73.80000000000001
40 - 49,52.3,78.0,0.5,78.5
50 - 59,57.9,80.5,0.4,80.9
60 - 69,67.3,85.4,0.5,85.9
70 - 79,77.7,89.0,0.7,89.7
80+,79.2,95.5,1.3,96.8
