altersklasse_covid19,COVID19FirstBoosterPersons,COVID19FullyVaccPersons,COVID19PartiallyVaccPersons,fully+partiallyVacc
0 - 9,0.0,1.2,0.7,1.9
10 - 19,8.9,37.8,2.6,40.4
20 - 29,22.8,60.2,3.6,63.800000000000004
30 - 39,27.3,65.2,2.8,68.0
40 - 49,35.8,67.2,2.7,69.9
50 - 59,42.7,69.7,2.4,72.10000000000001
60 - 69,58.6,79.8,1.3,81.1
70 - 79,74.7,87.7,1.3,89.0
80+,75.4,87.9,1.2,89.10000000000001
