altersklasse_covid19,COVID19FirstBoosterPersons,COVID19FullyVaccPersons,COVID19PartiallyVaccPersons,fully+partiallyVacc
0 - 9,0.0,0.0,0.0,0.0
10 - 19,0.6,35.9,2.0,37.9
20 - 29,3.0,56.8,2.3,59.099999999999994
30 - 39,5.5,59.6,2.2,61.800000000000004
40 - 49,9.9,67.3,2.0,69.3
50 - 59,16.2,72.8,2.2,75.0
60 - 69,35.7,81.8,2.4,84.2
70 - 79,58.4,89.0,1.7,90.7
80+,59.0,88.4,3.2,91.60000000000001
