altersklasse_covid19,COVID19FirstBoosterPersons,COVID19FullyVaccPersons,COVID19PartiallyVaccPersons,fully+partiallyVacc
0 - 9,0.0,0.1,1.8,1.9000000000000001
10 - 19,5.0,35.2,3.2,38.400000000000006
20 - 29,16.3,56.5,1.4,57.9
30 - 39,21.7,60.3,1.5,61.8
40 - 49,30.3,66.2,1.0,67.2
50 - 59,37.2,70.7,1.0,71.7
60 - 69,50.4,78.0,1.1,79.1
70 - 79,64.1,84.4,1.1,85.5
80+,62.9,85.1,1.7,86.8
