altersklasse_covid19,COVID19FirstBoosterPersons,COVID19FullyVaccPersons,COVID19PartiallyVaccPersons,fully+partiallyVacc
0 - 9,0.0,0.9,2.4,3.3
10 - 19,11.6,46.6,3.4,50.0
20 - 29,28.3,70.9,1.4,72.30000000000001
30 - 39,34.1,72.8,1.3,74.1
40 - 49,41.7,77.0,1.1,78.1
50 - 59,50.8,80.2,1.0,81.2
60 - 69,64.9,85.9,0.9,86.80000000000001
70 - 79,76.8,90.7,0.8,91.5
80+,77.6,94.0,1.5,95.5
