altersklasse_covid19,COVID19FirstBoosterPersons,COVID19FullyVaccPersons,COVID19PartiallyVaccPersons,fully+partiallyVacc
0 - 9,0.0,0.1,1.1,1.2000000000000002
10 - 19,5.9,35.3,2.8,38.099999999999994
20 - 29,13.9,57.0,1.9,58.9
30 - 39,20.5,58.7,1.5,60.2
40 - 49,29.8,67.9,1.0,68.9
50 - 59,36.0,70.6,0.9,71.5
60 - 69,53.6,81.2,0.7,81.9
70 - 79,63.8,87.5,1.4,88.9
80+,57.9,93.7,3.0,96.7
