altersklasse_covid19,COVID19FirstBoosterPersons,COVID19FullyVaccPersons,COVID19PartiallyVaccPersons,fully+partiallyVacc
0 - 9,0.0,1.1,0.3,1.4000000000000001
10 - 19,8.7,32.1,1.8,33.9
20 - 29,20.8,54.1,0.2,54.300000000000004
30 - 39,23.7,55.8,1.1,56.9
40 - 49,32.9,62.6,0.5,63.1
50 - 59,41.6,68.6,0.2,68.8
60 - 69,57.0,77.7,-0.4,77.3
70 - 79,67.0,87.2,-0.1,87.10000000000001
80+,60.1,84.0,0.4,84.4
