altersklasse_covid19,COVID19FirstBoosterPersons,COVID19FullyVaccPersons,COVID19PartiallyVaccPersons,fully+partiallyVacc
0 - 9,0.0,0.0,0.0,0.0
10 - 19,0.3,34.4,2.6,37.0
20 - 29,2.5,58.3,2.2,60.5
30 - 39,4.4,62.1,2.1,64.2
40 - 49,7.4,68.7,1.4,70.10000000000001
50 - 59,14.8,75.4,1.0,76.4
60 - 69,37.0,83.2,0.9,84.10000000000001
70 - 79,59.2,88.8,0.7,89.5
80+,56.5,84.3,0.3,84.6
