altersklasse_covid19,COVID19FirstBoosterPersons,COVID19FullyVaccPersons,COVID19PartiallyVaccPersons,fully+partiallyVacc
0 - 9,0.0,0.0,0.6,0.6
10 - 19,5.1,37.3,2.9,40.199999999999996
20 - 29,14.8,58.2,2.5,60.7
30 - 39,20.6,60.9,2.1,63.0
40 - 49,29.2,68.2,1.9,70.10000000000001
50 - 59,38.5,73.4,2.2,75.60000000000001
60 - 69,55.0,82.4,2.3,84.7
70 - 79,69.1,89.4,1.6,91.0
80+,67.7,89.1,3.2,92.3
