altersklasse_covid19,COVID19FirstBoosterPersons,COVID19FullyVaccPersons,COVID19PartiallyVaccPersons,fully+partiallyVacc
0 - 9,0.0,0.0,0.0,0.0
10 - 19,1.9,43.3,2.8,46.099999999999994
20 - 29,8.6,68.7,2.4,71.10000000000001
30 - 39,11.6,70.9,2.2,73.10000000000001
40 - 49,16.5,75.8,1.7,77.5
5 - 11,0.0,0.0,0.0,0.0
50 - 59,26.9,79.3,1.5,80.8
60 - 69,44.3,85.1,1.4,86.5
70 - 79,64.7,90.2,1.2,91.4
80+,67.5,93.5,1.9,95.4
