altersklasse_covid19,COVID19FirstBoosterPersons,COVID19FullyVaccPersons,COVID19PartiallyVaccPersons,fully+partiallyVacc
0 - 9,0.1,0.1,0.2,0.30000000000000004
10 - 19,4.6,40.4,3.3,43.699999999999996
20 - 29,18.2,66.9,2.6,69.5
30 - 39,25.1,71.4,2.2,73.60000000000001
40 - 49,31.9,75.6,2.0,77.6
50 - 59,39.6,78.5,1.9,80.4
60 - 69,56.5,85.8,1.6,87.39999999999999
70 - 79,68.8,90.3,1.1,91.39999999999999
80+,67.0,94.1,1.3,95.39999999999999
