altersklasse_covid19,COVID19FirstBoosterPersons,COVID19FullyVaccPersons,COVID19PartiallyVaccPersons,fully+partiallyVacc
0 - 9,0.1,0.0,0.0,0.0
10 - 19,1.8,42.7,2.8,45.5
20 - 29,8.5,66.3,2.5,68.8
30 - 39,10.7,68.8,2.2,71.0
40 - 49,16.0,74.3,1.7,76.0
5 - 11,0.0,0.0,0.0,0.0
50 - 59,22.8,79.4,1.2,80.60000000000001
60 - 69,41.0,86.9,1.2,88.10000000000001
70 - 79,65.5,93.0,0.7,93.7
80+,69.1,95.8,1.9,97.7
