altersklasse_covid19,COVID19FirstBoosterPersons,COVID19FullyVaccPersons,COVID19PartiallyVaccPersons,fully+partiallyVacc
0 - 9,0.0,1.5,0.3,1.8
10 - 19,10.2,38.6,1.1,39.7
20 - 29,25.9,62.8,0.6,63.4
30 - 39,29.1,64.0,0.5,64.5
40 - 49,37.1,70.2,0.4,70.60000000000001
50 - 59,48.0,76.8,0.1,76.89999999999999
60 - 69,62.3,82.6,-0.1,82.5
70 - 79,76.8,88.8,0.0,88.8
80+,83.4,90.1,0.5,90.6
