altersklasse_covid19,COVID19FirstBoosterPersons,COVID19FullyVaccPersons,COVID19PartiallyVaccPersons,fully+partiallyVacc
0 - 9,0.0,0.0,0.1,0.1
10 - 19,3.2,48.3,2.1,50.4
20 - 29,10.4,67.9,1.8,69.7
30 - 39,13.9,71.6,1.3,72.89999999999999
40 - 49,25.6,77.2,1.0,78.2
50 - 59,38.5,79.8,0.8,80.6
60 - 69,52.7,84.8,0.8,85.6
70 - 79,70.2,88.4,1.0,89.4
80+,73.5,94.8,1.6,96.39999999999999
