altersklasse_covid19,COVID19FirstBoosterPersons,COVID19FullyVaccPersons,COVID19PartiallyVaccPersons,fully+partiallyVacc
0 - 9,0.0,0.0,0.0,0.0
10 - 19,2.0,33.8,2.4,36.199999999999996
20 - 29,8.0,55.1,1.9,57.0
30 - 39,11.4,59.2,2.0,61.2
40 - 49,17.8,65.6,1.2,66.8
50 - 59,24.2,70.1,1.2,71.3
60 - 69,38.3,77.4,1.4,78.80000000000001
70 - 79,56.2,84.0,1.3,85.3
80+,56.1,84.4,2.1,86.5
