altersklasse_covid19,COVID19FirstBoosterPersons,COVID19FullyVaccPersons,COVID19PartiallyVaccPersons,fully+partiallyVacc
0 - 9,0.0,1.5,0.9,2.4
10 - 19,10.8,40.8,2.1,42.9
20 - 29,23.9,60.2,1.6,61.800000000000004
30 - 39,30.0,62.4,1.3,63.699999999999996
40 - 49,39.3,69.1,1.3,70.39999999999999
50 - 59,48.8,74.1,1.7,75.8
60 - 69,64.5,83.0,2.0,85.0
70 - 79,75.8,89.8,1.4,91.2
80+,74.1,89.6,2.8,92.39999999999999
