altersklasse_covid19,COVID19FirstBoosterPersons,COVID19FullyVaccPersons,COVID19PartiallyVaccPersons,fully+partiallyVacc
0 - 9,0.0,0.0,0.1,0.1
10 - 19,3.5,34.8,2.1,36.9
20 - 29,13.8,59.6,1.7,61.300000000000004
30 - 39,17.7,63.5,1.5,65.0
40 - 49,24.3,69.4,1.0,70.4
50 - 59,35.0,75.6,0.6,76.19999999999999
60 - 69,52.5,84.1,0.4,84.5
70 - 79,69.1,89.4,0.4,89.80000000000001
80+,70.8,91.5,0.9,92.4
