altersklasse_covid19,COVID19FirstBoosterPersons,COVID19FullyVaccPersons,COVID19PartiallyVaccPersons,fully+partiallyVacc
0 - 9,0.0,1.0,0.3,1.3
10 - 19,8.5,32.0,1.8,33.8
20 - 29,20.3,54.0,0.4,54.4
30 - 39,23.4,55.8,1.0,56.8
40 - 49,32.4,62.5,0.6,63.1
50 - 59,41.0,68.4,0.4,68.80000000000001
60 - 69,56.4,77.7,-0.4,77.3
70 - 79,66.6,87.2,-0.1,87.10000000000001
80+,59.8,84.0,0.4,84.4
