altersklasse_covid19,COVID19FirstBoosterPersons,COVID19FullyVaccPersons,COVID19PartiallyVaccPersons,fully+partiallyVacc
0 - 9,0.0,0.1,0.0,0.1
10 - 19,3.1,29.6,2.0,31.6
20 - 29,10.2,52.0,1.2,53.2
30 - 39,10.6,53.9,2.2,56.1
40 - 49,16.8,61.5,1.0,62.5
50 - 59,27.6,67.6,0.6,68.19999999999999
60 - 69,47.0,77.0,0.0,77.0
70 - 79,62.7,86.4,0.4,86.80000000000001
80+,56.8,83.3,0.9,84.2
