altersklasse_covid19,COVID19FirstBoosterPersons,COVID19FullyVaccPersons,COVID19PartiallyVaccPersons,fully+partiallyVacc
0 - 9,0.1,1.2,3.0,4.2
10 - 19,13.6,48.9,3.4,52.3
20 - 29,29.0,69.5,1.1,70.6
30 - 39,33.6,70.6,0.9,71.5
40 - 49,43.2,76.4,0.6,77.0
50 - 59,53.1,80.3,0.4,80.7
60 - 69,68.1,86.6,0.5,87.1
70 - 79,80.6,92.1,0.8,92.89999999999999
80+,80.7,94.4,1.7,96.10000000000001
