altersklasse_covid19,COVID19FirstBoosterPersons,COVID19FullyVaccPersons,COVID19PartiallyVaccPersons,fully+partiallyVacc
0 - 9,0.1,3.1,1.2,4.3
10 - 19,13.7,48.6,1.9,50.5
20 - 29,29.7,69.6,1.1,70.69999999999999
30 - 39,34.8,71.7,0.9,72.60000000000001
40 - 49,43.3,76.1,0.8,76.89999999999999
50 - 59,53.4,80.9,0.5,81.4
60 - 69,68.6,87.9,0.7,88.60000000000001
70 - 79,79.5,93.6,0.4,94.0
80+,79.9,96.8,1.4,98.2
