altersklasse_covid19,COVID19FirstBoosterPersons,COVID19FullyVaccPersons,COVID19PartiallyVaccPersons,fully+partiallyVacc
0 - 9,0.0,2.0,0.4,2.4
10 - 19,11.6,39.0,1.1,40.1
20 - 29,23.6,59.0,0.8,59.8
30 - 39,29.6,60.2,0.7,60.900000000000006
40 - 49,40.5,68.6,0.7,69.3
50 - 59,47.2,71.5,0.4,71.9
60 - 69,62.2,81.8,0.5,82.3
70 - 79,68.7,88.1,1.0,89.1
80+,61.4,94.1,2.8,96.89999999999999
