altersklasse_covid19,COVID19FirstBoosterPersons,COVID19FullyVaccPersons,COVID19PartiallyVaccPersons,fully+partiallyVacc
0 - 9,0.0,1.9,0.4,2.3
10 - 19,10.7,38.4,1.2,39.6
20 - 29,22.7,58.9,0.8,59.699999999999996
30 - 39,28.6,60.1,0.7,60.800000000000004
40 - 49,39.2,68.6,0.6,69.19999999999999
50 - 59,45.8,71.4,0.4,71.80000000000001
60 - 69,60.9,81.7,0.5,82.2
70 - 79,68.1,88.1,1.0,89.1
80+,60.8,94.0,2.9,96.9
