altersklasse_covid19,COVID19FirstBoosterPersons,COVID19FullyVaccPersons,COVID19PartiallyVaccPersons,fully+partiallyVacc
0 - 9,0.0,2.1,1.4,3.5
10 - 19,12.4,47.8,2.4,50.199999999999996
20 - 29,29.2,71.2,1.3,72.5
30 - 39,34.9,73.0,1.1,74.1
40 - 49,42.5,77.1,1.0,78.1
50 - 59,51.7,80.4,0.9,81.30000000000001
60 - 69,65.7,86.0,0.8,86.8
70 - 79,77.4,90.8,0.8,91.6
80+,78.2,94.1,1.4,95.5
