altersklasse_covid19,COVID19FirstBoosterPersons,COVID19FullyVaccPersons,COVID19PartiallyVaccPersons,fully+partiallyVacc
0 - 9,0.0,0.0,0.0,0.0
10 - 19,0.2,42.0,3.7,45.7
20 - 29,1.5,64.7,2.3,67.0
30 - 39,2.2,66.4,2.1,68.5
40 - 49,3.9,73.8,1.4,75.2
50 - 59,5.9,78.2,0.9,79.10000000000001
60 - 69,18.7,85.0,1.0,86.0
70 - 79,42.6,90.8,1.1,91.89999999999999
80+,46.1,92.6,1.3,93.89999999999999
