altersklasse_covid19,COVID19FirstBoosterPersons,COVID19FullyVaccPersons,COVID19PartiallyVaccPersons,fully+partiallyVacc
0 - 9,0.0,0.0,0.0,0.0
10 - 19,0.3,33.9,2.1,36.0
20 - 29,2.5,55.3,2.0,57.3
30 - 39,5.2,57.3,1.9,59.199999999999996
40 - 49,10.2,66.8,1.2,68.0
50 - 59,15.2,69.9,1.1,71.0
60 - 69,34.1,80.4,0.9,81.30000000000001
70 - 79,53.5,86.9,1.3,88.2
80+,49.4,92.7,3.2,95.9
