altersklasse_covid19,COVID19FirstBoosterPersons,COVID19FullyVaccPersons,COVID19PartiallyVaccPersons,fully+partiallyVacc
0 - 9,0.0,0.3,4.9,5.2
10 - 19,13.7,50.4,4.1,54.5
20 - 29,28.9,69.4,1.0,70.4
30 - 39,37.4,72.8,0.7,73.5
40 - 49,49.0,77.8,0.6,78.39999999999999
50 - 59,54.7,80.4,0.5,80.9
60 - 69,64.5,85.2,0.5,85.7
70 - 79,76.0,88.8,0.8,89.6
80+,77.9,95.4,1.4,96.80000000000001
