altersklasse_covid19,COVID19FirstBoosterPersons,COVID19FullyVaccPersons,COVID19PartiallyVaccPersons,fully+partiallyVacc
0 - 9,0.0,0.3,2.9,3.1999999999999997
10 - 19,10.8,46.0,3.9,49.9
20 - 29,27.3,70.7,1.6,72.3
30 - 39,33.2,72.7,1.4,74.10000000000001
40 - 49,40.9,76.9,1.2,78.10000000000001
50 - 59,50.0,80.3,1.1,81.39999999999999
60 - 69,64.1,85.9,1.0,86.9
70 - 79,76.3,90.8,0.9,91.7
80+,77.1,94.2,1.6,95.8
