altersklasse_covid19,COVID19FirstBoosterPersons,COVID19FullyVaccPersons,COVID19PartiallyVaccPersons,fully+partiallyVacc
0 - 9,0.0,1.4,2.0,3.4
10 - 19,12.0,47.1,3.0,50.1
20 - 29,28.7,71.1,1.4,72.5
30 - 39,34.4,72.9,1.2,74.10000000000001
40 - 49,42.1,77.0,1.0,78.0
50 - 59,51.2,80.3,1.0,81.3
60 - 69,65.2,85.9,0.9,86.80000000000001
70 - 79,77.0,90.7,0.8,91.5
80+,77.9,94.0,1.5,95.5
