altersklasse_covid19,COVID19FirstBoosterPersons,COVID19FullyVaccPersons,COVID19PartiallyVaccPersons,fully+partiallyVacc
0 - 9,0.0,0.1,2.1,2.2
10 - 19,9.4,38.8,3.6,42.4
20 - 29,22.0,59.5,2.2,61.7
30 - 39,28.0,61.8,1.8,63.599999999999994
40 - 49,37.5,68.8,1.5,70.3
50 - 59,46.7,73.9,1.9,75.80000000000001
60 - 69,62.4,82.8,2.1,84.89999999999999
70 - 79,74.0,89.6,1.5,91.1
80+,72.5,89.6,3.0,92.6
