altersklasse_covid19,COVID19FirstBoosterPersons,COVID19FullyVaccPersons,COVID19PartiallyVaccPersons,fully+partiallyVacc
0 - 9,0.1,0.0,0.0,0.0
10 - 19,3.8,39.6,1.7,41.300000000000004
20 - 29,13.5,66.8,2.0,68.8
30 - 39,14.2,63.9,1.9,65.8
40 - 49,19.1,68.4,1.2,69.60000000000001
5 - 11,0.0,0.0,-0.0,0.0
50 - 59,30.6,73.7,1.1,74.8
60 - 69,47.0,80.7,1.0,81.7
70 - 79,64.7,88.9,0.7,89.60000000000001
80+,68.7,93.4,0.5,93.9
