altersklasse_covid19,COVID19FirstBoosterPersons,COVID19FullyVaccPersons,COVID19PartiallyVaccPersons,fully+partiallyVacc
0 - 9,0.1,1.2,0.7,1.9
10 - 19,11.7,42.3,1.4,43.699999999999996
20 - 29,28.6,69.2,0.9,70.10000000000001
30 - 39,29.5,66.0,0.6,66.6
40 - 49,36.1,69.0,0.7,69.7
50 - 59,45.5,74.4,0.7,75.10000000000001
60 - 69,54.7,81.8,0.4,82.2
70 - 79,57.2,89.9,0.1,90.0
80+,57.5,94.0,0.3,94.3
