altersklasse_covid19,COVID19FirstBoosterPersons,COVID19FullyVaccPersons,COVID19PartiallyVaccPersons,fully+partiallyVacc
0 - 9,0.0,0.0,0.0,0.0
10 - 19,3.2,36.8,2.3,39.099999999999994
20 - 29,10.4,57.9,2.4,60.3
30 - 39,16.0,60.4,2.2,62.6
40 - 49,23.7,67.9,2.0,69.9
50 - 59,32.7,73.2,2.2,75.4
60 - 69,50.5,82.2,2.4,84.60000000000001
70 - 79,67.1,89.2,1.7,90.9
80+,66.0,89.0,3.3,92.3
