altersklasse_covid19,COVID19FirstBoosterPersons,COVID19FullyVaccPersons,COVID19PartiallyVaccPersons,fully+partiallyVacc
0 - 9,0.0,1.3,2.0,3.3
10 - 19,11.9,47.0,3.0,50.0
20 - 29,28.6,71.0,1.4,72.4
30 - 39,34.4,72.9,1.2,74.10000000000001
40 - 49,42.0,77.0,1.0,78.0
50 - 59,51.2,80.3,1.0,81.3
60 - 69,65.2,85.9,0.9,86.80000000000001
70 - 79,77.0,90.7,0.8,91.5
80+,77.8,94.0,1.5,95.5
