altersklasse_covid19,COVID19FirstBoosterPersons,COVID19FullyVaccPersons,COVID19PartiallyVaccPersons,fully+partiallyVacc
0 - 9,0.0,0.1,0.8,0.9
10 - 19,5.4,35.0,2.8,37.8
20 - 29,13.0,56.7,2.0,58.7
30 - 39,19.2,58.4,1.6,60.0
40 - 49,28.4,67.7,1.1,68.8
50 - 59,34.6,70.4,1.0,71.4
60 - 69,52.7,81.1,0.8,81.89999999999999
70 - 79,63.1,87.4,1.4,88.80000000000001
80+,57.4,93.5,3.2,96.7
