altersklasse_covid19,COVID19FirstBoosterPersons,COVID19FullyVaccPersons,COVID19PartiallyVaccPersons,fully+partiallyVacc
0 - 9,0.0,1.3,0.1,1.4000000000000001
10 - 19,8.8,32.2,1.6,33.800000000000004
20 - 29,20.9,54.2,0.1,54.300000000000004
30 - 39,24.3,56.0,0.9,56.9
40 - 49,33.4,62.6,0.5,63.1
50 - 59,42.0,68.7,0.1,68.8
60 - 69,57.5,77.7,-0.4,77.3
70 - 79,67.4,87.3,-0.1,87.2
80+,60.3,84.0,0.5,84.5
