altersklasse_covid19,COVID19FirstBoosterPersons,COVID19FullyVaccPersons,COVID19PartiallyVaccPersons,fully+partiallyVacc
0 - 9,0.1,0.1,2.7,2.8000000000000003
10 - 19,7.3,41.5,5.0,46.5
20 - 29,24.2,67.6,2.3,69.89999999999999
30 - 39,32.0,72.1,1.9,74.0
40 - 49,38.8,76.1,1.7,77.8
50 - 59,46.0,78.8,1.7,80.5
60 - 69,61.5,86.2,1.4,87.60000000000001
70 - 79,72.1,90.6,1.0,91.6
80+,70.1,94.5,1.2,95.7
