altersklasse_covid19,COVID19FirstBoosterPersons,COVID19FullyVaccPersons,COVID19PartiallyVaccPersons,fully+partiallyVacc
0 - 9,0.0,0.0,0.0,0.0
10 - 19,1.9,34.1,2.4,36.5
20 - 29,9.0,58.8,2.1,60.9
30 - 39,11.8,62.8,1.8,64.6
40 - 49,17.1,68.9,1.2,70.10000000000001
50 - 59,28.5,75.2,0.9,76.10000000000001
60 - 69,47.5,83.8,0.6,84.39999999999999
70 - 79,66.2,89.2,0.5,89.7
80+,69.0,91.2,1.1,92.3
