altersklasse_covid19,COVID19FirstBoosterPersons,COVID19FullyVaccPersons,COVID19PartiallyVaccPersons,fully+partiallyVacc
0 - 9,0.0,0.0,0.0,0.0
10 - 19,0.1,32.5,3.5,36.0
20 - 29,0.8,54.9,5.8,60.699999999999996
30 - 39,1.0,60.2,4.6,64.8
40 - 49,1.4,64.6,5.0,69.6
50 - 59,1.9,68.2,4.0,72.2
60 - 69,3.9,76.6,2.8,79.39999999999999
70 - 79,9.2,84.5,1.7,86.2
80+,7.6,78.8,1.4,80.2
