altersklasse_covid19,COVID19FirstBoosterPersons,COVID19FullyVaccPersons,COVID19PartiallyVaccPersons,fully+partiallyVacc
0 - 9,0.0,0.0,0.0,0.0
10 - 19,0.4,35.5,2.2,37.7
20 - 29,2.0,56.5,2.4,58.9
30 - 39,3.8,59.2,2.3,61.5
40 - 49,7.0,67.0,2.0,69.0
50 - 59,12.2,72.6,2.3,74.89999999999999
60 - 69,29.9,81.7,2.4,84.10000000000001
70 - 79,52.9,88.8,1.7,90.5
80+,54.6,88.2,3.4,91.60000000000001
