altersklasse_covid19,COVID19FirstBoosterPersons,COVID19FullyVaccPersons,COVID19PartiallyVaccPersons,fully+partiallyVacc
0 - 9,0.0,0.2,1.6,1.8
10 - 19,7.4,35.7,3.0,38.7
20 - 29,17.7,57.9,1.5,59.4
30 - 39,24.4,59.2,1.4,60.6
40 - 49,34.6,68.2,0.9,69.10000000000001
50 - 59,41.1,70.8,0.8,71.6
60 - 69,57.3,81.4,0.7,82.10000000000001
70 - 79,65.4,87.8,1.2,89.0
80+,59.0,93.8,3.0,96.8
