altersklasse_covid19,COVID19FirstBoosterPersons,COVID19FullyVaccPersons,COVID19PartiallyVaccPersons,fully+partiallyVacc
0 - 9,0.0,0.2,6.7,6.9
10 - 19,11.6,49.9,6.2,56.1
20 - 29,38.2,75.1,1.6,76.69999999999999
30 - 39,45.3,79.2,1.3,80.5
40 - 49,49.7,81.3,1.2,82.5
50 - 59,58.7,81.3,0.8,82.1
60 - 69,68.8,85.7,0.6,86.3
70 - 79,77.0,89.2,0.9,90.10000000000001
80+,77.9,92.8,1.6,94.39999999999999
