altersklasse_covid19,COVID19FirstBoosterPersons,COVID19FullyVaccPersons,COVID19PartiallyVaccPersons,fully+partiallyVacc
0 - 9,0.0,0.0,0.0,0.0
10 - 19,0.8,33.2,2.2,35.400000000000006
20 - 29,4.0,54.4,1.8,56.199999999999996
30 - 39,6.5,58.5,2.1,60.6
40 - 49,11.3,65.2,1.3,66.5
50 - 59,15.9,69.8,1.2,71.0
60 - 69,29.3,77.0,1.5,78.5
70 - 79,49.2,83.7,1.4,85.10000000000001
80+,50.5,84.3,2.0,86.3
