altersklasse_covid19,COVID19FirstBoosterPersons,COVID19FullyVaccPersons,COVID19PartiallyVaccPersons,fully+partiallyVacc
0 - 9,0.0,0.1,0.9,1.0
10 - 19,6.3,30.6,2.9,33.5
20 - 29,17.0,53.2,0.8,54.0
30 - 39,20.1,55.3,1.1,56.4
40 - 49,29.0,62.2,0.8,63.0
50 - 59,38.5,68.2,0.4,68.60000000000001
60 - 69,52.7,77.6,-0.2,77.39999999999999
70 - 79,65.5,86.7,0.4,87.10000000000001
80+,58.4,83.7,0.7,84.4
