altersklasse_covid19,COVID19FirstBoosterPersons,COVID19FullyVaccPersons,COVID19PartiallyVaccPersons,fully+partiallyVacc
0 - 9,0.1,0.0,0.0,0.0
10 - 19,2.2,39.6,3.2,42.800000000000004
20 - 29,10.4,65.9,3.0,68.9
30 - 39,14.6,70.6,2.5,73.1
40 - 49,20.0,75.2,2.1,77.3
5 - 11,0.0,0.0,0.0,0.0
50 - 59,28.3,78.1,2.1,80.19999999999999
60 - 69,48.2,85.6,1.6,87.19999999999999
70 - 79,63.9,90.1,1.2,91.3
80+,63.2,93.9,1.4,95.30000000000001
