altersklasse_covid19,COVID19FirstBoosterPersons,COVID19FullyVaccPersons,COVID19PartiallyVaccPersons,fully+partiallyVacc
0 - 9,0.1,0.1,1.4,1.5
10 - 19,6.3,46.3,3.3,49.599999999999994
20 - 29,18.0,68.0,1.8,69.8
30 - 39,21.4,69.3,1.6,70.89999999999999
40 - 49,29.6,75.6,1.1,76.69999999999999
50 - 59,38.1,79.7,0.8,80.5
60 - 69,55.1,86.1,0.8,86.89999999999999
70 - 79,73.1,91.7,1.0,92.7
80+,74.1,93.9,1.9,95.80000000000001
