altersklasse_covid19,COVID19FirstBoosterPersons,COVID19FullyVaccPersons,COVID19PartiallyVaccPersons,fully+partiallyVacc
0 - 9,0.0,0.1,0.1,0.2
10 - 19,0.6,39.9,3.0,42.9
20 - 29,3.1,61.6,2.3,63.9
30 - 39,5.6,66.9,2.6,69.5
40 - 49,9.6,71.3,1.6,72.89999999999999
50 - 59,17.1,74.6,1.3,75.89999999999999
60 - 69,38.5,82.5,1.3,83.8
70 - 79,59.8,89.8,0.5,90.3
80+,62.5,94.1,2.1,96.19999999999999
