altersklasse_covid19,COVID19FirstBoosterPersons,COVID19FullyVaccPersons,COVID19PartiallyVaccPersons,fully+partiallyVacc
0 - 9,0.1,0.0,0.4,0.4
10 - 19,4.4,43.7,3.0,46.7
20 - 29,14.6,67.2,2.4,69.60000000000001
30 - 39,18.5,69.7,2.0,71.7
40 - 49,25.6,74.9,1.5,76.4
50 - 59,33.8,79.9,1.0,80.9
60 - 69,51.3,87.2,1.1,88.3
70 - 79,70.4,93.1,0.6,93.69999999999999
80+,72.8,96.0,1.9,97.9
