altersklasse_covid19,COVID19FirstBoosterPersons,COVID19FullyVaccPersons,COVID19PartiallyVaccPersons,fully+partiallyVacc
0 - 9,0.0,0.1,4.4,4.5
10 - 19,6.6,48.6,5.4,54.0
20 - 29,18.8,68.6,2.3,70.89999999999999
30 - 39,24.0,71.0,2.1,73.1
40 - 49,33.2,77.1,1.6,78.69999999999999
50 - 59,45.8,81.4,1.2,82.60000000000001
60 - 69,62.7,87.5,1.0,88.5
70 - 79,73.8,90.9,0.7,91.60000000000001
80+,74.4,94.4,1.7,96.10000000000001
