altersklasse_covid19,COVID19FirstBoosterPersons,COVID19FullyVaccPersons,COVID19PartiallyVaccPersons,fully+partiallyVacc
0 - 9,0.0,0.0,0.0,0.0
10 - 19,0.5,33.0,2.2,35.2
20 - 29,3.1,54.3,1.7,56.0
30 - 39,4.9,58.4,2.0,60.4
40 - 49,8.9,65.1,1.3,66.39999999999999
50 - 59,12.9,69.7,1.2,70.9
60 - 69,26.0,77.0,1.4,78.4
70 - 79,46.9,83.6,1.3,84.89999999999999
80+,48.3,84.1,2.0,86.1
