altersklasse_covid19,COVID19FirstBoosterPersons,COVID19FullyVaccPersons,COVID19PartiallyVaccPersons,fully+partiallyVacc
0 - 9,0.0,4.3,1.5,5.8
10 - 19,17.2,53.7,1.5,55.2
20 - 29,32.7,69.9,0.7,70.60000000000001
30 - 39,41.1,73.3,0.4,73.7
40 - 49,52.2,78.0,0.5,78.5
50 - 59,57.7,80.4,0.4,80.80000000000001
60 - 69,67.3,85.4,0.5,85.9
70 - 79,77.7,89.0,0.7,89.7
80+,79.2,95.5,1.3,96.8
