altersklasse_covid19,COVID19FirstBoosterPersons,COVID19FullyVaccPersons,COVID19PartiallyVaccPersons,fully+partiallyVacc
0 - 9,0.0,0.0,0.0,0.0
10 - 19,2.9,36.8,2.3,39.099999999999994
20 - 29,9.7,57.8,2.4,60.199999999999996
30 - 39,15.1,60.3,2.2,62.5
40 - 49,22.6,67.8,2.0,69.8
50 - 59,31.7,73.2,2.2,75.4
60 - 69,49.6,82.2,2.4,84.60000000000001
70 - 79,66.7,89.2,1.7,90.9
80+,65.7,88.9,3.4,92.30000000000001
