altersklasse_covid19,COVID19FirstBoosterPersons,COVID19FullyVaccPersons,COVID19PartiallyVaccPersons,fully+partiallyVacc
0 - 9,0.0,0.0,0.0,0.0
10 - 19,0.1,41.4,2.9,44.3
20 - 29,0.9,67.1,2.3,69.39999999999999
30 - 39,1.6,69.4,2.2,71.60000000000001
40 - 49,2.5,74.7,1.8,76.5
50 - 59,4.2,78.5,1.6,80.1
60 - 69,15.9,84.4,1.5,85.9
70 - 79,38.2,89.7,1.3,91.0
80+,43.6,92.4,1.9,94.30000000000001
