altersklasse_covid19,COVID19FirstBoosterPersons,COVID19FullyVaccPersons,COVID19PartiallyVaccPersons,fully+partiallyVacc
0 - 9,0.1,3.0,1.3,4.3
10 - 19,13.2,48.4,1.9,50.3
20 - 29,28.7,69.5,1.1,70.6
30 - 39,33.8,71.6,0.9,72.5
40 - 49,42.4,76.1,0.8,76.89999999999999
50 - 59,52.3,80.8,0.4,81.2
60 - 69,67.6,87.9,0.7,88.60000000000001
70 - 79,78.9,93.6,0.4,94.0
80+,79.4,96.8,1.4,98.2
