altersklasse_covid19,COVID19FirstBoosterPersons,COVID19FullyVaccPersons,COVID19PartiallyVaccPersons,fully+partiallyVacc
0 - 9,0.0,0.2,0.0,0.2
10 - 19,4.9,41.4,2.6,44.0
20 - 29,15.3,63.1,2.4,65.5
30 - 39,20.2,68.6,2.1,70.69999999999999
40 - 49,28.2,72.2,1.3,73.5
50 - 59,36.3,75.6,1.1,76.69999999999999
60 - 69,54.0,83.4,1.0,84.4
70 - 79,68.6,90.1,0.7,90.8
80+,68.8,94.8,1.8,96.6
