altersklasse_covid19,COVID19FirstBoosterPersons,COVID19FullyVaccPersons,COVID19PartiallyVaccPersons,fully+partiallyVacc
0 - 9,0.0,1.2,0.4,1.6
10 - 19,8.6,38.0,1.3,39.3
20 - 29,23.0,61.7,0.7,62.400000000000006
30 - 39,27.4,65.1,0.6,65.69999999999999
40 - 49,34.6,70.3,0.4,70.7
50 - 59,45.1,76.4,0.1,76.5
60 - 69,61.0,84.8,-0.0,84.8
70 - 79,74.4,89.9,0.0,89.9
80+,74.5,92.2,0.4,92.60000000000001
