altersklasse_covid19,COVID19FirstBoosterPersons,COVID19FullyVaccPersons,COVID19PartiallyVaccPersons,fully+partiallyVacc
0 - 9,0.0,1.3,0.1,1.4000000000000001
10 - 19,9.4,32.7,1.5,34.2
20 - 29,21.6,54.3,0.1,54.4
30 - 39,25.1,56.0,0.9,56.9
40 - 49,34.5,62.7,0.6,63.300000000000004
50 - 59,43.0,68.7,0.1,68.8
60 - 69,58.4,77.7,-0.4,77.3
70 - 79,68.2,87.3,-0.1,87.2
80+,61.1,84.1,0.4,84.5
