altersklasse_covid19,COVID19FirstBoosterPersons,COVID19FullyVaccPersons,COVID19PartiallyVaccPersons,fully+partiallyVacc
0 - 9,0.0,1.4,0.3,1.7
10 - 19,10.2,38.6,1.0,39.6
20 - 29,25.7,62.8,0.6,63.4
30 - 39,28.8,64.0,0.5,64.5
40 - 49,36.9,70.2,0.4,70.60000000000001
50 - 59,47.6,76.8,0.1,76.89999999999999
60 - 69,61.5,82.5,-0.1,82.4
70 - 79,75.6,88.8,0.0,88.8
80+,82.3,90.0,0.4,90.4
