altersklasse_covid19,COVID19FirstBoosterPersons,COVID19FullyVaccPersons,COVID19PartiallyVaccPersons,fully+partiallyVacc
0 - 9,0.1,2.1,1.2,3.3
10 - 19,11.0,44.3,2.8,47.099999999999994
20 - 29,28.7,68.6,1.8,70.39999999999999
30 - 39,35.7,72.8,1.5,74.3
40 - 49,42.6,76.5,1.4,77.9
50 - 59,49.8,79.2,1.5,80.7
60 - 69,65.0,86.5,1.2,87.7
70 - 79,74.4,90.8,0.8,91.6
80+,73.1,94.9,1.0,95.9
