altersklasse_covid19,COVID19FirstBoosterPersons,COVID19FullyVaccPersons,COVID19PartiallyVaccPersons,fully+partiallyVacc
0 - 9,0.0,1.3,0.4,1.7000000000000002
10 - 19,8.6,38.0,1.3,39.3
20 - 29,23.1,61.7,0.7,62.400000000000006
30 - 39,27.5,65.1,0.6,65.69999999999999
40 - 49,34.7,70.4,0.4,70.80000000000001
50 - 59,45.2,76.4,0.1,76.5
60 - 69,61.1,84.8,-0.0,84.8
70 - 79,74.5,89.9,0.0,89.9
80+,74.6,92.2,0.4,92.60000000000001
