altersklasse_covid19,COVID19FirstBoosterPersons,COVID19FullyVaccPersons,COVID19PartiallyVaccPersons,fully+partiallyVacc
0 - 9,0.0,1.8,0.7,2.5
10 - 19,11.0,41.1,1.8,42.9
20 - 29,24.3,60.3,1.5,61.8
30 - 39,30.4,62.4,1.3,63.699999999999996
40 - 49,39.6,69.1,1.3,70.39999999999999
50 - 59,49.3,74.1,1.7,75.8
60 - 69,64.9,83.0,2.0,85.0
70 - 79,76.1,89.8,1.4,91.2
80+,74.4,89.7,2.8,92.5
