altersklasse_covid19,COVID19FirstBoosterPersons,COVID19FullyVaccPersons,COVID19PartiallyVaccPersons,fully+partiallyVacc
0 - 9,0.0,0.2,0.1,0.30000000000000004
10 - 19,1.0,40.2,3.1,43.300000000000004
20 - 29,4.2,62.2,2.5,64.7
30 - 39,6.8,67.6,2.6,70.19999999999999
40 - 49,11.0,71.6,1.7,73.3
50 - 59,19.2,75.1,1.4,76.5
60 - 69,40.6,82.8,1.4,84.2
70 - 79,61.1,90.0,0.6,90.6
80+,63.6,94.3,2.1,96.39999999999999
