altersklasse_covid19,COVID19FirstBoosterPersons,COVID19FullyVaccPersons,COVID19PartiallyVaccPersons,fully+partiallyVacc
0 - 9,0.1,2.6,1.6,4.2
10 - 19,12.7,47.9,2.3,50.199999999999996
20 - 29,28.0,69.3,1.2,70.5
30 - 39,33.2,71.4,1.0,72.4
40 - 49,41.8,76.0,0.8,76.8
50 - 59,51.6,80.8,0.5,81.3
60 - 69,66.9,87.8,0.7,88.5
70 - 79,78.4,93.6,0.4,94.0
80+,79.0,96.7,1.4,98.10000000000001
