altersklasse_covid19,COVID19FirstBoosterPersons,COVID19FullyVaccPersons,COVID19PartiallyVaccPersons,fully+partiallyVacc
0 - 9,0.1,0.0,0.0,0.0
10 - 19,2.1,42.7,2.9,45.6
20 - 29,9.2,66.4,2.6,69.0
30 - 39,11.7,68.9,2.3,71.2
40 - 49,17.2,74.4,1.7,76.10000000000001
50 - 59,24.6,79.5,1.2,80.7
60 - 69,42.9,86.9,1.2,88.10000000000001
70 - 79,66.5,93.0,0.7,93.7
80+,69.8,95.8,1.9,97.7
