altersklasse_covid19,COVID19FirstBoosterPersons,COVID19FullyVaccPersons,COVID19PartiallyVaccPersons,fully+partiallyVacc
0 - 9,0.1,3.0,1.4,4.4
10 - 19,13.1,48.3,2.0,50.3
20 - 29,28.5,69.5,1.1,70.6
30 - 39,33.7,71.6,0.9,72.5
40 - 49,42.3,76.1,0.8,76.89999999999999
50 - 59,52.1,80.8,0.5,81.3
60 - 69,67.5,87.9,0.7,88.60000000000001
70 - 79,78.8,93.6,0.4,94.0
80+,79.3,96.8,1.4,98.2
