altersklasse_covid19,COVID19FirstBoosterPersons,COVID19FullyVaccPersons,COVID19PartiallyVaccPersons,fully+partiallyVacc
0 - 9,0.0,0.4,2.0,2.4
10 - 19,6.8,35.8,3.1,38.9
20 - 29,19.4,56.9,1.2,58.1
30 - 39,25.4,60.7,1.2,61.900000000000006
40 - 49,34.8,66.4,0.9,67.30000000000001
50 - 59,41.7,70.9,0.9,71.80000000000001
60 - 69,54.9,78.2,1.0,79.2
70 - 79,66.9,84.6,1.0,85.6
80+,65.3,85.3,1.6,86.89999999999999
