altersklasse_covid19,COVID19FirstBoosterPersons,COVID19FullyVaccPersons,COVID19PartiallyVaccPersons,fully+partiallyVacc
0 - 9,0.0,0.1,2.1,2.2
10 - 19,9.5,38.8,3.6,42.4
20 - 29,22.2,59.5,2.1,61.6
30 - 39,28.2,61.8,1.7,63.5
40 - 49,37.6,68.8,1.5,70.3
50 - 59,46.9,73.9,1.9,75.80000000000001
60 - 69,62.6,82.8,2.1,84.89999999999999
70 - 79,74.2,89.6,1.5,91.1
80+,72.7,89.6,3.0,92.6
