altersklasse_covid19,COVID19FirstBoosterPersons,COVID19FullyVaccPersons,COVID19PartiallyVaccPersons,fully+partiallyVacc
0 - 9,0.0,0.0,0.2,0.2
10 - 19,3.5,43.8,2.8,46.599999999999994
20 - 29,13.1,69.2,2.2,71.4
30 - 39,17.1,71.3,2.0,73.3
40 - 49,23.0,76.0,1.6,77.6
50 - 59,33.0,79.5,1.4,80.9
60 - 69,49.8,85.3,1.3,86.6
70 - 79,67.9,90.4,1.2,91.60000000000001
80+,70.1,93.6,1.9,95.5
