altersklasse_covid19,COVID19FirstBoosterPersons,COVID19FullyVaccPersons,COVID19PartiallyVaccPersons,fully+partiallyVacc
0 - 9,0.0,0.1,5.5,5.6
10 - 19,9.6,49.4,5.7,55.1
20 - 29,24.8,69.2,2.1,71.3
30 - 39,29.9,71.5,1.9,73.4
40 - 49,39.5,77.4,1.4,78.80000000000001
50 - 59,50.4,81.6,1.0,82.6
60 - 69,66.4,87.7,0.9,88.60000000000001
70 - 79,76.4,91.0,0.7,91.7
80+,76.5,94.6,1.6,96.19999999999999
