altersklasse_covid19,COVID19FirstBoosterPersons,COVID19FullyVaccPersons,COVID19PartiallyVaccPersons,fully+partiallyVacc
0 - 4,0.1,0.1,0.1,0.2
0 - 9,0.1,3.2,1.2,4.4
10 - 19,14.8,48.5,1.8,50.3
20 - 29,31.7,71.0,1.0,72.0
30 - 39,35.3,70.7,0.9,71.60000000000001
40 - 49,44.3,75.7,0.8,76.5
50 - 59,55.0,81.4,0.5,81.9
60 - 69,68.3,85.5,0.7,86.2
70 - 79,80.1,91.9,0.4,92.30000000000001
80+,81.9,94.2,1.3,95.5
