altersklasse_covid19,COVID19FirstBoosterPersons,COVID19FullyVaccPersons,COVID19PartiallyVaccPersons,fully+partiallyVacc
0 - 9,0.1,1.4,2.8,4.199999999999999
10 - 19,12.2,46.8,3.2,50.0
20 - 29,27.4,69.1,1.4,70.5
30 - 39,32.4,71.3,1.2,72.5
40 - 49,41.1,75.9,1.0,76.9
50 - 59,50.8,80.7,0.6,81.3
60 - 69,66.2,87.7,0.8,88.5
70 - 79,78.0,93.5,0.5,94.0
80+,78.6,96.6,1.6,98.19999999999999
