altersklasse_covid19,COVID19FirstBoosterPersons,COVID19FullyVaccPersons,COVID19PartiallyVaccPersons,fully+partiallyVacc
0 - 9,0.0,0.0,1.6,1.6
10 - 19,6.7,37.8,3.6,41.4
20 - 29,18.3,58.8,2.4,61.199999999999996
30 - 39,24.2,61.3,1.9,63.199999999999996
40 - 49,33.6,68.5,1.7,70.2
50 - 59,42.6,73.6,2.0,75.6
60 - 69,58.5,82.6,2.2,84.8
70 - 79,71.2,89.5,1.6,91.1
80+,69.6,89.4,3.1,92.5
