altersklasse_covid19,COVID19FirstBoosterPersons,COVID19FullyVaccPersons,COVID19PartiallyVaccPersons,fully+partiallyVacc
0 - 9,0.0,0.8,1.6,2.4000000000000004
10 - 19,7.8,36.6,2.4,39.0
20 - 29,20.3,57.3,0.9,58.199999999999996
30 - 39,26.4,60.9,1.1,62.0
40 - 49,35.8,66.5,0.8,67.3
50 - 59,42.9,71.0,0.8,71.8
60 - 69,56.0,78.3,0.9,79.2
70 - 79,67.9,84.6,0.9,85.5
80+,66.0,85.4,1.5,86.9
