altersklasse_covid19,COVID19FirstBoosterPersons,COVID19FullyVaccPersons,COVID19PartiallyVaccPersons,fully+partiallyVacc
0 - 9,0.0,2.5,3.0,5.5
10 - 19,16.1,52.2,2.7,54.900000000000006
20 - 29,31.6,69.8,0.7,70.5
30 - 39,39.4,73.2,0.4,73.60000000000001
40 - 49,50.7,77.9,0.5,78.4
50 - 59,56.3,80.4,0.4,80.80000000000001
60 - 69,66.1,85.3,0.5,85.8
70 - 79,76.9,88.9,0.8,89.7
80+,78.7,95.5,1.3,96.8
