altersklasse_covid19,COVID19FirstBoosterPersons,COVID19FullyVaccPersons,COVID19PartiallyVaccPersons,fully+partiallyVacc
0 - 9,0.1,3.2,1.2,4.4
10 - 19,14.9,49.0,1.8,50.8
20 - 29,30.9,69.8,1.0,70.8
30 - 39,35.6,71.8,0.9,72.7
40 - 49,44.3,76.2,0.8,77.0
50 - 59,54.2,80.9,0.4,81.30000000000001
60 - 69,69.3,88.0,0.7,88.7
70 - 79,80.1,93.7,0.4,94.10000000000001
80+,82.9,96.9,1.4,98.30000000000001
