altersklasse_covid19,COVID19FirstBoosterPersons,COVID19FullyVaccPersons,COVID19PartiallyVaccPersons,fully+partiallyVacc
0 - 9,0.1,2.8,1.4,4.199999999999999
10 - 19,12.9,48.1,2.1,50.2
20 - 29,28.2,69.4,1.1,70.5
30 - 39,33.4,71.5,1.0,72.5
40 - 49,42.0,76.0,0.8,76.8
50 - 59,51.8,80.8,0.5,81.3
60 - 69,67.1,87.9,0.7,88.60000000000001
70 - 79,78.6,93.6,0.4,94.0
80+,79.2,96.8,1.4,98.2
