altersklasse_covid19,COVID19FirstBoosterPersons,COVID19FullyVaccPersons,COVID19PartiallyVaccPersons,fully+partiallyVacc
0 - 9,0.0,2.9,0.8,3.7
10 - 19,14.9,49.2,1.8,51.0
20 - 29,32.8,71.5,1.1,72.6
30 - 39,38.4,73.3,1.0,74.3
40 - 49,46.1,77.3,0.9,78.2
50 - 59,54.9,80.6,0.8,81.39999999999999
60 - 69,68.4,86.2,0.7,86.9
70 - 79,79.3,90.9,0.6,91.5
80+,82.8,94.6,1.3,95.89999999999999
