altersklasse_covid19,COVID19FirstBoosterPersons,COVID19FullyVaccPersons,COVID19PartiallyVaccPersons,fully+partiallyVacc
0 - 9,0.1,0.0,0.0,0.0
10 - 19,6.0,39.8,1.9,41.699999999999996
20 - 29,17.3,67.0,2.0,69.0
30 - 39,18.4,64.3,1.6,65.89999999999999
40 - 49,23.1,68.5,1.1,69.6
50 - 59,34.7,73.8,1.1,74.89999999999999
60 - 69,50.4,80.8,1.0,81.8
70 - 79,66.3,88.9,0.7,89.60000000000001
80+,70.6,93.5,0.6,94.1
