altersklasse_covid19,COVID19FirstBoosterPersons,COVID19FullyVaccPersons,COVID19PartiallyVaccPersons,fully+partiallyVacc
0 - 9,0.0,0.9,1.4,2.3
10 - 19,9.8,37.2,2.2,39.400000000000006
20 - 29,21.6,58.6,1.0,59.6
30 - 39,27.3,59.8,0.9,60.699999999999996
40 - 49,38.1,68.5,0.7,69.2
50 - 59,44.6,71.2,0.5,71.7
60 - 69,60.0,81.6,0.6,82.19999999999999
70 - 79,67.3,88.0,1.1,89.1
80+,60.2,93.9,2.9,96.80000000000001
