altersklasse_covid19,COVID19FirstBoosterPersons,COVID19FullyVaccPersons,COVID19PartiallyVaccPersons,fully+partiallyVacc
0 - 9,0.1,1.1,0.8,1.9000000000000001
10 - 19,11.3,42.3,1.4,43.699999999999996
20 - 29,27.7,69.1,0.9,70.0
30 - 39,28.8,65.9,0.7,66.60000000000001
40 - 49,35.2,69.0,0.8,69.8
50 - 59,44.5,74.4,0.7,75.10000000000001
60 - 69,54.1,81.7,0.4,82.10000000000001
70 - 79,56.9,89.8,0.2,90.0
80+,57.4,94.0,0.3,94.3
