altersklasse_covid19,COVID19FirstBoosterPersons,COVID19FullyVaccPersons,COVID19PartiallyVaccPersons,fully+partiallyVacc
0 - 9,0.0,1.7,0.8,2.5
10 - 19,8.3,37.4,1.8,39.199999999999996
20 - 29,20.9,57.4,0.8,58.199999999999996
30 - 39,27.0,61.1,1.0,62.1
40 - 49,36.6,66.6,0.7,67.3
50 - 59,43.6,71.1,0.7,71.8
60 - 69,56.8,78.4,0.8,79.2
70 - 79,68.3,84.7,0.8,85.5
80+,66.4,85.5,1.4,86.9
