altersklasse_covid19,COVID19FirstBoosterPersons,COVID19FullyVaccPersons,COVID19PartiallyVaccPersons,fully+partiallyVacc
0 - 9,0.0,0.1,2.5,2.6
10 - 19,8.0,45.3,3.9,49.199999999999996
20 - 29,23.9,70.3,1.8,72.1
30 - 39,30.2,72.3,1.6,73.89999999999999
40 - 49,37.8,76.7,1.3,78.0
50 - 59,46.7,80.1,1.2,81.3
60 - 69,61.2,85.8,1.1,86.89999999999999
70 - 79,74.4,90.7,1.0,91.7
80+,75.5,94.0,1.7,95.7
