altersklasse_covid19,COVID19FirstBoosterPersons,COVID19FullyVaccPersons,COVID19PartiallyVaccPersons,fully+partiallyVacc
0 - 9,0.1,1.3,0.8,2.1
10 - 19,13.2,43.2,1.4,44.6
20 - 29,32.7,71.0,0.9,71.9
30 - 39,31.1,64.6,0.6,65.19999999999999
40 - 49,38.9,69.7,0.8,70.5
50 - 59,48.0,74.4,0.7,75.10000000000001
60 - 69,56.0,80.9,0.4,81.30000000000001
70 - 79,57.0,87.7,0.0,87.7
80+,58.5,92.0,0.6,92.6
