altersklasse_covid19,COVID19FirstBoosterPersons,COVID19FullyVaccPersons,COVID19PartiallyVaccPersons,fully+partiallyVacc
0 - 9,0.0,0.3,2.9,3.1999999999999997
10 - 19,10.6,45.9,4.0,49.9
20 - 29,27.1,70.7,1.6,72.3
30 - 39,33.1,72.6,1.4,74.0
40 - 49,40.8,76.9,1.2,78.10000000000001
50 - 59,49.8,80.2,1.1,81.3
60 - 69,63.9,85.9,1.0,86.9
70 - 79,76.1,90.8,0.9,91.7
80+,77.0,94.2,1.6,95.8
