altersklasse_covid19,COVID19FirstBoosterPersons,COVID19FullyVaccPersons,COVID19PartiallyVaccPersons,fully+partiallyVacc
0 - 9,0.0,0.0,0.0,0.0
10 - 19,3.0,34.0,2.7,36.7
20 - 29,8.1,55.9,2.4,58.3
30 - 39,12.3,57.7,1.9,59.6
40 - 49,20.2,67.4,1.3,68.7
5 - 11,0.0,0.0,0.0,0.0
50 - 59,26.6,70.1,1.1,71.19999999999999
60 - 69,45.7,80.8,1.1,81.89999999999999
70 - 79,59.4,87.2,1.6,88.8
80+,55.1,93.1,3.5,96.6
