altersklasse_covid19,COVID19FirstBoosterPersons,COVID19FullyVaccPersons,COVID19PartiallyVaccPersons,fully+partiallyVacc
0 - 9,0.1,0.2,2.8,3.0
10 - 19,8.2,41.7,4.9,46.6
20 - 29,25.6,67.9,2.2,70.10000000000001
30 - 39,33.0,72.2,1.9,74.10000000000001
40 - 49,39.9,76.2,1.7,77.9
50 - 59,47.0,78.9,1.7,80.60000000000001
60 - 69,62.5,86.2,1.4,87.60000000000001
70 - 79,72.7,90.6,0.9,91.5
80+,70.7,94.6,1.2,95.8
