altersklasse_covid19,COVID19FirstBoosterPersons,COVID19FullyVaccPersons,COVID19PartiallyVaccPersons,fully+partiallyVacc
0 - 9,0.0,0.1,2.8,2.9
10 - 19,8.8,45.4,4.0,49.4
20 - 29,25.2,70.5,1.8,72.3
30 - 39,31.4,72.4,1.5,73.9
40 - 49,39.0,76.8,1.2,78.0
50 - 59,48.0,80.1,1.1,81.19999999999999
60 - 69,62.4,85.8,1.1,86.89999999999999
70 - 79,75.2,90.7,1.0,91.7
80+,76.2,94.1,1.7,95.8
