altersklasse_covid19,COVID19FirstBoosterPersons,COVID19FullyVaccPersons,COVID19PartiallyVaccPersons,fully+partiallyVacc
0 - 9,0.0,0.0,0.0,0.0
10 - 19,1.1,33.4,2.2,35.6
20 - 29,4.9,54.6,1.9,56.5
30 - 39,8.0,58.8,2.1,60.9
40 - 49,13.4,65.3,1.2,66.5
50 - 59,18.6,69.9,1.2,71.10000000000001
60 - 69,32.4,77.2,1.4,78.60000000000001
70 - 79,51.8,83.8,1.3,85.1
80+,52.4,84.3,2.1,86.39999999999999
