altersklasse_covid19,COVID19FirstBoosterPersons,COVID19FullyVaccPersons,COVID19PartiallyVaccPersons,fully+partiallyVacc
0 - 9,0.0,0.3,2.0,2.3
10 - 19,9.8,42.9,3.2,46.1
20 - 29,25.2,64.2,1.9,66.10000000000001
30 - 39,31.3,69.6,1.8,71.39999999999999
40 - 49,40.0,72.8,1.0,73.8
50 - 59,47.9,76.0,1.0,77.0
60 - 69,64.8,83.7,0.9,84.60000000000001
70 - 79,75.0,90.5,0.5,91.0
80+,74.1,95.4,1.4,96.80000000000001
