altersklasse_covid19,COVID19FirstBoosterPersons,COVID19FullyVaccPersons,COVID19PartiallyVaccPersons,fully+partiallyVacc
0 - 9,0.1,2.7,1.5,4.2
10 - 19,12.8,48.1,2.1,50.2
20 - 29,28.2,69.4,1.2,70.60000000000001
30 - 39,33.3,71.5,1.0,72.5
40 - 49,41.9,76.0,0.8,76.8
50 - 59,51.7,80.8,0.5,81.3
60 - 69,67.1,87.8,0.7,88.5
70 - 79,78.5,93.6,0.4,94.0
80+,79.1,96.7,1.4,98.10000000000001
