altersklasse_covid19,COVID19FirstBoosterPersons,COVID19FullyVaccPersons,COVID19PartiallyVaccPersons,fully+partiallyVacc
0 - 9,0.1,0.0,0.4,0.4
10 - 19,7.7,40.4,1.8,42.199999999999996
20 - 29,21.6,67.6,1.8,69.39999999999999
30 - 39,23.0,64.9,1.3,66.2
40 - 49,28.7,68.7,1.0,69.7
50 - 59,39.8,74.0,1.0,75.0
60 - 69,55.6,81.1,0.8,81.89999999999999
70 - 79,70.3,89.3,0.4,89.7
80+,73.8,93.7,0.5,94.2
