altersklasse_covid19,COVID19FirstBoosterPersons,COVID19FullyVaccPersons,COVID19PartiallyVaccPersons,fully+partiallyVacc
0 - 4,0.0,0.0,0.0,0.0
0 - 9,0.0,2.0,0.6,2.6
10 - 19,12.5,41.2,1.5,42.7
20 - 29,27.2,62.1,1.5,63.6
30 - 39,32.0,61.6,1.2,62.800000000000004
40 - 49,41.5,68.6,1.3,69.89999999999999
50 - 59,52.1,74.6,1.7,76.3
60 - 69,66.0,80.4,1.8,82.2
70 - 79,78.0,87.8,1.3,89.1
80+,79.5,87.4,2.8,90.2
