altersklasse_covid19,COVID19FirstBoosterPersons,COVID19FullyVaccPersons,COVID19PartiallyVaccPersons,fully+partiallyVacc
0 - 9,0.1,0.0,0.0,0.0
10 - 19,6.5,39.8,1.9,41.699999999999996
20 - 29,18.6,67.1,2.0,69.1
30 - 39,19.6,64.4,1.6,66.0
40 - 49,24.7,68.5,1.2,69.7
50 - 59,36.2,73.8,1.1,74.89999999999999
60 - 69,52.2,80.9,1.0,81.9
70 - 79,68.4,88.9,0.8,89.7
80+,72.4,93.5,0.6,94.1
