altersklasse_covid19,COVID19FirstBoosterPersons,COVID19FullyVaccPersons,COVID19PartiallyVaccPersons,fully+partiallyVacc
0 - 9,0.0,1.3,1.1,2.4000000000000004
10 - 19,10.6,40.5,2.2,42.7
20 - 29,23.7,60.0,1.7,61.7
30 - 39,29.7,62.2,1.4,63.6
40 - 49,39.0,69.0,1.3,70.3
50 - 59,48.5,74.0,1.8,75.8
60 - 69,64.2,83.0,2.0,85.0
70 - 79,75.6,89.7,1.4,91.10000000000001
80+,73.9,89.6,2.9,92.5
