altersklasse_covid19,COVID19FirstBoosterPersons,COVID19FullyVaccPersons,COVID19PartiallyVaccPersons,fully+partiallyVacc
0 - 9,0.0,0.2,0.0,0.2
10 - 19,4.5,41.4,2.6,44.0
20 - 29,14.3,63.0,2.4,65.4
30 - 39,18.6,68.6,2.1,70.69999999999999
40 - 49,26.7,72.2,1.3,73.5
50 - 59,35.3,75.6,1.1,76.69999999999999
60 - 69,53.2,83.4,1.0,84.4
70 - 79,68.3,90.1,0.7,90.8
80+,68.5,94.8,1.8,96.6
