altersklasse_covid19,COVID19FirstBoosterPersons,COVID19FullyVaccPersons,COVID19PartiallyVaccPersons,fully+partiallyVacc
0 - 9,0.0,0.2,1.0,1.2
10 - 19,7.2,42.4,2.6,45.0
20 - 29,20.5,63.6,2.3,65.9
30 - 39,27.0,69.1,1.8,70.89999999999999
40 - 49,35.7,72.6,1.2,73.8
50 - 59,43.7,75.8,1.1,76.89999999999999
60 - 69,60.8,83.6,0.9,84.5
70 - 79,72.5,90.3,0.6,90.89999999999999
80+,71.2,95.1,1.7,96.8
