altersklasse_covid19,COVID19FirstBoosterPersons,COVID19FullyVaccPersons,COVID19PartiallyVaccPersons,fully+partiallyVacc
0 - 9,0.1,1.3,0.8,2.1
10 - 19,12.9,42.7,1.4,44.1
20 - 29,31.3,69.4,0.9,70.30000000000001
30 - 39,31.5,66.2,0.6,66.8
40 - 49,38.2,69.1,0.7,69.8
50 - 59,47.8,74.5,0.7,75.2
60 - 69,56.2,81.8,0.4,82.2
70 - 79,57.9,90.2,0.1,90.3
80+,59.8,95.4,0.4,95.80000000000001
