altersklasse_covid19,COVID19FirstBoosterPersons,COVID19FullyVaccPersons,COVID19PartiallyVaccPersons,fully+partiallyVacc
0 - 9,0.1,1.3,3.0,4.3
10 - 19,13.7,49.0,3.3,52.3
20 - 29,29.2,69.6,1.1,70.69999999999999
30 - 39,33.7,70.6,0.9,71.5
40 - 49,43.4,76.4,0.6,77.0
50 - 59,53.2,80.3,0.4,80.7
60 - 69,68.2,86.6,0.4,87.0
70 - 79,80.7,92.1,0.8,92.89999999999999
80+,80.8,94.4,1.6,96.0
