altersklasse_covid19,COVID19FirstBoosterPersons,COVID19FullyVaccPersons,COVID19PartiallyVaccPersons,fully+partiallyVacc
0 - 9,0.0,0.1,0.0,0.1
10 - 19,3.8,34.6,2.3,36.9
20 - 29,10.0,56.3,2.2,58.5
30 - 39,14.6,58.1,1.8,59.9
40 - 49,23.3,67.5,1.3,68.8
50 - 59,29.5,70.3,1.1,71.39999999999999
60 - 69,48.1,81.0,1.0,82.0
70 - 79,60.4,87.2,1.6,88.8
80+,55.9,93.2,3.4,96.60000000000001
