altersklasse_covid19,COVID19FirstBoosterPersons,COVID19FullyVaccPersons,COVID19PartiallyVaccPersons,fully+partiallyVacc
0 - 9,0.1,1.1,0.7,1.8
10 - 19,11.2,42.3,1.4,43.699999999999996
20 - 29,27.4,69.1,0.9,70.0
30 - 39,28.3,65.9,0.7,66.60000000000001
40 - 49,34.7,69.1,0.8,69.89999999999999
50 - 59,44.2,74.4,0.7,75.10000000000001
60 - 69,53.5,81.7,0.3,82.0
70 - 79,56.7,89.9,0.1,90.0
80+,57.2,94.0,0.3,94.3
