altersklasse_covid19,COVID19FirstBoosterPersons,COVID19FullyVaccPersons,COVID19PartiallyVaccPersons,fully+partiallyVacc
0 - 9,0.0,0.3,2.0,2.3
10 - 19,10.0,42.9,3.2,46.1
20 - 29,25.4,64.2,1.8,66.0
30 - 39,31.5,69.6,1.8,71.39999999999999
40 - 49,40.2,72.9,1.0,73.9
50 - 59,48.0,76.0,1.0,77.0
60 - 69,65.0,83.7,0.9,84.60000000000001
70 - 79,75.2,90.5,0.4,90.9
80+,74.2,95.3,1.4,96.7
