altersklasse_covid19,COVID19FirstBoosterPersons,COVID19FullyVaccPersons,COVID19PartiallyVaccPersons,fully+partiallyVacc
0 - 9,0.0,0.7,1.4,2.0999999999999996
10 - 19,9.1,37.0,2.4,39.4
20 - 29,20.6,58.4,1.2,59.6
30 - 39,26.9,59.7,1.1,60.800000000000004
40 - 49,37.4,68.4,0.8,69.2
50 - 59,43.9,71.1,0.6,71.69999999999999
60 - 69,59.3,81.6,0.6,82.19999999999999
70 - 79,66.7,88.0,1.1,89.1
80+,59.8,93.9,2.9,96.80000000000001
