altersklasse_covid19,COVID19FirstBoosterPersons,COVID19FullyVaccPersons,COVID19PartiallyVaccPersons,fully+partiallyVacc
0 - 9,0.0,0.0,0.0,0.0
10 - 19,0.1,32.5,3.5,36.0
20 - 29,0.8,54.9,5.8,60.699999999999996
30 - 39,1.1,60.3,4.6,64.89999999999999
40 - 49,1.5,64.6,5.0,69.6
50 - 59,2.3,68.2,3.9,72.10000000000001
60 - 69,4.3,76.6,2.8,79.39999999999999
70 - 79,9.4,84.5,1.6,86.1
80+,7.7,78.8,1.4,80.2
