altersklasse_covid19,COVID19FirstBoosterPersons,COVID19FullyVaccPersons,COVID19PartiallyVaccPersons,fully+partiallyVacc
0 - 9,0.1,0.0,0.0,0.0
10 - 19,6.2,39.8,1.9,41.699999999999996
20 - 29,17.9,67.1,2.0,69.1
30 - 39,19.0,64.4,1.6,66.0
40 - 49,23.9,68.5,1.1,69.6
50 - 59,35.4,73.8,1.1,74.89999999999999
60 - 69,51.4,80.8,1.0,81.8
70 - 79,67.6,88.9,0.7,89.60000000000001
80+,71.6,93.5,0.6,94.1
