altersklasse_covid19,COVID19FirstBoosterPersons,COVID19FullyVaccPersons,COVID19PartiallyVaccPersons,fully+partiallyVacc
0 - 9,0.0,0.0,0.0,0.0
10 - 19,1.0,36.2,1.9,38.1
20 - 29,3.9,57.0,2.4,59.4
30 - 39,6.7,59.8,2.2,62.0
40 - 49,11.9,67.4,2.0,69.4
50 - 59,19.0,72.9,2.2,75.10000000000001
60 - 69,38.8,81.9,2.4,84.30000000000001
70 - 79,60.6,89.0,1.7,90.7
80+,60.8,88.5,3.2,91.7
