altersklasse_covid19,COVID19FirstBoosterPersons,COVID19FullyVaccPersons,COVID19PartiallyVaccPersons,fully+partiallyVacc
0 - 9,0.0,0.1,1.2,1.3
10 - 19,6.0,36.0,2.7,38.7
20 - 29,19.4,60.7,1.4,62.1
30 - 39,24.2,64.4,1.0,65.4
40 - 49,31.6,69.9,0.7,70.60000000000001
50 - 59,41.8,76.1,0.3,76.39999999999999
60 - 69,58.2,84.5,0.2,84.7
70 - 79,72.7,89.7,0.2,89.9
80+,73.3,92.0,0.6,92.6
