altersklasse_covid19,COVID19FirstBoosterPersons,COVID19FullyVaccPersons,COVID19PartiallyVaccPersons,fully+partiallyVacc
0 - 9,0.0,0.0,0.0,0.0
10 - 19,1.4,36.3,4.1,40.4
20 - 29,5.0,60.7,6.7,67.4
30 - 39,6.8,67.2,5.6,72.8
40 - 49,13.2,72.6,6.1,78.69999999999999
5 - 11,0.0,0.0,0.0,0.0
50 - 59,20.0,76.6,5.1,81.69999999999999
60 - 69,34.2,87.4,3.7,91.10000000000001
70 - 79,51.4,99.9,1.8,101.7
80+,49.0,94.9,2.3,97.2
