altersklasse_covid19,COVID19FirstBoosterPersons,COVID19FullyVaccPersons,COVID19PartiallyVaccPersons,fully+partiallyVacc
0 - 9,0.0,0.1,2.1,2.2
10 - 19,9.4,49.6,2.8,52.4
20 - 29,24.3,69.0,1.2,70.2
30 - 39,33.1,72.4,1.0,73.4
40 - 49,45.2,77.6,0.7,78.3
50 - 59,51.6,80.2,0.6,80.8
60 - 69,62.2,85.1,0.6,85.69999999999999
70 - 79,74.7,88.7,0.9,89.60000000000001
80+,76.7,95.1,1.5,96.6
