altersklasse_covid19,COVID19FirstBoosterPersons,COVID19FullyVaccPersons,COVID19PartiallyVaccPersons,fully+partiallyVacc
0 - 9,0.0,1.3,0.3,1.6
10 - 19,8.8,38.2,1.3,39.5
20 - 29,23.5,61.7,0.7,62.400000000000006
30 - 39,27.8,65.2,0.6,65.8
40 - 49,35.1,70.4,0.4,70.80000000000001
50 - 59,45.6,76.5,0.1,76.6
60 - 69,61.4,84.8,-0.0,84.8
70 - 79,74.7,89.9,0.0,89.9
80+,74.7,92.2,0.4,92.60000000000001
