altersklasse_covid19,COVID19FirstBoosterPersons,COVID19FullyVaccPersons,COVID19PartiallyVaccPersons,fully+partiallyVacc
0 - 9,0.0,2.7,0.9,3.6
10 - 19,13.4,48.7,1.8,50.5
20 - 29,31.0,71.4,1.2,72.60000000000001
30 - 39,36.9,73.2,1.0,74.2
40 - 49,44.6,77.2,0.9,78.10000000000001
50 - 59,53.7,80.5,0.8,81.3
60 - 69,67.4,86.1,0.7,86.8
70 - 79,78.6,90.9,0.6,91.5
80+,80.3,94.4,1.3,95.7
