altersklasse_covid19,COVID19FirstBoosterPersons,COVID19FullyVaccPersons,COVID19PartiallyVaccPersons,fully+partiallyVacc
0 - 9,0.0,0.1,1.6,1.7000000000000002
10 - 19,5.3,37.0,5.9,42.9
20 - 29,12.4,61.6,7.0,68.6
30 - 39,14.6,67.8,5.9,73.7
40 - 49,20.8,73.0,5.8,78.8
50 - 59,28.0,77.0,5.2,82.2
60 - 69,40.7,87.9,3.4,91.30000000000001
70 - 79,54.8,100.1,1.9,102.0
80+,51.3,95.1,2.2,97.3
