altersklasse_covid19,COVID19FirstBoosterPersons,COVID19FullyVaccPersons,COVID19PartiallyVaccPersons,fully+partiallyVacc
0 - 9,0.0,0.0,0.0,0.0
10 - 19,0.3,42.0,3.7,45.7
20 - 29,1.5,64.7,2.3,67.0
30 - 39,2.3,66.4,2.1,68.5
40 - 49,3.9,73.8,1.4,75.2
50 - 59,6.0,78.2,1.0,79.2
60 - 69,18.8,85.0,1.0,86.0
70 - 79,42.7,90.9,1.2,92.10000000000001
80+,46.7,92.9,2.2,95.10000000000001
