altersklasse_covid19,COVID19FirstBoosterPersons,COVID19FullyVaccPersons,COVID19PartiallyVaccPersons,fully+partiallyVacc
0 - 9,0.0,0.1,2.1,2.2
10 - 19,7.6,38.4,3.6,42.0
20 - 29,20.1,59.2,2.3,61.5
30 - 39,26.2,61.6,1.8,63.4
40 - 49,35.7,68.6,1.6,70.19999999999999
50 - 59,44.7,73.8,2.0,75.8
60 - 69,60.5,82.7,2.2,84.9
70 - 79,72.6,89.6,1.6,91.19999999999999
80+,71.0,89.5,3.0,92.5
