altersklasse_covid19,COVID19FirstBoosterPersons,COVID19FullyVaccPersons,COVID19PartiallyVaccPersons,fully+partiallyVacc
0 - 9,0.0,0.2,5.7,5.9
10 - 19,10.1,49.4,5.8,55.199999999999996
20 - 29,25.6,69.2,2.1,71.3
30 - 39,31.0,71.6,1.8,73.39999999999999
40 - 49,40.8,77.4,1.4,78.80000000000001
50 - 59,51.6,81.6,1.0,82.6
60 - 69,67.3,87.7,0.9,88.60000000000001
70 - 79,77.0,91.0,0.7,91.7
80+,77.1,94.7,1.6,96.3
