altersklasse_covid19,COVID19FirstBoosterPersons,COVID19FullyVaccPersons,COVID19PartiallyVaccPersons,fully+partiallyVacc
0 - 9,0.0,0.1,0.9,1.0
10 - 19,6.1,30.4,3.0,33.4
20 - 29,16.1,53.1,0.9,54.0
30 - 39,19.6,55.1,1.2,56.300000000000004
40 - 49,28.4,62.0,0.8,62.8
50 - 59,37.7,68.1,0.3,68.39999999999999
60 - 69,52.0,77.6,-0.2,77.39999999999999
70 - 79,65.0,86.7,0.4,87.10000000000001
80+,58.1,83.7,0.7,84.4
