altersklasse_covid19,COVID19FirstBoosterPersons,COVID19FullyVaccPersons,COVID19PartiallyVaccPersons,fully+partiallyVacc
0 - 9,0.0,0.1,5.5,5.6
10 - 19,9.3,49.3,5.7,55.0
20 - 29,24.1,69.1,2.1,71.19999999999999
30 - 39,29.2,71.4,1.9,73.30000000000001
40 - 49,38.8,77.4,1.4,78.80000000000001
50 - 59,49.9,81.6,1.1,82.69999999999999
60 - 69,66.0,87.6,0.9,88.5
70 - 79,76.1,91.0,0.7,91.7
80+,76.4,94.6,1.6,96.19999999999999
