altersklasse_covid19,COVID19FirstBoosterPersons,COVID19FullyVaccPersons,COVID19PartiallyVaccPersons,fully+partiallyVacc
0 - 9,0.0,0.1,1.2,1.3
10 - 19,6.2,36.0,2.7,38.7
20 - 29,19.6,60.7,1.3,62.0
30 - 39,24.4,64.5,1.0,65.5
40 - 49,31.8,69.9,0.7,70.60000000000001
50 - 59,42.0,76.1,0.3,76.39999999999999
60 - 69,58.3,84.5,0.2,84.7
70 - 79,72.8,89.7,0.2,89.9
80+,73.4,92.0,0.6,92.6
