altersklasse_covid19,COVID19FirstBoosterPersons,COVID19FullyVaccPersons,COVID19PartiallyVaccPersons,fully+partiallyVacc
0 - 9,0.1,0.6,2.5,3.1
10 - 19,9.3,42.4,4.5,46.9
20 - 29,26.8,68.0,2.1,70.1
30 - 39,34.0,72.4,1.8,74.2
40 - 49,41.0,76.3,1.6,77.89999999999999
50 - 59,48.1,79.0,1.6,80.6
60 - 69,63.4,86.3,1.3,87.6
70 - 79,73.4,90.6,0.9,91.5
80+,71.3,94.6,1.1,95.69999999999999
