altersklasse_covid19,COVID19FirstBoosterPersons,COVID19FullyVaccPersons,COVID19PartiallyVaccPersons,fully+partiallyVacc
0 - 9,0.1,0.6,1.1,1.7000000000000002
10 - 19,11.2,41.9,1.6,43.5
20 - 29,28.8,68.9,1.0,69.9
30 - 39,29.4,65.8,0.7,66.5
40 - 49,36.4,69.0,0.8,69.8
50 - 59,47.2,74.4,0.7,75.10000000000001
60 - 69,62.6,81.7,0.3,82.0
70 - 79,79.0,89.8,0.2,90.0
80+,81.9,93.9,0.4,94.30000000000001
