altersklasse_covid19,COVID19FirstBoosterPersons,COVID19FullyVaccPersons,COVID19PartiallyVaccPersons,fully+partiallyVacc
0 - 9,0.1,1.3,0.8,2.1
10 - 19,13.1,42.8,1.4,44.199999999999996
20 - 29,31.9,69.4,0.9,70.30000000000001
30 - 39,31.8,66.2,0.6,66.8
40 - 49,38.5,69.2,0.7,69.9
50 - 59,47.9,74.5,0.7,75.2
60 - 69,56.4,81.8,0.4,82.2
70 - 79,58.0,89.8,0.0,89.8
80+,59.5,94.3,0.5,94.8
