altersklasse_covid19,COVID19FirstBoosterPersons,COVID19FullyVaccPersons,COVID19PartiallyVaccPersons,fully+partiallyVacc
0 - 9,0.0,0.0,0.0,0.0
10 - 19,0.1,33.3,2.8,36.099999999999994
20 - 29,0.6,57.2,2.1,59.300000000000004
30 - 39,1.2,61.0,2.1,63.1
40 - 49,2.2,67.9,1.5,69.4
50 - 59,3.9,74.7,1.0,75.7
60 - 69,19.5,82.6,0.8,83.39999999999999
70 - 79,42.8,88.4,0.4,88.80000000000001
80+,43.4,83.8,-1.0,82.8
