altersklasse_covid19,COVID19FirstBoosterPersons,COVID19FullyVaccPersons,COVID19PartiallyVaccPersons,fully+partiallyVacc
0 - 9,0.0,1.5,1.1,2.6
10 - 19,11.5,44.0,2.5,46.5
20 - 29,27.0,64.6,1.5,66.1
30 - 39,32.6,69.9,1.5,71.4
40 - 49,41.1,73.0,0.9,73.9
50 - 59,49.3,76.2,0.9,77.10000000000001
60 - 69,66.0,83.7,0.8,84.5
70 - 79,75.8,90.6,0.4,91.0
80+,75.0,95.4,1.4,96.80000000000001
