altersklasse_covid19,COVID19FirstBoosterPersons,COVID19FullyVaccPersons,COVID19PartiallyVaccPersons,fully+partiallyVacc
0 - 9,0.1,0.6,3.6,4.2
10 - 19,13.1,48.3,3.9,52.199999999999996
20 - 29,28.3,69.3,1.3,70.6
30 - 39,32.9,70.4,1.0,71.4
40 - 49,42.5,76.4,0.7,77.10000000000001
50 - 59,52.3,80.3,0.4,80.7
60 - 69,67.4,86.6,0.5,87.1
70 - 79,80.2,92.0,0.8,92.8
80+,80.3,94.4,1.7,96.10000000000001
