altersklasse_covid19,COVID19FirstBoosterPersons,COVID19FullyVaccPersons,COVID19PartiallyVaccPersons,fully+partiallyVacc
0 - 9,0.0,1.3,0.6,1.9
10 - 19,9.5,37.8,2.4,40.199999999999996
20 - 29,24.2,61.4,3.6,65.0
30 - 39,27.8,64.6,2.7,67.3
40 - 49,36.5,67.6,2.6,70.19999999999999
50 - 59,43.1,69.6,2.4,72.0
60 - 69,57.9,78.1,1.2,79.3
70 - 79,72.6,84.6,1.2,85.8
80+,74.3,85.3,1.2,86.5
