altersklasse_covid19,COVID19FirstBoosterPersons,COVID19FullyVaccPersons,COVID19PartiallyVaccPersons,fully+partiallyVacc
0 - 9,0.1,0.1,3.6,3.7
10 - 19,8.3,44.9,4.6,49.5
20 - 29,23.4,68.2,2.0,70.2
30 - 39,28.5,70.6,1.6,72.19999999999999
40 - 49,37.2,75.5,1.2,76.7
50 - 59,46.2,80.4,0.8,81.2
60 - 69,62.2,87.5,1.0,88.5
70 - 79,75.7,93.3,0.6,93.89999999999999
80+,76.7,96.3,1.7,98.0
