altersklasse_covid19,COVID19FirstBoosterPersons,COVID19FullyVaccPersons,COVID19PartiallyVaccPersons,fully+partiallyVacc
0 - 9,0.1,1.2,2.0,3.2
10 - 19,10.2,43.3,3.8,47.099999999999994
20 - 29,27.9,68.3,1.9,70.2
30 - 39,34.8,72.5,1.6,74.1
40 - 49,41.8,76.4,1.5,77.9
50 - 59,48.9,79.1,1.6,80.69999999999999
60 - 69,64.2,86.4,1.2,87.60000000000001
70 - 79,73.9,90.7,0.9,91.60000000000001
80+,72.0,94.7,1.1,95.8
