altersklasse_covid19,COVID19FirstBoosterPersons,COVID19FullyVaccPersons,COVID19PartiallyVaccPersons,fully+partiallyVacc
0 - 9,0.0,0.0,0.0,0.0
10 - 19,1.7,34.1,2.4,36.5
20 - 29,8.4,58.8,2.1,60.9
30 - 39,11.2,62.7,1.9,64.60000000000001
40 - 49,16.4,68.8,1.2,70.0
5 - 11,0.0,0.0,0.0,0.0
50 - 59,27.9,75.2,0.9,76.10000000000001
60 - 69,47.1,83.7,0.6,84.3
70 - 79,66.1,89.2,0.5,89.7
80+,68.9,91.2,1.1,92.3
