altersklasse_covid19,COVID19FirstBoosterPersons,COVID19FullyVaccPersons,COVID19PartiallyVaccPersons,fully+partiallyVacc
0 - 9,0.0,2.8,0.9,3.6999999999999997
10 - 19,13.8,48.8,1.9,50.699999999999996
20 - 29,31.6,71.4,1.2,72.60000000000001
30 - 39,37.4,73.2,1.0,74.2
40 - 49,45.1,77.2,0.9,78.10000000000001
50 - 59,54.1,80.5,0.8,81.3
60 - 69,67.8,86.1,0.7,86.8
70 - 79,78.8,90.9,0.6,91.5
80+,80.4,94.4,1.3,95.7
