altersklasse_covid19,COVID19FirstBoosterPersons,COVID19FullyVaccPersons,COVID19PartiallyVaccPersons,fully+partiallyVacc
0 - 9,0.0,0.2,2.0,2.2
10 - 19,9.5,42.8,3.3,46.099999999999994
20 - 29,25.0,64.0,2.0,66.0
30 - 39,31.2,69.5,1.8,71.3
40 - 49,39.9,72.8,1.1,73.89999999999999
50 - 59,47.8,76.0,1.0,77.0
60 - 69,64.6,83.7,0.9,84.60000000000001
70 - 79,74.8,90.4,0.5,90.9
80+,74.0,95.3,1.4,96.7
