altersklasse_covid19,COVID19FirstBoosterPersons,COVID19FullyVaccPersons,COVID19PartiallyVaccPersons,fully+partiallyVacc
0 - 9,0.0,0.1,0.0,0.1
10 - 19,0.6,29.2,2.1,31.3
20 - 29,2.6,51.5,0.8,52.3
30 - 39,4.0,53.2,2.1,55.300000000000004
40 - 49,8.0,61.2,1.0,62.2
50 - 59,15.5,67.4,0.6,68.0
60 - 69,37.2,76.8,0.1,76.89999999999999
70 - 79,57.8,86.2,0.3,86.5
80+,53.3,82.7,1.2,83.9
