altersklasse_covid19,COVID19FirstBoosterPersons,COVID19FullyVaccPersons,COVID19PartiallyVaccPersons,fully+partiallyVacc
0 - 9,0.0,0.4,1.9,2.3
10 - 19,10.1,39.4,3.1,42.5
20 - 29,23.0,59.8,1.9,61.699999999999996
30 - 39,28.9,62.0,1.6,63.6
40 - 49,38.3,68.9,1.4,70.30000000000001
50 - 59,47.7,74.0,1.8,75.8
60 - 69,63.4,82.9,2.0,84.9
70 - 79,74.9,89.7,1.4,91.10000000000001
80+,73.1,89.7,2.9,92.60000000000001
