altersklasse_covid19,COVID19FirstBoosterPersons,COVID19FullyVaccPersons,COVID19PartiallyVaccPersons,fully+partiallyVacc
0 - 9,0.0,0.0,0.0,0.0
10 - 19,0.8,36.0,4.0,40.0
20 - 29,2.8,60.5,6.6,67.1
30 - 39,3.4,66.9,5.5,72.4
40 - 49,7.1,72.3,6.2,78.5
50 - 59,12.3,76.3,5.2,81.5
60 - 69,26.6,87.0,4.0,91.0
70 - 79,46.1,99.7,1.9,101.60000000000001
80+,46.4,94.7,2.4,97.10000000000001
