altersklasse_covid19,COVID19FirstBoosterPersons,COVID19FullyVaccPersons,COVID19PartiallyVaccPersons,fully+partiallyVacc
0 - 9,0.0,0.2,0.0,0.2
10 - 19,5.3,41.9,2.2,44.1
20 - 29,16.3,63.2,2.4,65.60000000000001
30 - 39,21.1,68.8,1.9,70.7
40 - 49,29.2,72.4,1.2,73.60000000000001
50 - 59,37.4,75.7,1.2,76.9
60 - 69,54.8,83.5,1.0,84.5
70 - 79,69.2,90.2,0.7,90.9
80+,69.0,94.9,1.8,96.7
