altersklasse_covid19,COVID19FirstBoosterPersons,COVID19FullyVaccPersons,COVID19PartiallyVaccPersons,fully+partiallyVacc
0 - 9,0.1,0.1,1.3,1.4000000000000001
10 - 19,8.7,40.7,2.2,42.900000000000006
20 - 29,23.5,68.0,1.4,69.4
30 - 39,25.3,65.2,1.2,66.4
40 - 49,31.0,68.9,0.9,69.80000000000001
50 - 59,41.7,74.2,0.9,75.10000000000001
60 - 69,56.8,81.2,0.7,81.9
70 - 79,71.0,89.4,0.5,89.9
80+,74.6,93.7,0.5,94.2
