altersklasse_covid19,COVID19FirstBoosterPersons,COVID19FullyVaccPersons,COVID19PartiallyVaccPersons,fully+partiallyVacc
0 - 4,0.0,0.1,0.1,0.2
0 - 9,0.0,2.0,0.4,2.4
10 - 19,11.6,38.5,1.1,39.6
20 - 29,25.1,60.7,0.7,61.400000000000006
30 - 39,30.4,60.4,0.6,61.0
40 - 49,40.9,68.1,0.6,68.69999999999999
50 - 59,49.3,72.8,0.4,73.2
60 - 69,61.7,79.6,0.4,80.0
70 - 79,69.6,86.9,1.1,88.0
80+,65.7,92.0,2.9,94.9
