altersklasse_covid19,COVID19FirstBoosterPersons,COVID19FullyVaccPersons,COVID19PartiallyVaccPersons,fully+partiallyVacc
0 - 9,0.1,0.2,2.8,3.0
10 - 19,7.9,41.7,4.9,46.6
20 - 29,25.2,67.8,2.2,70.0
30 - 39,32.7,72.2,1.9,74.10000000000001
40 - 49,39.6,76.1,1.7,77.8
50 - 59,46.8,78.9,1.7,80.60000000000001
60 - 69,62.2,86.2,1.4,87.60000000000001
70 - 79,72.6,90.6,0.9,91.5
80+,70.6,94.6,1.1,95.69999999999999
