altersklasse_covid19,COVID19FirstBoosterPersons,COVID19FullyVaccPersons,COVID19PartiallyVaccPersons,fully+partiallyVacc
0 - 9,0.0,0.0,0.9,0.9
10 - 19,4.6,35.4,2.6,38.0
20 - 29,16.5,60.1,1.6,61.7
30 - 39,21.1,64.0,1.2,65.2
40 - 49,28.2,69.6,0.8,70.39999999999999
50 - 59,38.6,75.9,0.4,76.30000000000001
60 - 69,55.4,84.3,0.3,84.6
70 - 79,71.0,89.6,0.3,89.89999999999999
80+,72.0,91.8,0.7,92.5
