altersklasse_covid19,COVID19FirstBoosterPersons,COVID19FullyVaccPersons,COVID19PartiallyVaccPersons,fully+partiallyVacc
0 - 9,0.0,0.2,0.0,0.2
10 - 19,2.0,40.7,3.0,43.7
20 - 29,7.1,62.4,2.7,65.1
30 - 39,9.9,67.9,2.5,70.4
40 - 49,15.4,71.8,1.6,73.39999999999999
5 - 11,0.0,0.2,0.2,0.4
50 - 59,24.6,75.3,1.4,76.7
60 - 69,45.8,83.0,1.3,84.3
70 - 79,64.6,90.1,0.6,90.69999999999999
80+,65.2,94.5,2.1,96.6
