altersklasse_covid19,COVID19FirstBoosterPersons,COVID19FullyVaccPersons,COVID19PartiallyVaccPersons,fully+partiallyVacc
0 - 9,0.0,0.0,0.0,0.0
10 - 19,0.9,39.1,3.1,42.2
20 - 29,4.8,65.5,3.0,68.5
30 - 39,8.3,70.2,2.5,72.7
40 - 49,12.6,74.9,2.2,77.10000000000001
50 - 59,20.6,77.8,2.1,79.89999999999999
60 - 69,41.8,85.3,1.7,87.0
70 - 79,60.6,90.0,1.2,91.2
80+,59.8,93.7,1.4,95.10000000000001
