altersklasse_covid19,COVID19FirstBoosterPersons,COVID19FullyVaccPersons,COVID19PartiallyVaccPersons,fully+partiallyVacc
0 - 4,0.0,0.0,0.0,0.0
0 - 9,0.0,2.9,0.8,3.7
10 - 19,14.8,48.6,1.7,50.300000000000004
20 - 29,33.6,72.3,1.1,73.39999999999999
30 - 39,38.6,72.7,1.0,73.7
40 - 49,46.6,77.1,0.8,77.89999999999999
50 - 59,55.5,80.5,0.8,81.3
60 - 69,67.9,84.2,0.6,84.8
70 - 79,79.9,90.0,0.6,90.6
80+,82.2,91.8,1.2,93.0
