altersklasse_covid19,COVID19FirstBoosterPersons,COVID19FullyVaccPersons,COVID19PartiallyVaccPersons,fully+partiallyVacc
0 - 9,0.0,1.4,1.1,2.5
10 - 19,11.3,44.0,2.5,46.5
20 - 29,26.8,64.6,1.6,66.19999999999999
30 - 39,32.5,69.7,1.7,71.4
40 - 49,40.9,72.9,1.0,73.9
50 - 59,49.0,76.2,0.9,77.10000000000001
60 - 69,65.7,83.7,0.8,84.5
70 - 79,75.7,90.6,0.4,91.0
80+,74.9,95.4,1.4,96.80000000000001
