altersklasse_covid19,COVID19FirstBoosterPersons,COVID19FullyVaccPersons,COVID19PartiallyVaccPersons,fully+partiallyVacc
0 - 9,0.0,0.7,1.6,2.3
10 - 19,10.2,39.8,2.8,42.599999999999994
20 - 29,23.2,59.9,1.8,61.699999999999996
30 - 39,29.2,62.1,1.5,63.6
40 - 49,38.6,69.0,1.4,70.4
50 - 59,48.0,74.0,1.8,75.8
60 - 69,63.7,82.9,2.0,84.9
70 - 79,75.2,89.7,1.4,91.10000000000001
80+,73.5,89.6,2.9,92.5
