altersklasse_covid19,COVID19FirstBoosterPersons,COVID19FullyVaccPersons,COVID19PartiallyVaccPersons,fully+partiallyVacc
0 - 9,0.0,0.4,2.0,2.4
10 - 19,6.9,35.9,3.1,39.0
20 - 29,19.5,56.9,1.2,58.1
30 - 39,25.6,60.8,1.2,62.0
40 - 49,34.9,66.4,0.9,67.30000000000001
50 - 59,41.8,70.9,0.8,71.7
60 - 69,55.0,78.2,1.0,79.2
70 - 79,67.0,84.6,1.0,85.6
80+,65.4,85.3,1.6,86.89999999999999
