altersklasse_covid19,COVID19FirstBoosterPersons,COVID19FullyVaccPersons,COVID19PartiallyVaccPersons,fully+partiallyVacc
0 - 4,0.0,0.0,0.0,0.0
0 - 9,0.0,1.4,0.0,1.4
10 - 19,10.1,32.8,1.3,34.099999999999994
20 - 29,23.3,56.3,0.1,56.4
30 - 39,26.0,56.0,0.9,56.9
40 - 49,36.1,63.5,0.5,64.0
50 - 59,43.7,68.0,0.1,68.1
60 - 69,58.3,75.3,-0.4,74.89999999999999
70 - 79,69.2,84.8,-0.1,84.7
80+,64.1,83.0,0.5,83.5
