altersklasse_covid19,COVID19FirstBoosterPersons,COVID19FullyVaccPersons,COVID19PartiallyVaccPersons,fully+partiallyVacc
0 - 9,0.1,3.6,1.0,4.6
10 - 19,16.3,51.8,1.4,53.199999999999996
20 - 29,32.6,70.2,0.8,71.0
30 - 39,37.0,71.1,0.6,71.69999999999999
40 - 49,46.7,76.7,0.5,77.2
50 - 59,56.7,80.6,0.3,80.89999999999999
60 - 69,71.4,86.9,0.4,87.30000000000001
70 - 79,82.9,92.2,0.7,92.9
80+,85.6,94.8,1.5,96.3
