altersklasse_covid19,COVID19FirstBoosterPersons,COVID19FullyVaccPersons,COVID19PartiallyVaccPersons,fully+partiallyVacc
0 - 9,0.0,1.8,0.7,2.5
10 - 19,10.2,37.9,1.6,39.5
20 - 29,23.4,58.9,0.8,59.699999999999996
30 - 39,29.1,60.3,0.9,61.199999999999996
40 - 49,38.9,67.1,0.7,67.8
50 - 59,45.9,70.9,0.7,71.60000000000001
60 - 69,56.8,75.6,0.7,76.3
70 - 79,68.8,83.4,0.8,84.2
80+,67.1,83.3,1.4,84.7
