altersklasse_covid19,COVID19FirstBoosterPersons,COVID19FullyVaccPersons,COVID19PartiallyVaccPersons,fully+partiallyVacc
0 - 9,0.0,1.2,1.2,2.4
10 - 19,10.5,40.4,2.3,42.699999999999996
20 - 29,23.6,60.0,1.7,61.7
30 - 39,29.6,62.2,1.5,63.7
40 - 49,39.0,69.0,1.4,70.4
50 - 59,48.4,74.0,1.8,75.8
60 - 69,64.1,83.0,2.0,85.0
70 - 79,75.6,89.7,1.4,91.10000000000001
80+,73.8,89.6,2.9,92.5
