altersklasse_covid19,COVID19FirstBoosterPersons,COVID19FullyVaccPersons,COVID19PartiallyVaccPersons,fully+partiallyVacc
0 - 9,0.1,3.1,1.3,4.4
10 - 19,14.3,50.7,1.7,52.400000000000006
20 - 29,30.1,69.9,0.8,70.7
30 - 39,34.6,70.9,0.7,71.60000000000001
40 - 49,44.3,76.6,0.5,77.1
50 - 59,54.3,80.4,0.3,80.7
60 - 69,69.2,86.8,0.4,87.2
70 - 79,81.3,92.2,0.7,92.9
80+,81.4,94.6,1.5,96.1
