altersklasse_covid19,COVID19FirstBoosterPersons,COVID19FullyVaccPersons,COVID19PartiallyVaccPersons,fully+partiallyVacc
0 - 9,0.0,0.2,0.0,0.2
10 - 19,2.9,41.2,2.7,43.900000000000006
20 - 29,10.8,62.8,2.5,65.3
30 - 39,14.8,68.4,2.2,70.60000000000001
40 - 49,21.6,72.0,1.6,73.6
50 - 59,30.5,75.5,1.3,76.8
60 - 69,50.2,83.2,1.1,84.3
70 - 79,67.1,90.1,0.6,90.69999999999999
80+,67.9,94.8,1.8,96.6
