altersklasse_covid19,COVID19FirstBoosterPersons,COVID19FullyVaccPersons,COVID19PartiallyVaccPersons,fully+partiallyVacc
0 - 9,0.1,0.1,2.5,2.6
10 - 19,6.7,41.3,4.9,46.199999999999996
20 - 29,23.4,67.5,2.3,69.8
30 - 39,31.1,72.0,2.0,74.0
40 - 49,37.8,76.0,1.7,77.7
50 - 59,45.2,78.8,1.7,80.5
60 - 69,61.0,86.1,1.4,87.5
70 - 79,71.8,90.5,1.0,91.5
80+,69.8,94.4,1.2,95.60000000000001
