altersklasse_covid19,COVID19FirstBoosterPersons,COVID19FullyVaccPersons,COVID19PartiallyVaccPersons,fully+partiallyVacc
0 - 9,0.0,0.2,1.3,1.5
10 - 19,7.4,36.3,2.7,39.0
20 - 29,21.1,61.0,1.2,62.2
30 - 39,25.8,64.6,0.9,65.5
40 - 49,33.2,70.0,0.6,70.6
50 - 59,43.3,76.2,0.2,76.4
60 - 69,59.4,84.6,0.1,84.69999999999999
70 - 79,73.5,89.8,0.1,89.89999999999999
80+,73.8,92.1,0.5,92.6
