altersklasse_covid19,COVID19FirstBoosterPersons,COVID19FullyVaccPersons,COVID19PartiallyVaccPersons,fully+partiallyVacc
0 - 9,0.0,4.6,1.4,6.0
10 - 19,18.8,54.4,1.5,55.9
20 - 29,34.1,70.0,0.7,70.7
30 - 39,42.5,73.4,0.4,73.80000000000001
40 - 49,53.5,78.1,0.5,78.6
50 - 59,58.8,80.5,0.4,80.9
60 - 69,68.0,85.4,0.4,85.80000000000001
70 - 79,78.1,89.0,0.7,89.7
80+,79.6,95.6,1.3,96.89999999999999
