altersklasse_covid19,COVID19FirstBoosterPersons,COVID19FullyVaccPersons,COVID19PartiallyVaccPersons,fully+partiallyVacc
0 - 9,0.0,0.6,1.5,2.1
10 - 19,8.5,36.8,2.4,39.199999999999996
20 - 29,20.1,58.2,1.3,59.5
30 - 39,26.5,59.6,1.2,60.800000000000004
40 - 49,37.0,68.3,0.8,69.1
50 - 59,43.5,71.0,0.6,71.6
60 - 69,58.9,81.5,0.6,82.1
70 - 79,66.3,88.0,1.1,89.1
80+,59.6,93.9,2.9,96.80000000000001
