altersklasse_covid19,COVID19FirstBoosterPersons,COVID19FullyVaccPersons,COVID19PartiallyVaccPersons,fully+partiallyVacc
0 - 9,0.0,0.0,0.3,0.3
10 - 19,3.2,36.9,4.2,41.1
20 - 29,9.8,61.4,6.3,67.7
30 - 39,12.3,67.6,5.6,73.19999999999999
40 - 49,19.2,72.9,5.8,78.7
50 - 59,26.2,76.8,5.0,81.8
60 - 69,39.6,87.8,3.4,91.2
70 - 79,54.0,100.1,1.8,101.89999999999999
80+,50.9,95.1,2.1,97.19999999999999
