altersklasse_covid19,COVID19FirstBoosterPersons,COVID19FullyVaccPersons,COVID19PartiallyVaccPersons,fully+partiallyVacc
0 - 9,0.1,2.4,1.0,3.4
10 - 19,12.9,45.3,2.5,47.8
20 - 29,31.3,68.9,1.7,70.60000000000001
30 - 39,37.9,72.9,1.4,74.30000000000001
40 - 49,44.8,76.6,1.4,78.0
50 - 59,51.9,79.2,1.5,80.7
60 - 69,66.6,86.6,1.2,87.8
70 - 79,75.4,90.8,0.8,91.6
80+,75.1,95.0,1.0,96.0
