altersklasse_covid19,COVID19FirstBoosterPersons,COVID19FullyVaccPersons,COVID19PartiallyVaccPersons,fully+partiallyVacc
0 - 9,0.0,0.0,0.0,0.0
10 - 19,1.5,36.4,4.1,40.5
20 - 29,5.2,60.8,6.6,67.39999999999999
30 - 39,7.0,67.2,5.7,72.9
40 - 49,13.3,72.6,6.0,78.6
5 - 11,0.0,0.0,0.0,0.0
50 - 59,20.2,76.6,5.1,81.69999999999999
60 - 69,34.2,87.4,3.7,91.10000000000001
70 - 79,51.5,99.9,1.8,101.7
80+,49.0,94.9,2.3,97.2
