altersklasse_covid19,COVID19FirstBoosterPersons,COVID19FullyVaccPersons,COVID19PartiallyVaccPersons,fully+partiallyVacc
0 - 9,0.1,3.6,1.0,4.6
10 - 19,16.2,51.7,1.4,53.1
20 - 29,32.4,70.1,0.8,70.89999999999999
30 - 39,36.8,71.1,0.6,71.69999999999999
40 - 49,46.6,76.7,0.5,77.2
50 - 59,56.6,80.5,0.3,80.8
60 - 69,71.2,86.8,0.4,87.2
70 - 79,82.7,92.2,0.7,92.9
80+,84.6,94.7,1.5,96.2
