altersklasse_covid19,COVID19FirstBoosterPersons,COVID19FullyVaccPersons,COVID19PartiallyVaccPersons,fully+partiallyVacc
0 - 9,0.0,0.2,5.6,5.8
10 - 19,10.2,49.2,5.8,55.0
20 - 29,35.1,74.8,1.7,76.5
30 - 39,42.4,78.9,1.4,80.30000000000001
40 - 49,46.9,81.1,1.2,82.3
50 - 59,56.4,81.1,0.9,82.0
60 - 69,67.2,85.6,0.6,86.19999999999999
70 - 79,76.1,89.1,1.0,90.1
80+,77.1,92.6,1.6,94.19999999999999
