altersklasse_covid19,COVID19FirstBoosterPersons,COVID19FullyVaccPersons,COVID19PartiallyVaccPersons,fully+partiallyVacc
0 - 9,0.1,2.7,1.7,4.4
10 - 19,14.2,50.2,2.2,52.400000000000006
20 - 29,29.9,69.8,0.9,70.7
30 - 39,34.4,70.8,0.7,71.5
40 - 49,44.1,76.5,0.5,77.0
50 - 59,54.1,80.4,0.3,80.7
60 - 69,69.0,86.7,0.4,87.10000000000001
70 - 79,81.2,92.1,0.8,92.89999999999999
80+,81.2,94.6,1.5,96.1
