altersklasse_covid19,COVID19FirstBoosterPersons,COVID19FullyVaccPersons,COVID19PartiallyVaccPersons,fully+partiallyVacc
0 - 9,0.0,0.0,0.4,0.4
10 - 19,3.2,34.4,2.5,36.9
20 - 29,11.7,55.6,1.7,57.300000000000004
30 - 39,15.8,59.6,1.9,61.5
40 - 49,23.0,65.8,1.2,67.0
50 - 59,29.4,70.3,1.2,71.5
60 - 69,43.0,77.6,1.3,78.89999999999999
70 - 79,58.9,84.1,1.3,85.39999999999999
80+,58.4,84.6,2.0,86.6
