altersklasse_covid19,COVID19FirstBoosterPersons,COVID19FullyVaccPersons,COVID19PartiallyVaccPersons,fully+partiallyVacc
0 - 9,0.1,3.2,1.2,4.4
10 - 19,14.7,48.8,1.8,50.599999999999994
20 - 29,30.4,69.7,1.0,70.7
30 - 39,35.3,71.7,0.9,72.60000000000001
40 - 49,43.9,76.2,0.8,77.0
50 - 59,53.8,80.9,0.4,81.30000000000001
60 - 69,69.0,88.0,0.7,88.7
70 - 79,79.6,93.6,0.4,94.0
80+,80.2,96.9,1.4,98.30000000000001
