altersklasse_covid19,COVID19FirstBoosterPersons,COVID19FullyVaccPersons,COVID19PartiallyVaccPersons,fully+partiallyVacc
0 - 9,0.1,0.1,0.2,0.30000000000000004
10 - 19,4.3,40.3,3.3,43.599999999999994
20 - 29,17.4,66.8,2.6,69.39999999999999
30 - 39,24.0,71.2,2.3,73.5
40 - 49,30.8,75.6,2.0,77.6
50 - 59,38.6,78.4,1.9,80.30000000000001
60 - 69,55.7,85.8,1.6,87.39999999999999
70 - 79,68.2,90.3,1.1,91.39999999999999
80+,66.5,94.1,1.4,95.5
