altersklasse_covid19,COVID19FirstBoosterPersons,COVID19FullyVaccPersons,COVID19PartiallyVaccPersons,fully+partiallyVacc
0 - 9,0.0,0.5,1.8,2.3
10 - 19,10.2,39.6,2.9,42.5
20 - 29,23.1,59.8,1.9,61.699999999999996
30 - 39,29.0,62.1,1.5,63.6
40 - 49,38.4,68.9,1.4,70.30000000000001
50 - 59,47.9,74.0,1.8,75.8
60 - 69,63.5,82.9,2.0,84.9
70 - 79,75.0,89.7,1.4,91.10000000000001
80+,73.3,89.7,2.9,92.60000000000001
