altersklasse_covid19,COVID19FirstBoosterPersons,COVID19FullyVaccPersons,COVID19PartiallyVaccPersons,fully+partiallyVacc
0 - 9,0.0,0.0,0.0,0.0
10 - 19,0.4,42.4,2.8,45.199999999999996
20 - 29,3.0,67.9,2.4,70.30000000000001
30 - 39,4.8,70.2,2.2,72.4
40 - 49,7.5,75.3,1.8,77.1
50 - 59,14.0,78.9,1.6,80.5
60 - 69,30.8,84.8,1.4,86.2
70 - 79,54.3,89.9,1.2,91.10000000000001
80+,58.2,92.7,1.9,94.60000000000001
