altersklasse_covid19,COVID19FirstBoosterPersons,COVID19FullyVaccPersons,COVID19PartiallyVaccPersons,fully+partiallyVacc
0 - 9,0.1,1.3,0.8,2.1
10 - 19,13.2,43.1,1.4,44.5
20 - 29,32.5,70.9,0.9,71.80000000000001
30 - 39,31.0,64.6,0.6,65.19999999999999
40 - 49,38.8,69.8,0.8,70.6
50 - 59,47.8,74.4,0.7,75.10000000000001
60 - 69,55.9,80.9,0.4,81.30000000000001
70 - 79,56.7,87.8,0.0,87.8
80+,58.1,92.0,0.5,92.5
