altersklasse_covid19,COVID19FirstBoosterPersons,COVID19FullyVaccPersons,COVID19PartiallyVaccPersons,fully+partiallyVacc
0 - 9,0.1,1.2,2.0,3.2
10 - 19,10.1,43.2,3.8,47.0
20 - 29,27.7,68.3,2.0,70.3
30 - 39,34.7,72.5,1.6,74.1
40 - 49,41.7,76.4,1.5,77.9
50 - 59,48.8,79.0,1.6,80.6
60 - 69,64.1,86.4,1.2,87.60000000000001
70 - 79,73.8,90.7,0.9,91.60000000000001
80+,71.9,94.7,1.1,95.8
