altersklasse_covid19,COVID19FirstBoosterPersons,COVID19FullyVaccPersons,COVID19PartiallyVaccPersons,fully+partiallyVacc
0 - 9,0.0,0.1,0.1,0.2
10 - 19,4.3,30.1,1.9,32.0
20 - 29,12.7,52.3,1.2,53.5
30 - 39,14.1,54.3,1.9,56.199999999999996
40 - 49,21.8,61.6,0.8,62.4
50 - 59,32.2,67.8,0.5,68.3
60 - 69,49.0,77.3,-0.2,77.1
70 - 79,63.7,86.5,0.4,86.9
80+,57.3,83.4,0.9,84.30000000000001
