altersklasse_covid19,COVID19FirstBoosterPersons,COVID19FullyVaccPersons,COVID19PartiallyVaccPersons,fully+partiallyVacc
0 - 9,0.1,1.2,0.8,2.0
10 - 19,12.1,42.4,1.4,43.8
20 - 29,30.0,69.2,0.9,70.10000000000001
30 - 39,30.7,66.0,0.6,66.6
40 - 49,37.3,69.0,0.7,69.7
50 - 59,47.1,74.4,0.7,75.10000000000001
60 - 69,55.7,81.8,0.4,82.2
70 - 79,57.5,89.9,0.1,90.0
80+,57.8,94.0,0.3,94.3
