altersklasse_covid19,COVID19FirstBoosterPersons,COVID19FullyVaccPersons,COVID19PartiallyVaccPersons,fully+partiallyVacc
0 - 9,0.0,0.0,1.2,1.2
10 - 19,4.6,34.8,2.9,37.699999999999996
20 - 29,15.2,56.1,1.6,57.7
30 - 39,20.1,60.1,1.6,61.7
40 - 49,28.1,66.0,1.0,67.0
50 - 59,34.8,70.5,1.0,71.5
60 - 69,48.0,77.9,1.2,79.10000000000001
70 - 79,62.4,84.2,1.2,85.4
80+,61.2,84.9,1.8,86.7
