altersklasse_covid19,COVID19FirstBoosterPersons,COVID19FullyVaccPersons,COVID19PartiallyVaccPersons,fully+partiallyVacc
0 - 9,0.0,1.1,0.7,1.8
10 - 19,8.3,37.4,2.6,40.0
20 - 29,22.0,60.0,3.8,63.8
30 - 39,26.6,65.1,2.9,68.0
40 - 49,34.8,67.1,2.8,69.89999999999999
50 - 59,41.7,69.7,2.5,72.2
60 - 69,57.7,79.8,1.3,81.1
70 - 79,74.2,87.7,1.3,89.0
80+,75.1,87.9,1.2,89.10000000000001
