altersklasse_covid19,COVID19FirstBoosterPersons,COVID19FullyVaccPersons,COVID19PartiallyVaccPersons,fully+partiallyVacc
0 - 9,0.0,0.2,0.0,0.2
10 - 19,2.1,40.8,3.0,43.8
20 - 29,8.2,62.4,2.7,65.1
30 - 39,11.1,67.9,2.5,70.4
40 - 49,16.8,71.8,1.6,73.39999999999999
5 - 11,0.0,0.2,0.2,0.4
50 - 59,26.0,75.3,1.4,76.7
60 - 69,46.8,83.0,1.3,84.3
70 - 79,65.1,90.1,0.6,90.69999999999999
80+,66.2,94.8,1.8,96.6
