altersklasse_covid19,COVID19FirstBoosterPersons,COVID19FullyVaccPersons,COVID19PartiallyVaccPersons,fully+partiallyVacc
0 - 9,0.0,0.1,1.5,1.6
10 - 19,6.6,35.5,2.9,38.4
20 - 29,15.9,57.2,1.7,58.900000000000006
30 - 39,22.6,58.9,1.4,60.3
40 - 49,32.4,68.0,1.0,69.0
50 - 59,38.7,70.7,0.8,71.5
60 - 69,55.4,81.3,0.7,82.0
70 - 79,64.6,87.6,1.3,88.89999999999999
80+,58.3,93.7,3.0,96.7
