altersklasse_covid19,COVID19FirstBoosterPersons,COVID19FullyVaccPersons,COVID19PartiallyVaccPersons,fully+partiallyVacc
0 - 9,0.1,0.1,3.7,3.8000000000000003
10 - 19,8.8,45.1,4.5,49.6
20 - 29,24.2,68.4,1.9,70.30000000000001
30 - 39,29.4,70.7,1.6,72.3
40 - 49,38.0,75.5,1.2,76.7
50 - 59,47.2,80.4,0.8,81.2
60 - 69,63.0,87.5,0.9,88.4
70 - 79,76.2,93.4,0.6,94.0
80+,77.1,96.4,1.7,98.10000000000001
