altersklasse_covid19,COVID19FirstBoosterPersons,COVID19FullyVaccPersons,COVID19PartiallyVaccPersons,fully+partiallyVacc
0 - 9,0.1,0.1,2.5,2.6
10 - 19,7.6,44.7,3.9,48.6
20 - 29,22.0,68.0,2.0,70.0
30 - 39,26.9,70.4,1.7,72.10000000000001
40 - 49,35.3,75.4,1.3,76.7
50 - 59,44.3,80.3,0.8,81.1
60 - 69,60.6,87.4,1.0,88.4
70 - 79,75.0,93.3,0.6,93.89999999999999
80+,76.1,96.3,1.7,98.0
