altersklasse_covid19,COVID19FirstBoosterPersons,COVID19FullyVaccPersons,COVID19PartiallyVaccPersons,fully+partiallyVacc
0 - 9,0.0,0.0,0.0,0.0
10 - 19,0.2,38.3,1.7,40.0
20 - 29,1.1,65.8,1.8,67.6
30 - 39,1.0,63.2,1.6,64.8
40 - 49,2.3,68.0,1.2,69.2
50 - 59,3.1,73.4,0.9,74.30000000000001
60 - 69,10.8,80.2,0.9,81.10000000000001
70 - 79,24.1,88.6,0.6,89.19999999999999
80+,28.4,93.0,0.6,93.6
