altersklasse_covid19,COVID19FirstBoosterPersons,COVID19FullyVaccPersons,COVID19PartiallyVaccPersons,fully+partiallyVacc
0 - 9,0.0,0.0,0.0,0.0
10 - 19,0.3,41.3,2.7,44.0
20 - 29,2.0,64.8,2.6,67.39999999999999
30 - 39,2.8,67.6,2.3,69.89999999999999
40 - 49,4.7,73.5,1.7,75.2
50 - 59,7.0,78.8,1.3,80.1
60 - 69,18.9,86.4,1.3,87.7
70 - 79,43.6,92.6,0.8,93.39999999999999
80+,50.9,95.3,2.1,97.39999999999999
