altersklasse_covid19,COVID19FirstBoosterPersons,COVID19FullyVaccPersons,COVID19PartiallyVaccPersons,fully+partiallyVacc
0 - 9,0.1,3.1,1.2,4.3
10 - 19,13.3,48.4,1.9,50.3
20 - 29,28.8,69.5,1.1,70.6
30 - 39,33.9,71.6,0.9,72.5
40 - 49,42.5,76.1,0.8,76.89999999999999
50 - 59,52.4,80.8,0.5,81.3
60 - 69,67.7,87.9,0.7,88.60000000000001
70 - 79,79.0,93.6,0.4,94.0
80+,79.4,96.8,1.4,98.2
