altersklasse_covid19,COVID19FirstBoosterPersons,COVID19FullyVaccPersons,COVID19PartiallyVaccPersons,fully+partiallyVacc
0 - 9,0.0,1.8,0.8,2.6
10 - 19,11.8,44.4,2.1,46.5
20 - 29,27.9,64.6,1.3,65.89999999999999
30 - 39,33.6,69.5,1.5,71.0
40 - 49,41.8,72.7,0.8,73.5
50 - 59,50.4,75.8,0.8,76.6
60 - 69,66.6,83.6,0.8,84.39999999999999
70 - 79,76.3,90.4,0.4,90.80000000000001
80+,75.5,95.4,1.3,96.7
