altersklasse_covid19,COVID19FirstBoosterPersons,COVID19FullyVaccPersons,COVID19PartiallyVaccPersons,fully+partiallyVacc
0 - 9,0.0,0.0,0.0,0.0
10 - 19,0.1,40.8,2.6,43.4
20 - 29,0.7,64.1,2.6,66.69999999999999
30 - 39,1.0,67.1,2.1,69.19999999999999
40 - 49,1.8,73.2,1.6,74.8
50 - 59,2.8,78.4,1.2,79.60000000000001
60 - 69,12.2,86.2,1.2,87.4
70 - 79,33.6,91.9,0.8,92.7
80+,42.3,94.2,1.8,96.0
