altersklasse_covid19,COVID19FirstBoosterPersons,COVID19FullyVaccPersons,COVID19PartiallyVaccPersons,fully+partiallyVacc
0 - 9,0.0,0.1,0.1,0.2
10 - 19,4.7,30.1,2.2,32.300000000000004
20 - 29,13.4,52.4,1.1,53.5
30 - 39,15.4,54.4,1.9,56.3
40 - 49,23.4,61.7,0.8,62.5
50 - 59,33.6,67.8,0.5,68.3
60 - 69,49.9,77.3,-0.1,77.2
70 - 79,64.2,86.5,0.5,87.0
80+,57.4,83.4,0.9,84.30000000000001
