altersklasse_covid19,COVID19FirstBoosterPersons,COVID19FullyVaccPersons,COVID19PartiallyVaccPersons,fully+partiallyVacc
0 - 9,0.0,0.0,1.6,1.6
10 - 19,6.6,37.8,3.6,41.4
20 - 29,17.9,58.7,2.4,61.1
30 - 39,23.8,61.2,2.0,63.2
40 - 49,33.1,68.4,1.7,70.10000000000001
50 - 59,42.1,73.6,2.1,75.69999999999999
60 - 69,58.1,82.6,2.3,84.89999999999999
70 - 79,71.0,89.4,1.6,91.0
80+,69.4,89.3,3.1,92.39999999999999
