altersklasse_covid19,COVID19FirstBoosterPersons,COVID19FullyVaccPersons,COVID19PartiallyVaccPersons,fully+partiallyVacc
0 - 9,0.1,0.0,0.5,0.5
10 - 19,5.1,43.9,3.0,46.9
20 - 29,16.6,67.4,2.3,69.7
30 - 39,21.0,69.9,1.9,71.80000000000001
40 - 49,28.6,75.0,1.4,76.4
50 - 59,36.8,80.0,0.9,80.9
60 - 69,54.0,87.2,1.1,88.3
70 - 79,71.9,93.2,0.6,93.8
80+,73.8,96.1,1.8,97.89999999999999
