altersklasse_covid19,COVID19FirstBoosterPersons,COVID19FullyVaccPersons,COVID19PartiallyVaccPersons,fully+partiallyVacc
0 - 9,0.0,0.5,1.0,1.5
10 - 19,7.9,36.8,2.3,39.099999999999994
20 - 29,22.0,61.2,1.0,62.2
30 - 39,26.5,64.8,0.8,65.6
40 - 49,33.7,70.2,0.6,70.8
50 - 59,44.0,76.3,0.2,76.5
60 - 69,60.0,84.6,0.0,84.6
70 - 79,73.9,89.8,0.1,89.89999999999999
80+,74.1,92.1,0.5,92.6
