altersklasse_covid19,COVID19FirstBoosterPersons,COVID19FullyVaccPersons,COVID19PartiallyVaccPersons,fully+partiallyVacc
0 - 9,0.0,1.6,0.7,2.3
10 - 19,10.4,38.0,1.5,39.5
20 - 29,22.1,58.7,0.9,59.6
30 - 39,27.9,60.0,0.8,60.8
40 - 49,38.6,68.5,0.7,69.2
50 - 59,45.1,71.3,0.4,71.7
60 - 69,60.4,81.6,0.6,82.19999999999999
70 - 79,67.7,88.0,1.0,89.0
80+,60.4,93.9,2.9,96.80000000000001
