altersklasse_covid19,COVID19FirstBoosterPersons,COVID19FullyVaccPersons,COVID19PartiallyVaccPersons,fully+partiallyVacc
0 - 9,0.0,0.2,0.0,0.2
10 - 19,2.8,41.1,2.7,43.800000000000004
20 - 29,9.9,62.7,2.5,65.2
30 - 39,13.0,68.2,2.3,70.5
40 - 49,19.2,71.9,1.5,73.4
50 - 59,28.4,75.4,1.3,76.7
60 - 69,48.5,83.1,1.2,84.3
70 - 79,65.9,90.1,0.6,90.69999999999999
80+,66.8,94.8,1.8,96.6
