altersklasse_covid19,COVID19FirstBoosterPersons,COVID19FullyVaccPersons,COVID19PartiallyVaccPersons,fully+partiallyVacc
0 - 9,0.0,0.2,1.9,2.1
10 - 19,9.0,42.7,3.3,46.0
20 - 29,23.8,63.9,2.2,66.1
30 - 39,30.4,69.4,1.9,71.30000000000001
40 - 49,39.0,72.8,1.1,73.89999999999999
50 - 59,46.8,76.0,1.0,77.0
60 - 69,63.8,83.6,0.9,84.5
70 - 79,74.3,90.4,0.5,90.9
80+,73.3,95.3,1.5,96.8
