altersklasse_covid19,COVID19FirstBoosterPersons,COVID19FullyVaccPersons,COVID19PartiallyVaccPersons,fully+partiallyVacc
0 - 9,0.0,1.3,1.0,2.3
10 - 19,10.2,37.8,1.6,39.4
20 - 29,21.9,58.7,1.0,59.7
30 - 39,27.7,59.9,0.8,60.699999999999996
40 - 49,38.4,68.5,0.7,69.2
50 - 59,44.9,71.2,0.5,71.7
60 - 69,60.3,81.6,0.6,82.19999999999999
70 - 79,67.5,88.0,1.0,89.0
80+,60.3,93.9,2.9,96.80000000000001
