altersklasse_covid19,COVID19FirstBoosterPersons,COVID19FullyVaccPersons,COVID19PartiallyVaccPersons,fully+partiallyVacc
0 - 9,0.0,0.0,1.1,1.1
10 - 19,5.3,35.8,2.6,38.4
20 - 29,18.2,60.5,1.4,61.9
30 - 39,23.0,64.3,1.1,65.39999999999999
40 - 49,30.2,69.8,0.7,70.5
50 - 59,40.6,76.0,0.3,76.3
60 - 69,57.3,84.4,0.2,84.60000000000001
70 - 79,72.2,89.6,0.2,89.8
80+,72.9,91.9,0.6,92.5
