altersklasse_covid19,COVID19FirstBoosterPersons,COVID19FullyVaccPersons,COVID19PartiallyVaccPersons,fully+partiallyVacc
0 - 9,0.0,0.5,1.0,1.5
10 - 19,8.0,36.9,2.3,39.199999999999996
20 - 29,22.0,61.3,1.0,62.3
30 - 39,26.6,64.8,0.8,65.6
40 - 49,33.8,70.2,0.5,70.7
50 - 59,44.0,76.3,0.2,76.5
60 - 69,60.1,84.6,0.0,84.6
70 - 79,73.9,89.8,0.1,89.89999999999999
80+,74.2,92.1,0.5,92.6
