altersklasse_covid19,COVID19FirstBoosterPersons,COVID19FullyVaccPersons,COVID19PartiallyVaccPersons,fully+partiallyVacc
0 - 9,0.0,0.1,5.0,5.1
10 - 19,8.1,48.9,5.6,54.5
20 - 29,21.9,68.9,2.2,71.10000000000001
30 - 39,26.9,71.3,1.9,73.2
40 - 49,36.4,77.2,1.5,78.7
50 - 59,48.0,81.5,1.1,82.6
60 - 69,64.6,87.6,0.9,88.5
70 - 79,75.1,90.9,0.7,91.60000000000001
80+,75.5,94.6,1.6,96.19999999999999
