altersklasse_covid19,COVID19FirstBoosterPersons,COVID19FullyVaccPersons,COVID19PartiallyVaccPersons,fully+partiallyVacc
0 - 9,0.1,0.2,3.8,4.0
10 - 19,10.1,45.4,4.4,49.8
20 - 29,25.7,68.6,1.8,70.39999999999999
30 - 39,30.9,70.8,1.5,72.3
40 - 49,39.7,75.6,1.1,76.69999999999999
50 - 59,49.1,80.5,0.7,81.2
60 - 69,64.6,87.6,0.9,88.5
70 - 79,76.9,93.4,0.5,93.9
80+,77.7,96.4,1.7,98.10000000000001
