altersklasse_covid19,COVID19FirstBoosterPersons,COVID19FullyVaccPersons,COVID19PartiallyVaccPersons,fully+partiallyVacc
0 - 9,0.1,0.6,2.5,3.1
10 - 19,9.5,42.4,4.4,46.8
20 - 29,27.0,68.1,2.1,70.19999999999999
30 - 39,34.2,72.4,1.7,74.10000000000001
40 - 49,41.2,76.3,1.6,77.89999999999999
50 - 59,48.2,79.0,1.6,80.6
60 - 69,63.6,86.3,1.3,87.6
70 - 79,73.5,90.7,0.9,91.60000000000001
80+,71.5,94.7,1.1,95.8
