altersklasse_covid19,COVID19FirstBoosterPersons,COVID19FullyVaccPersons,COVID19PartiallyVaccPersons,fully+partiallyVacc
0 - 9,0.0,0.1,2.1,2.2
10 - 19,8.7,38.6,3.6,42.2
20 - 29,21.2,59.4,2.2,61.6
30 - 39,27.4,61.7,1.8,63.5
40 - 49,36.9,68.8,1.6,70.39999999999999
50 - 59,46.1,73.8,1.9,75.7
60 - 69,61.8,82.8,2.1,84.89999999999999
70 - 79,73.6,89.6,1.6,91.19999999999999
80+,72.2,89.6,3.0,92.6
