altersklasse_covid19,COVID19FirstBoosterPersons,COVID19FullyVaccPersons,COVID19PartiallyVaccPersons,fully+partiallyVacc
0 - 9,0.1,0.0,0.0,0.0
10 - 19,1.5,42.6,2.8,45.4
20 - 29,7.8,66.2,2.5,68.7
30 - 39,9.9,68.8,2.2,71.0
40 - 49,14.9,74.3,1.6,75.89999999999999
5 - 11,0.0,0.0,0.0,0.0
50 - 59,21.6,79.4,1.3,80.7
60 - 69,39.7,86.8,1.2,88.0
70 - 79,64.7,92.9,0.7,93.60000000000001
80+,68.5,95.8,1.9,97.7
