altersklasse_covid19,COVID19FirstBoosterPersons,COVID19FullyVaccPersons,COVID19PartiallyVaccPersons,fully+partiallyVacc
0 - 9,0.0,0.0,0.0,0.0
10 - 19,0.3,34.3,2.7,37.0
20 - 29,2.2,58.2,2.2,60.400000000000006
30 - 39,3.9,62.0,2.1,64.1
40 - 49,6.7,68.6,1.5,70.1
50 - 59,13.1,75.3,1.0,76.3
60 - 69,35.0,83.2,0.9,84.10000000000001
70 - 79,57.3,88.8,0.7,89.5
80+,55.1,84.2,0.3,84.5
