altersklasse_covid19,COVID19FirstBoosterPersons,COVID19FullyVaccPersons,COVID19PartiallyVaccPersons,fully+partiallyVacc
0 - 9,0.0,0.0,0.0,0.0
10 - 19,2.8,36.8,4.2,41.0
20 - 29,8.8,61.2,6.4,67.60000000000001
30 - 39,11.3,67.4,5.6,73.0
40 - 49,18.5,72.8,5.8,78.6
50 - 59,25.8,76.8,5.0,81.8
60 - 69,39.2,87.7,3.4,91.10000000000001
70 - 79,53.8,100.0,1.8,101.8
80+,50.8,95.1,2.1,97.19999999999999
