altersklasse_covid19,COVID19FirstBoosterPersons,COVID19FullyVaccPersons,COVID19PartiallyVaccPersons,fully+partiallyVacc
0 - 9,0.0,0.0,0.0,0.0
10 - 19,0.4,41.7,2.6,44.300000000000004
20 - 29,2.7,65.3,2.6,67.89999999999999
30 - 39,3.7,67.9,2.3,70.2
40 - 49,6.2,73.8,1.7,75.5
50 - 59,9.4,79.0,1.3,80.3
60 - 69,23.5,86.5,1.2,87.7
70 - 79,50.1,92.7,0.8,93.5
80+,56.2,95.4,2.0,97.4
