altersklasse_covid19,COVID19FirstBoosterPersons,COVID19FullyVaccPersons,COVID19PartiallyVaccPersons,fully+partiallyVacc
0 - 9,0.0,1.4,0.0,1.4
10 - 19,10.0,32.8,1.4,34.199999999999996
20 - 29,21.8,54.4,0.0,54.4
30 - 39,25.5,56.0,0.9,56.9
40 - 49,35.1,62.8,0.5,63.3
50 - 59,43.4,68.8,0.1,68.89999999999999
60 - 69,58.5,77.7,-0.4,77.3
70 - 79,68.2,87.3,-0.1,87.2
80+,61.9,84.1,0.4,84.5
