altersklasse_covid19,COVID19FirstBoosterPersons,COVID19FullyVaccPersons,COVID19PartiallyVaccPersons,fully+partiallyVacc
0 - 9,0.0,2.0,0.4,2.4
10 - 19,11.8,38.8,1.1,39.9
20 - 29,24.9,60.7,0.8,61.5
30 - 39,30.3,60.3,0.6,60.9
40 - 49,40.8,68.1,0.6,68.69999999999999
50 - 59,49.0,72.8,0.4,73.2
60 - 69,61.5,79.5,0.5,80.0
70 - 79,68.9,86.8,1.0,87.8
80+,65.1,91.9,2.9,94.80000000000001
