altersklasse_covid19,COVID19FirstBoosterPersons,COVID19FullyVaccPersons,COVID19PartiallyVaccPersons,fully+partiallyVacc
0 - 9,0.0,0.1,1.8,1.9000000000000001
10 - 19,4.9,35.1,3.2,38.300000000000004
20 - 29,16.1,56.4,1.4,57.8
30 - 39,21.4,60.2,1.5,61.7
40 - 49,29.8,66.1,1.0,67.1
50 - 59,36.7,70.6,1.0,71.6
60 - 69,49.9,78.0,1.1,79.1
70 - 79,63.6,84.4,1.1,85.5
80+,62.6,85.1,1.7,86.8
