altersklasse_covid19,COVID19FirstBoosterPersons,COVID19FullyVaccPersons,COVID19PartiallyVaccPersons,fully+partiallyVacc
0 - 4,0.0,0.1,0.0,0.1
0 - 9,0.0,4.7,1.4,6.1
10 - 19,19.6,54.2,1.4,55.6
20 - 29,36.0,70.9,0.7,71.60000000000001
30 - 39,43.6,73.0,0.4,73.4
40 - 49,54.7,78.1,0.5,78.6
50 - 59,59.5,80.2,0.4,80.60000000000001
60 - 69,67.0,83.1,0.4,83.5
70 - 79,79.0,88.9,0.8,89.7
80+,79.2,91.8,1.2,93.0
