altersklasse_covid19,COVID19FirstBoosterPersons,COVID19FullyVaccPersons,COVID19PartiallyVaccPersons,fully+partiallyVacc
0 - 9,0.0,0.1,1.8,1.9000000000000001
10 - 19,5.5,35.2,3.1,38.300000000000004
20 - 29,17.5,56.6,1.4,58.0
30 - 39,22.8,60.4,1.4,61.8
40 - 49,31.7,66.2,1.0,67.2
50 - 59,38.6,70.7,1.0,71.7
60 - 69,51.5,78.0,1.1,79.1
70 - 79,64.6,84.4,1.1,85.5
80+,63.4,85.1,1.7,86.8
