altersklasse_covid19,COVID19FirstBoosterPersons,COVID19FullyVaccPersons,COVID19PartiallyVaccPersons,fully+partiallyVacc
0 - 9,0.0,0.0,1.3,1.3
10 - 19,4.5,37.0,5.5,42.5
20 - 29,11.5,61.5,7.0,68.5
30 - 39,14.0,67.6,5.9,73.5
40 - 49,20.4,73.0,5.8,78.8
50 - 59,27.5,76.9,5.2,82.10000000000001
60 - 69,40.2,87.9,3.4,91.30000000000001
70 - 79,54.5,100.1,1.9,102.0
80+,51.3,95.1,2.2,97.3
