altersklasse_covid19,COVID19FirstBoosterPersons,COVID19FullyVaccPersons,COVID19PartiallyVaccPersons,fully+partiallyVacc
0 - 9,0.1,0.0,0.0,0.0
10 - 19,1.4,42.6,2.7,45.300000000000004
20 - 29,7.2,66.1,2.5,68.6
30 - 39,9.1,68.7,2.2,70.9
40 - 49,13.9,74.3,1.6,75.89999999999999
5 - 11,0.0,0.0,0.0,0.0
50 - 59,20.2,79.3,1.3,80.6
60 - 69,38.3,86.8,1.2,88.0
70 - 79,63.9,92.9,0.7,93.60000000000001
80+,67.8,95.8,1.9,97.7
