altersklasse_covid19,COVID19FirstBoosterPersons,COVID19FullyVaccPersons,COVID19PartiallyVaccPersons,fully+partiallyVacc
0 - 9,0.1,0.1,0.7,0.7999999999999999
10 - 19,5.5,44.0,3.0,47.0
20 - 29,17.5,67.5,2.3,69.8
30 - 39,21.9,69.9,1.9,71.80000000000001
40 - 49,29.6,75.1,1.4,76.5
50 - 59,38.1,80.1,0.9,81.0
60 - 69,55.2,87.2,1.1,88.3
70 - 79,72.5,93.2,0.6,93.8
80+,74.2,96.1,1.8,97.89999999999999
