altersklasse_covid19,COVID19FirstBoosterPersons,COVID19FullyVaccPersons,COVID19PartiallyVaccPersons,fully+partiallyVacc
0 - 9,0.0,0.1,0.1,0.2
10 - 19,0.6,39.9,2.9,42.8
20 - 29,2.8,61.6,2.4,64.0
30 - 39,5.3,66.9,2.6,69.5
40 - 49,9.2,71.3,1.6,72.89999999999999
50 - 59,16.6,74.6,1.3,75.89999999999999
60 - 69,38.0,82.5,1.3,83.8
70 - 79,59.6,89.8,0.5,90.3
80+,62.4,94.1,2.1,96.19999999999999
