altersklasse_covid19,COVID19FirstBoosterPersons,COVID19FullyVaccPersons,COVID19PartiallyVaccPersons,fully+partiallyVacc
0 - 9,0.1,0.3,2.8,3.0999999999999996
10 - 19,8.7,41.9,4.8,46.699999999999996
20 - 29,26.1,67.9,2.2,70.10000000000001
30 - 39,33.4,72.3,1.8,74.1
40 - 49,40.5,76.2,1.6,77.8
50 - 59,47.6,79.0,1.6,80.6
60 - 69,62.9,86.2,1.3,87.5
70 - 79,73.0,90.6,0.9,91.5
80+,71.0,94.6,1.1,95.69999999999999
