altersklasse_covid19,COVID19FirstBoosterPersons,COVID19FullyVaccPersons,COVID19PartiallyVaccPersons,fully+partiallyVacc
0 - 9,0.1,0.1,1.3,1.4000000000000001
10 - 19,8.5,40.6,2.3,42.9
20 - 29,23.1,68.0,1.5,69.5
30 - 39,25.0,65.1,1.2,66.3
40 - 49,30.6,68.9,0.9,69.80000000000001
50 - 59,41.3,74.1,0.9,75.0
60 - 69,56.5,81.2,0.7,81.9
70 - 79,70.8,89.4,0.5,89.9
80+,74.3,93.7,0.5,94.2
