altersklasse_covid19,COVID19FirstBoosterPersons,COVID19FullyVaccPersons,COVID19PartiallyVaccPersons,fully+partiallyVacc
0 - 9,0.0,0.0,1.2,1.2
10 - 19,4.8,34.9,2.9,37.8
20 - 29,15.6,56.2,1.6,57.800000000000004
30 - 39,20.6,60.1,1.6,61.7
40 - 49,28.8,66.1,1.0,67.1
50 - 59,35.5,70.6,1.0,71.6
60 - 69,48.7,77.9,1.1,79.0
70 - 79,62.8,84.3,1.1,85.39999999999999
80+,61.7,85.0,1.8,86.8
