altersklasse_covid19,COVID19FirstBoosterPersons,COVID19FullyVaccPersons,COVID19PartiallyVaccPersons,fully+partiallyVacc
0 - 9,0.0,0.2,1.5,1.7
10 - 19,5.6,37.1,5.9,43.0
20 - 29,12.8,61.7,7.0,68.7
30 - 39,14.8,67.8,5.9,73.7
40 - 49,20.9,73.1,5.8,78.89999999999999
50 - 59,28.2,77.0,5.2,82.2
60 - 69,40.9,87.9,3.4,91.30000000000001
70 - 79,55.1,100.2,1.9,102.10000000000001
80+,51.5,95.2,2.1,97.3
