altersklasse_covid19,COVID19FirstBoosterPersons,COVID19FullyVaccPersons,COVID19PartiallyVaccPersons,fully+partiallyVacc
0 - 9,0.0,1.6,0.8,2.4000000000000004
10 - 19,10.9,40.8,2.0,42.8
20 - 29,24.0,60.2,1.6,61.800000000000004
30 - 39,30.0,62.4,1.3,63.699999999999996
40 - 49,39.3,69.1,1.3,70.39999999999999
50 - 59,48.9,74.1,1.7,75.8
60 - 69,64.6,83.0,2.0,85.0
70 - 79,75.8,89.8,1.4,91.2
80+,74.2,89.6,2.8,92.39999999999999
