altersklasse_covid19,COVID19FirstBoosterPersons,COVID19FullyVaccPersons,COVID19PartiallyVaccPersons,fully+partiallyVacc
0 - 9,0.0,2.0,0.4,2.4
10 - 19,11.1,38.6,1.1,39.7
20 - 29,23.4,58.9,0.8,59.699999999999996
30 - 39,29.1,60.1,0.7,60.800000000000004
40 - 49,40.0,68.6,0.6,69.19999999999999
50 - 59,46.8,71.4,0.4,71.80000000000001
60 - 69,61.7,81.8,0.5,82.3
70 - 79,68.6,88.1,1.0,89.1
80+,61.4,94.0,2.8,96.8
