altersklasse_covid19,COVID19FirstBoosterPersons,COVID19FullyVaccPersons,COVID19PartiallyVaccPersons,fully+partiallyVacc
0 - 9,0.0,0.0,0.8,0.8
10 - 19,2.7,46.8,4.1,50.9
20 - 29,10.0,67.5,2.7,70.2
30 - 39,14.7,70.1,2.5,72.6
40 - 49,21.3,76.6,1.8,78.39999999999999
50 - 59,37.9,80.9,1.4,82.30000000000001
60 - 69,56.3,87.1,1.1,88.19999999999999
70 - 79,68.9,90.6,0.9,91.5
80+,70.2,94.1,1.8,95.89999999999999
