altersklasse_covid19,COVID19FirstBoosterPersons,COVID19FullyVaccPersons,COVID19PartiallyVaccPersons,fully+partiallyVacc
0 - 9,0.0,1.8,0.4,2.2
10 - 19,10.6,38.3,1.2,39.5
20 - 29,22.6,58.9,0.8,59.699999999999996
30 - 39,28.5,60.1,0.7,60.800000000000004
40 - 49,39.0,68.6,0.6,69.19999999999999
50 - 59,45.6,71.3,0.4,71.7
60 - 69,60.8,81.7,0.5,82.2
70 - 79,68.1,88.1,1.0,89.1
80+,60.7,94.0,2.9,96.9
