altersklasse_covid19,COVID19FirstBoosterPersons,COVID19FullyVaccPersons,COVID19PartiallyVaccPersons,fully+partiallyVacc
0 - 9,0.1,1.4,2.8,4.199999999999999
10 - 19,12.6,47.1,3.1,50.2
20 - 29,27.8,69.2,1.3,70.5
30 - 39,32.7,71.3,1.1,72.39999999999999
40 - 49,41.4,75.9,0.9,76.80000000000001
50 - 59,51.2,80.7,0.5,81.2
60 - 69,66.5,87.8,0.8,88.6
70 - 79,78.2,93.5,0.4,93.9
80+,78.8,96.6,1.5,98.1
