altersklasse_covid19,COVID19FirstBoosterPersons,COVID19FullyVaccPersons,COVID19PartiallyVaccPersons,fully+partiallyVacc
0 - 9,0.0,0.1,0.0,0.1
10 - 19,0.2,28.6,2.3,30.900000000000002
20 - 29,1.2,50.2,0.8,51.0
30 - 39,1.6,51.9,2.0,53.9
40 - 49,3.4,60.2,1.1,61.300000000000004
50 - 59,6.7,66.6,0.6,67.19999999999999
60 - 69,23.8,76.3,0.6,76.89999999999999
70 - 79,46.8,85.5,0.1,85.6
80+,46.3,82.0,1.1,83.1
