altersklasse_covid19,COVID19FirstBoosterPersons,COVID19FullyVaccPersons,COVID19PartiallyVaccPersons,fully+partiallyVacc
0 - 9,0.0,0.2,0.0,0.2
10 - 19,2.4,40.8,3.0,43.8
20 - 29,9.1,62.5,2.7,65.2
30 - 39,12.1,67.9,2.6,70.5
40 - 49,17.8,71.8,1.6,73.39999999999999
50 - 59,27.3,75.4,1.3,76.7
60 - 69,47.6,83.1,1.3,84.39999999999999
70 - 79,65.5,90.1,0.6,90.69999999999999
80+,66.5,94.8,1.8,96.6
