altersklasse_covid19,COVID19FirstBoosterPersons,COVID19FullyVaccPersons,COVID19PartiallyVaccPersons,fully+partiallyVacc
0 - 9,0.1,0.1,2.3,2.4
10 - 19,6.6,44.4,3.8,48.199999999999996
20 - 29,19.8,67.8,2.1,69.89999999999999
30 - 39,24.5,70.2,1.7,71.9
40 - 49,32.8,75.3,1.3,76.6
50 - 59,41.4,80.2,0.8,81.0
60 - 69,58.0,87.4,1.0,88.4
70 - 79,73.7,93.2,0.6,93.8
80+,75.0,96.2,1.8,98.0
