altersklasse_covid19,COVID19FirstBoosterPersons,COVID19FullyVaccPersons,COVID19PartiallyVaccPersons,fully+partiallyVacc
0 - 9,0.0,4.7,1.4,6.1
10 - 19,19.5,54.2,1.4,55.6
20 - 29,35.7,70.8,0.7,71.5
30 - 39,43.3,73.0,0.4,73.4
40 - 49,54.3,78.1,0.5,78.6
50 - 59,59.3,80.2,0.4,80.60000000000001
60 - 69,66.8,83.0,0.4,83.4
70 - 79,78.8,88.9,0.7,89.60000000000001
80+,78.8,91.8,1.2,93.0
