altersklasse_covid19,COVID19FirstBoosterPersons,COVID19FullyVaccPersons,COVID19PartiallyVaccPersons,fully+partiallyVacc
0 - 9,0.0,0.2,5.6,5.8
10 - 19,10.5,49.3,5.9,55.199999999999996
20 - 29,37.0,74.8,1.8,76.6
30 - 39,44.4,79.0,1.4,80.4
40 - 49,49.0,81.2,1.2,82.4
50 - 59,58.1,81.2,0.9,82.10000000000001
60 - 69,68.3,85.6,0.7,86.3
70 - 79,76.6,89.1,1.0,90.1
80+,77.6,92.7,1.7,94.4
