altersklasse_covid19,COVID19FirstBoosterPersons,COVID19FullyVaccPersons,COVID19PartiallyVaccPersons,fully+partiallyVacc
0 - 9,0.1,0.0,0.0,0.0
10 - 19,5.5,39.6,2.0,41.6
20 - 29,16.2,66.9,2.0,68.9
30 - 39,17.1,64.1,1.8,65.89999999999999
40 - 49,22.1,68.4,1.2,69.60000000000001
50 - 59,33.6,73.8,1.1,74.89999999999999
60 - 69,49.5,80.8,1.0,81.8
70 - 79,65.8,88.9,0.7,89.60000000000001
80+,70.1,93.5,0.6,94.1
