altersklasse_covid19,COVID19FirstBoosterPersons,COVID19FullyVaccPersons,COVID19PartiallyVaccPersons,fully+partiallyVacc
0 - 9,0.0,2.7,0.9,3.6
10 - 19,13.3,48.6,1.8,50.4
20 - 29,30.8,71.3,1.2,72.5
30 - 39,36.7,73.2,1.0,74.2
40 - 49,44.4,77.2,0.9,78.10000000000001
50 - 59,53.5,80.5,0.8,81.3
60 - 69,67.3,86.1,0.7,86.8
70 - 79,78.4,90.8,0.6,91.39999999999999
80+,80.2,94.4,1.3,95.7
