altersklasse_covid19,COVID19FirstBoosterPersons,COVID19FullyVaccPersons,COVID19PartiallyVaccPersons,fully+partiallyVacc
0 - 9,0.1,0.9,0.8,1.7000000000000002
10 - 19,11.6,42.1,1.5,43.6
20 - 29,29.4,69.0,0.9,69.9
30 - 39,30.4,65.8,0.7,66.5
40 - 49,37.5,69.1,0.8,69.89999999999999
50 - 59,50.0,74.4,0.7,75.10000000000001
60 - 69,67.3,81.7,0.3,82.0
70 - 79,84.1,89.8,0.1,89.89999999999999
80+,87.0,93.9,0.4,94.30000000000001
