altersklasse_covid19,COVID19FirstBoosterPersons,COVID19FullyVaccPersons,COVID19PartiallyVaccPersons,fully+partiallyVacc
0 - 9,0.0,2.4,1.1,3.5
10 - 19,12.6,48.2,2.1,50.300000000000004
20 - 29,29.5,71.3,1.1,72.39999999999999
30 - 39,35.2,73.2,1.0,74.2
40 - 49,42.8,77.2,0.9,78.10000000000001
50 - 59,52.0,80.5,0.8,81.3
60 - 69,65.9,86.1,0.7,86.8
70 - 79,77.5,90.9,0.7,91.60000000000001
80+,78.4,94.4,1.3,95.7
