altersklasse_covid19,COVID19FirstBoosterPersons,COVID19FullyVaccPersons,COVID19PartiallyVaccPersons,fully+partiallyVacc
0 - 9,0.0,0.3,1.2,1.5
10 - 19,7.8,36.6,2.5,39.1
20 - 29,21.8,61.2,1.0,62.2
30 - 39,26.4,64.8,0.8,65.6
40 - 49,33.6,70.1,0.6,70.69999999999999
50 - 59,43.8,76.3,0.2,76.5
60 - 69,59.9,84.6,0.1,84.69999999999999
70 - 79,73.8,89.8,0.1,89.89999999999999
80+,74.1,92.1,0.5,92.6
