altersklasse_covid19,COVID19FirstBoosterPersons,COVID19FullyVaccPersons,COVID19PartiallyVaccPersons,fully+partiallyVacc
0 - 9,0.1,0.3,1.3,1.6
10 - 19,10.9,41.6,1.9,43.5
20 - 29,28.5,68.9,1.0,69.9
30 - 39,29.2,65.8,0.7,66.5
40 - 49,35.9,69.0,0.8,69.8
50 - 59,46.4,74.4,0.7,75.10000000000001
60 - 69,61.7,81.7,0.3,82.0
70 - 79,78.1,89.7,0.3,90.0
80+,81.4,93.9,0.4,94.30000000000001
