altersklasse_covid19,COVID19FirstBoosterPersons,COVID19FullyVaccPersons,COVID19PartiallyVaccPersons,fully+partiallyVacc
0 - 9,0.1,0.1,1.3,1.4000000000000001
10 - 19,9.1,40.8,2.2,43.0
20 - 29,24.2,68.1,1.4,69.5
30 - 39,26.0,65.3,1.1,66.39999999999999
40 - 49,31.7,68.9,0.8,69.7
50 - 59,42.2,74.2,0.9,75.10000000000001
60 - 69,57.2,81.3,0.6,81.89999999999999
70 - 79,71.2,89.4,0.5,89.9
80+,74.9,93.8,0.4,94.2
