altersklasse_covid19,COVID19FirstBoosterPersons,COVID19FullyVaccPersons,COVID19PartiallyVaccPersons,fully+partiallyVacc
0 - 9,0.0,1.1,0.5,1.6
10 - 19,8.5,37.9,1.4,39.3
20 - 29,22.9,61.6,0.7,62.300000000000004
30 - 39,27.2,65.0,0.6,65.6
40 - 49,34.5,70.3,0.4,70.7
50 - 59,44.9,76.4,0.1,76.5
60 - 69,60.8,84.8,-0.0,84.8
70 - 79,74.4,89.9,0.0,89.9
80+,74.5,92.2,0.4,92.60000000000001
