altersklasse_covid19,COVID19FirstBoosterPersons,COVID19FullyVaccPersons,COVID19PartiallyVaccPersons,fully+partiallyVacc
0 - 9,0.0,0.0,0.4,0.4
10 - 19,3.5,34.4,2.5,36.9
20 - 29,12.6,55.8,1.7,57.5
30 - 39,17.0,59.8,1.8,61.599999999999994
40 - 49,24.6,65.9,1.1,67.0
50 - 59,31.2,70.4,1.1,71.5
60 - 69,45.0,77.7,1.2,78.9
70 - 79,60.3,84.1,1.3,85.39999999999999
80+,59.4,84.7,1.9,86.60000000000001
