altersklasse_covid19,COVID19FirstBoosterPersons,COVID19FullyVaccPersons,COVID19PartiallyVaccPersons,fully+partiallyVacc
0 - 9,0.0,0.0,0.0,0.0
10 - 19,2.5,46.8,3.5,50.3
20 - 29,9.3,67.5,2.7,70.2
30 - 39,13.8,70.0,2.5,72.5
40 - 49,20.3,76.6,1.8,78.39999999999999
50 - 59,37.2,80.9,1.4,82.30000000000001
60 - 69,55.8,87.1,1.1,88.19999999999999
70 - 79,68.4,90.5,0.9,91.4
80+,69.7,94.1,1.8,95.89999999999999
