altersklasse_covid19,COVID19FirstBoosterPersons,COVID19FullyVaccPersons,COVID19PartiallyVaccPersons,fully+partiallyVacc
0 - 9,0.0,0.0,0.6,0.6
10 - 19,4.5,44.1,3.1,47.2
20 - 29,15.7,69.4,2.2,71.60000000000001
30 - 39,20.4,71.6,1.9,73.5
40 - 49,26.9,76.2,1.5,77.7
50 - 59,36.6,79.7,1.4,81.10000000000001
60 - 69,52.7,85.4,1.3,86.7
70 - 79,69.5,90.4,1.1,91.5
80+,71.4,93.7,1.8,95.5
