altersklasse_covid19,COVID19FirstBoosterPersons,COVID19FullyVaccPersons,COVID19PartiallyVaccPersons,fully+partiallyVacc
0 - 9,0.0,0.0,0.0,0.0
10 - 19,0.5,46.8,2.4,49.199999999999996
20 - 29,2.7,66.8,1.7,68.5
30 - 39,3.6,70.6,1.5,72.1
40 - 49,9.5,76.6,1.1,77.69999999999999
50 - 59,17.7,79.3,0.9,80.2
60 - 69,32.7,84.3,1.0,85.3
70 - 79,58.6,88.3,1.0,89.3
80+,65.9,94.4,1.8,96.2
