altersklasse_covid19,COVID19FirstBoosterPersons,COVID19FullyVaccPersons,COVID19PartiallyVaccPersons,fully+partiallyVacc
0 - 9,0.0,1.3,0.1,1.4000000000000001
10 - 19,8.9,32.4,1.4,33.8
20 - 29,21.5,54.2,0.1,54.300000000000004
30 - 39,24.6,56.0,0.9,56.9
40 - 49,34.2,62.7,0.6,63.300000000000004
50 - 59,42.7,68.7,0.1,68.8
60 - 69,57.9,77.7,-0.4,77.3
70 - 79,68.1,87.3,-0.1,87.2
80+,61.1,84.1,0.4,84.5
