altersklasse_covid19,COVID19FirstBoosterPersons,COVID19FullyVaccPersons,COVID19PartiallyVaccPersons,fully+partiallyVacc
0 - 9,0.1,0.1,3.6,3.7
10 - 19,8.6,45.0,4.6,49.6
20 - 29,23.9,68.3,2.0,70.3
30 - 39,29.1,70.6,1.6,72.19999999999999
40 - 49,37.8,75.5,1.2,76.7
50 - 59,46.9,80.4,0.8,81.2
60 - 69,62.8,87.5,1.0,88.5
70 - 79,76.1,93.4,0.6,94.0
80+,76.9,96.4,1.7,98.10000000000001
