altersklasse_covid19,COVID19FirstBoosterPersons,COVID19FullyVaccPersons,COVID19PartiallyVaccPersons,fully+partiallyVacc
0 - 9,0.0,1.8,1.6,3.4000000000000004
10 - 19,12.2,47.6,2.6,50.2
20 - 29,29.0,71.1,1.3,72.39999999999999
30 - 39,34.7,73.0,1.2,74.2
40 - 49,42.4,77.1,1.0,78.1
50 - 59,51.5,80.3,0.9,81.2
60 - 69,65.5,86.0,0.9,86.9
70 - 79,77.2,90.7,0.8,91.5
80+,78.1,94.1,1.4,95.5
