altersklasse_covid19,COVID19FirstBoosterPersons,COVID19FullyVaccPersons,COVID19PartiallyVaccPersons,fully+partiallyVacc
0 - 9,0.0,1.1,4.3,5.4
10 - 19,15.5,51.3,3.5,54.8
20 - 29,30.8,69.6,0.8,70.39999999999999
30 - 39,38.9,73.0,0.6,73.6
40 - 49,50.2,77.9,0.6,78.5
50 - 59,55.8,80.4,0.4,80.80000000000001
60 - 69,65.6,85.2,0.5,85.7
70 - 79,76.7,88.9,0.8,89.7
80+,78.4,95.5,1.3,96.8
