altersklasse_covid19,COVID19FirstBoosterPersons,COVID19FullyVaccPersons,COVID19PartiallyVaccPersons,fully+partiallyVacc
0 - 9,0.0,0.0,0.0,0.0
10 - 19,0.9,33.7,2.5,36.2
20 - 29,5.6,58.4,2.1,60.5
30 - 39,8.6,62.4,2.0,64.4
40 - 49,13.1,68.6,1.3,69.89999999999999
5 - 11,0.0,0.0,0.0,0.0
50 - 59,24.0,75.0,0.9,75.9
60 - 69,44.6,83.6,0.6,84.19999999999999
70 - 79,64.9,89.1,0.5,89.6
80+,67.9,91.1,1.1,92.19999999999999
