altersklasse_covid19,COVID19FirstBoosterPersons,COVID19FullyVaccPersons,COVID19PartiallyVaccPersons,fully+partiallyVacc
0 - 9,0.0,1.4,0.0,1.4
10 - 19,10.2,33.0,1.4,34.4
20 - 29,22.2,54.4,0.1,54.5
30 - 39,25.6,56.1,0.9,57.0
40 - 49,35.2,62.8,0.5,63.3
50 - 59,43.6,68.8,0.1,68.89999999999999
60 - 69,58.7,77.8,-0.4,77.39999999999999
70 - 79,68.4,87.3,-0.1,87.2
80+,62.0,84.1,0.4,84.5
