altersklasse_covid19,COVID19FirstBoosterPersons,COVID19FullyVaccPersons,COVID19PartiallyVaccPersons,fully+partiallyVacc
0 - 9,0.0,0.1,2.3,2.4
10 - 19,6.6,35.5,3.4,38.9
20 - 29,19.2,56.9,1.2,58.1
30 - 39,25.3,60.7,1.2,61.900000000000006
40 - 49,34.7,66.4,0.9,67.30000000000001
50 - 59,41.6,70.9,0.9,71.80000000000001
60 - 69,54.6,78.2,1.0,79.2
70 - 79,66.8,84.6,1.0,85.6
80+,65.2,85.2,1.6,86.8
