altersklasse_covid19,COVID19FirstBoosterPersons,COVID19FullyVaccPersons,COVID19PartiallyVaccPersons,fully+partiallyVacc
0 - 9,0.0,0.2,1.0,1.2
10 - 19,8.0,31.0,2.5,33.5
20 - 29,19.2,53.6,0.7,54.300000000000004
30 - 39,22.7,55.7,1.0,56.7
40 - 49,31.3,62.4,0.7,63.1
50 - 59,40.3,68.3,0.4,68.7
60 - 69,55.0,77.6,-0.2,77.39999999999999
70 - 79,66.2,86.8,0.3,87.1
80+,59.3,83.9,0.5,84.4
