altersklasse_covid19,COVID19FirstBoosterPersons,COVID19FullyVaccPersons,COVID19PartiallyVaccPersons,fully+partiallyVacc
0 - 9,0.1,0.0,0.1,0.1
10 - 19,3.4,43.3,2.8,46.099999999999994
20 - 29,12.0,66.8,2.5,69.3
30 - 39,15.3,69.3,2.1,71.39999999999999
40 - 49,21.6,74.6,1.6,76.19999999999999
50 - 59,29.7,79.7,1.1,80.8
60 - 69,47.8,87.1,1.2,88.3
70 - 79,69.1,93.1,0.7,93.8
80+,71.7,95.9,1.9,97.80000000000001
