altersklasse_covid19,COVID19FirstBoosterPersons,COVID19FullyVaccPersons,COVID19PartiallyVaccPersons,fully+partiallyVacc
0 - 9,0.0,0.1,4.4,4.5
10 - 19,7.9,48.8,5.3,54.099999999999994
20 - 29,21.4,68.8,2.3,71.1
30 - 39,26.3,71.2,2.0,73.2
40 - 49,35.8,77.2,1.5,78.7
50 - 59,47.5,81.5,1.1,82.6
60 - 69,64.1,87.5,0.9,88.4
70 - 79,74.7,90.9,0.7,91.60000000000001
80+,75.2,94.5,1.7,96.2
