altersklasse_covid19,COVID19FirstBoosterPersons,COVID19FullyVaccPersons,COVID19PartiallyVaccPersons,fully+partiallyVacc
0 - 9,0.0,1.2,1.2,2.4
10 - 19,10.4,40.3,2.4,42.699999999999996
20 - 29,23.4,60.0,1.7,61.7
30 - 39,29.4,62.2,1.5,63.7
40 - 49,38.8,69.0,1.4,70.4
50 - 59,48.3,74.0,1.8,75.8
60 - 69,63.9,83.0,2.0,85.0
70 - 79,75.4,89.7,1.4,91.10000000000001
80+,73.6,89.6,2.9,92.5
