altersklasse_covid19,COVID19FirstBoosterPersons,COVID19FullyVaccPersons,COVID19PartiallyVaccPersons,fully+partiallyVacc
0 - 9,0.0,0.0,0.0,0.0
10 - 19,2.7,48.3,2.1,50.4
20 - 29,9.5,67.8,1.8,69.6
30 - 39,12.4,71.6,1.3,72.89999999999999
40 - 49,24.2,77.2,1.0,78.2
5 - 11,0.0,0.0,0.0,0.0
50 - 59,37.1,79.7,0.8,80.5
60 - 69,51.7,84.7,0.8,85.5
70 - 79,69.9,88.4,1.0,89.4
80+,73.3,94.8,1.6,96.39999999999999
