altersklasse_covid19,COVID19FirstBoosterPersons,COVID19FullyVaccPersons,COVID19PartiallyVaccPersons,fully+partiallyVacc
0 - 9,0.0,0.0,0.9,0.9
10 - 19,4.8,35.5,2.6,38.1
20 - 29,17.2,60.2,1.5,61.7
30 - 39,21.7,64.1,1.2,65.3
40 - 49,28.8,69.7,0.8,70.5
50 - 59,39.2,75.9,0.4,76.30000000000001
60 - 69,55.9,84.3,0.3,84.6
70 - 79,71.2,89.6,0.3,89.89999999999999
80+,72.2,91.8,0.7,92.5
