altersklasse_covid19,COVID19FirstBoosterPersons,COVID19FullyVaccPersons,COVID19PartiallyVaccPersons,fully+partiallyVacc
0 - 9,0.0,0.2,1.9,2.1
10 - 19,8.1,42.6,3.2,45.800000000000004
20 - 29,22.3,63.7,2.3,66.0
30 - 39,29.3,69.3,1.9,71.2
40 - 49,37.7,72.7,1.2,73.9
50 - 59,45.6,75.9,1.0,76.9
60 - 69,62.6,83.6,0.9,84.5
70 - 79,73.7,90.3,0.6,90.89999999999999
80+,72.4,95.2,1.6,96.8
