altersklasse_covid19,COVID19FirstBoosterPersons,COVID19FullyVaccPersons,COVID19PartiallyVaccPersons,fully+partiallyVacc
0 - 9,0.0,0.0,0.0,0.0
10 - 19,0.5,33.8,3.4,37.199999999999996
20 - 29,1.9,56.0,5.2,61.2
30 - 39,2.6,61.9,4.0,65.9
40 - 49,5.4,65.6,4.7,70.3
50 - 59,9.6,69.0,3.7,72.7
60 - 69,21.5,77.7,2.3,80.0
70 - 79,36.4,86.1,0.3,86.39999999999999
80+,36.3,80.6,0.4,81.0
