altersklasse_covid19,COVID19FirstBoosterPersons,COVID19FullyVaccPersons,COVID19PartiallyVaccPersons,fully+partiallyVacc
0 - 9,0.0,0.1,1.5,1.6
10 - 19,7.4,49.3,2.7,52.0
20 - 29,20.8,68.7,1.3,70.0
30 - 39,29.5,72.2,1.0,73.2
40 - 49,41.5,77.5,0.7,78.2
50 - 59,49.0,80.1,0.6,80.69999999999999
60 - 69,60.3,85.0,0.6,85.6
70 - 79,74.0,88.7,0.9,89.60000000000001
80+,76.2,95.1,1.5,96.6
