altersklasse_covid19,COVID19FirstBoosterPersons,COVID19FullyVaccPersons,COVID19PartiallyVaccPersons,fully+partiallyVacc
0 - 9,0.0,0.1,1.3,1.4000000000000001
10 - 19,6.7,36.1,2.7,38.800000000000004
20 - 29,20.0,60.8,1.3,62.099999999999994
30 - 39,24.9,64.5,1.0,65.5
40 - 49,32.3,70.0,0.7,70.7
50 - 59,42.6,76.2,0.3,76.5
60 - 69,58.7,84.5,0.1,84.6
70 - 79,73.0,89.7,0.2,89.9
80+,73.6,92.0,0.5,92.5
