altersklasse_covid19,COVID19FirstBoosterPersons,COVID19FullyVaccPersons,COVID19PartiallyVaccPersons,fully+partiallyVacc
0 - 9,0.0,0.0,0.0,0.0
10 - 19,1.3,33.4,2.3,35.699999999999996
20 - 29,5.7,54.7,1.9,56.6
30 - 39,9.0,58.8,2.0,60.8
40 - 49,14.8,65.4,1.3,66.7
5 - 11,0.0,0.0,0.0,0.0
50 - 59,20.4,69.9,1.2,71.10000000000001
60 - 69,34.1,77.2,1.4,78.60000000000001
70 - 79,53.0,83.8,1.4,85.2
80+,53.5,84.3,2.1,86.39999999999999
