altersklasse_covid19,COVID19FirstBoosterPersons,COVID19FullyVaccPersons,COVID19PartiallyVaccPersons,fully+partiallyVacc
0 - 9,0.1,0.2,3.9,4.1
10 - 19,10.4,45.4,4.4,49.8
20 - 29,25.8,68.6,1.7,70.3
30 - 39,31.0,70.8,1.5,72.3
40 - 49,39.8,75.6,1.1,76.69999999999999
50 - 59,49.2,80.5,0.7,81.2
60 - 69,64.7,87.6,0.9,88.5
70 - 79,77.0,93.4,0.5,93.9
80+,77.7,96.4,1.7,98.10000000000001
