altersklasse_covid19,COVID19FirstBoosterPersons,COVID19FullyVaccPersons,COVID19PartiallyVaccPersons,fully+partiallyVacc
0 - 9,0.0,0.3,4.9,5.2
10 - 19,14.1,50.4,4.1,54.5
20 - 29,29.3,69.4,1.0,70.4
30 - 39,37.6,72.9,0.7,73.60000000000001
40 - 49,49.1,77.8,0.6,78.39999999999999
50 - 59,54.9,80.4,0.4,80.80000000000001
60 - 69,64.7,85.2,0.5,85.7
70 - 79,76.1,88.8,0.8,89.6
80+,78.0,95.4,1.3,96.7
