altersklasse_covid19,COVID19FirstBoosterPersons,COVID19FullyVaccPersons,COVID19PartiallyVaccPersons,fully+partiallyVacc
0 - 9,0.0,1.8,0.8,2.6
10 - 19,11.7,44.4,2.3,46.699999999999996
20 - 29,27.6,64.6,1.6,66.19999999999999
30 - 39,33.2,69.9,1.6,71.5
40 - 49,41.4,73.0,0.9,73.9
50 - 59,49.8,76.2,0.9,77.10000000000001
60 - 69,66.2,83.7,0.9,84.60000000000001
70 - 79,76.1,90.6,0.4,91.0
80+,75.5,95.5,1.4,96.9
