altersklasse_covid19,COVID19FirstBoosterPersons,COVID19FullyVaccPersons,COVID19PartiallyVaccPersons,fully+partiallyVacc
0 - 9,0.0,0.0,0.0,0.0
10 - 19,1.6,36.5,2.2,38.7
20 - 29,6.6,57.3,2.5,59.8
30 - 39,10.4,60.0,2.3,62.3
40 - 49,16.6,67.6,2.1,69.69999999999999
5 - 11,0.0,0.0,0.0,0.0
50 - 59,25.1,73.0,2.3,75.3
60 - 69,44.5,82.1,2.4,84.5
70 - 79,64.5,89.1,1.8,90.89999999999999
80+,64.2,88.8,3.4,92.2
