altersklasse_covid19,COVID19FirstBoosterPersons,COVID19FullyVaccPersons,COVID19PartiallyVaccPersons,fully+partiallyVacc
0 - 9,0.0,0.3,4.9,5.2
10 - 19,14.3,50.5,4.0,54.5
20 - 29,29.6,69.5,0.9,70.4
30 - 39,37.8,72.9,0.7,73.60000000000001
40 - 49,49.3,77.8,0.6,78.39999999999999
50 - 59,55.0,80.4,0.5,80.9
60 - 69,64.8,85.2,0.5,85.7
70 - 79,76.2,88.8,0.8,89.6
80+,78.1,95.4,1.3,96.7
