altersklasse_covid19,COVID19FirstBoosterPersons,COVID19FullyVaccPersons,COVID19PartiallyVaccPersons,fully+partiallyVacc
0 - 9,0.0,1.4,0.3,1.7
10 - 19,9.3,38.5,1.2,39.7
20 - 29,24.2,61.8,0.7,62.5
30 - 39,28.6,65.2,0.6,65.8
40 - 49,35.9,70.4,0.4,70.80000000000001
50 - 59,46.3,76.5,0.1,76.6
60 - 69,62.0,84.8,-0.1,84.7
70 - 79,75.1,89.9,0.0,89.9
80+,75.0,92.2,0.4,92.60000000000001
