altersklasse_covid19,COVID19FirstBoosterPersons,COVID19FullyVaccPersons,COVID19PartiallyVaccPersons,fully+partiallyVacc
0 - 9,0.0,0.2,2.1,2.3000000000000003
10 - 19,9.6,38.9,3.5,42.4
20 - 29,22.3,59.5,2.1,61.6
30 - 39,28.3,61.8,1.7,63.5
40 - 49,37.7,68.8,1.5,70.3
50 - 59,47.0,73.9,1.9,75.80000000000001
60 - 69,62.7,82.9,2.1,85.0
70 - 79,74.3,89.6,1.5,91.1
80+,72.7,89.6,3.0,92.6
