altersklasse_covid19,COVID19FirstBoosterPersons,COVID19FullyVaccPersons,COVID19PartiallyVaccPersons,fully+partiallyVacc
0 - 9,0.0,0.1,0.1,0.2
10 - 19,0.5,39.7,2.9,42.6
20 - 29,2.4,61.5,2.4,63.9
30 - 39,4.4,66.6,2.8,69.39999999999999
40 - 49,7.8,71.1,1.8,72.89999999999999
50 - 59,13.5,74.5,1.3,75.8
60 - 69,34.0,82.5,1.3,83.8
70 - 79,57.5,89.8,0.5,90.3
80+,61.6,94.1,2.1,96.19999999999999
