altersklasse_covid19,COVID19FirstBoosterPersons,COVID19FullyVaccPersons,COVID19PartiallyVaccPersons,fully+partiallyVacc
0 - 9,0.0,1.3,0.1,1.4000000000000001
10 - 19,8.9,32.4,1.4,33.8
20 - 29,21.1,54.2,0.1,54.300000000000004
30 - 39,24.3,56.0,0.8,56.8
40 - 49,33.8,62.6,0.5,63.1
50 - 59,42.2,68.7,0.1,68.8
60 - 69,57.6,77.7,-0.4,77.3
70 - 79,67.6,87.3,-0.1,87.2
80+,60.8,84.1,0.4,84.5
