altersklasse_covid19,COVID19FirstBoosterPersons,COVID19FullyVaccPersons,COVID19PartiallyVaccPersons,fully+partiallyVacc
0 - 9,0.0,1.0,0.6,1.6
10 - 19,8.4,37.6,1.6,39.2
20 - 29,22.7,61.6,0.7,62.300000000000004
30 - 39,27.1,65.0,0.7,65.7
40 - 49,34.3,70.3,0.4,70.7
50 - 59,44.7,76.4,0.1,76.5
60 - 69,60.6,84.7,-0.0,84.7
70 - 79,74.2,89.9,0.0,89.9
80+,74.4,92.2,0.4,92.60000000000001
