altersklasse_covid19,COVID19FirstBoosterPersons,COVID19FullyVaccPersons,COVID19PartiallyVaccPersons,fully+partiallyVacc
0 - 9,0.0,0.1,5.5,5.6
10 - 19,10.0,49.4,5.7,55.1
20 - 29,25.4,69.2,2.1,71.3
30 - 39,30.6,71.5,1.9,73.4
40 - 49,40.4,77.4,1.4,78.80000000000001
50 - 59,51.2,81.6,1.0,82.6
60 - 69,67.0,87.7,0.9,88.60000000000001
70 - 79,76.7,91.0,0.7,91.7
80+,76.9,94.7,1.6,96.3
