altersklasse_covid19,COVID19FirstBoosterPersons,COVID19FullyVaccPersons,COVID19PartiallyVaccPersons,fully+partiallyVacc
0 - 9,0.1,3.2,1.2,4.4
10 - 19,14.8,48.9,1.8,50.699999999999996
20 - 29,30.6,69.7,1.0,70.7
30 - 39,35.4,71.7,0.9,72.60000000000001
40 - 49,44.0,76.2,0.8,77.0
50 - 59,54.0,80.9,0.4,81.30000000000001
60 - 69,69.0,88.0,0.7,88.7
70 - 79,79.8,93.6,0.4,94.0
80+,81.1,96.9,1.4,98.30000000000001
