altersklasse_covid19,COVID19FirstBoosterPersons,COVID19FullyVaccPersons,COVID19PartiallyVaccPersons,fully+partiallyVacc
0 - 9,0.0,0.4,2.0,2.4
10 - 19,7.1,36.0,3.0,39.0
20 - 29,19.6,57.0,1.1,58.1
30 - 39,25.8,60.8,1.2,62.0
40 - 49,35.0,66.4,0.9,67.30000000000001
50 - 59,42.0,70.9,0.8,71.7
60 - 69,55.2,78.2,1.0,79.2
70 - 79,67.1,84.6,1.0,85.6
80+,65.4,85.3,1.6,86.89999999999999
