altersklasse_covid19,COVID19FirstBoosterPersons,COVID19FullyVaccPersons,COVID19PartiallyVaccPersons,fully+partiallyVacc
0 - 9,0.0,1.8,0.8,2.6
10 - 19,11.6,44.2,2.4,46.6
20 - 29,27.2,64.7,1.5,66.2
30 - 39,32.9,69.9,1.5,71.4
40 - 49,41.2,73.0,0.9,73.9
50 - 59,49.6,76.2,0.9,77.10000000000001
60 - 69,66.2,83.7,0.9,84.60000000000001
70 - 79,76.0,90.6,0.4,91.0
80+,75.4,95.5,1.4,96.9
