altersklasse_covid19,COVID19FirstBoosterPersons,COVID19FullyVaccPersons,COVID19PartiallyVaccPersons,fully+partiallyVacc
0 - 9,0.0,0.2,1.0,1.2
10 - 19,6.9,42.2,2.8,45.0
20 - 29,20.1,63.4,2.4,65.8
30 - 39,26.2,69.0,1.9,70.9
40 - 49,34.9,72.6,1.2,73.8
50 - 59,43.1,75.8,1.1,76.89999999999999
60 - 69,60.1,83.6,0.9,84.5
70 - 79,72.0,90.3,0.6,90.89999999999999
80+,71.0,95.1,1.7,96.8
