altersklasse_covid19,COVID19FirstBoosterPersons,COVID19FullyVaccPersons,COVID19PartiallyVaccPersons,fully+partiallyVacc
0 - 9,0.0,0.0,1.1,1.1
10 - 19,5.1,35.7,2.7,38.400000000000006
20 - 29,17.8,60.4,1.4,61.8
30 - 39,22.5,64.2,1.1,65.3
40 - 49,29.8,69.8,0.8,70.6
50 - 59,40.2,76.0,0.4,76.4
60 - 69,56.8,84.4,0.2,84.60000000000001
70 - 79,71.9,89.6,0.2,89.8
80+,72.6,91.9,0.6,92.5
