altersklasse_covid19,COVID19FirstBoosterPersons,COVID19FullyVaccPersons,COVID19PartiallyVaccPersons,fully+partiallyVacc
0 - 9,0.0,0.0,0.4,0.4
10 - 19,3.3,34.4,2.5,36.9
20 - 29,12.1,55.7,1.7,57.400000000000006
30 - 39,16.4,59.7,1.8,61.5
40 - 49,23.8,65.8,1.1,66.89999999999999
50 - 59,30.2,70.4,1.1,71.5
60 - 69,43.9,77.7,1.3,79.0
70 - 79,59.5,84.1,1.3,85.39999999999999
80+,58.9,84.6,2.0,86.6
