altersklasse_covid19,COVID19FirstBoosterPersons,COVID19FullyVaccPersons,COVID19PartiallyVaccPersons,fully+partiallyVacc
0 - 9,0.0,0.1,0.9,1.0
10 - 19,6.1,30.4,3.0,33.4
20 - 29,16.5,53.1,0.9,54.0
30 - 39,19.7,55.2,1.2,56.400000000000006
40 - 49,28.5,62.1,0.7,62.800000000000004
50 - 59,38.1,68.1,0.3,68.39999999999999
60 - 69,52.4,77.6,-0.2,77.39999999999999
70 - 79,65.3,86.7,0.4,87.10000000000001
80+,58.3,83.7,0.7,84.4
