altersklasse_covid19,COVID19FirstBoosterPersons,COVID19FullyVaccPersons,COVID19PartiallyVaccPersons,fully+partiallyVacc
0 - 9,0.0,0.1,3.0,3.1
10 - 19,5.7,48.6,4.6,53.2
20 - 29,17.1,68.6,2.3,70.89999999999999
30 - 39,22.5,71.0,2.1,73.1
40 - 49,31.3,77.1,1.6,78.69999999999999
50 - 59,44.4,81.4,1.2,82.60000000000001
60 - 69,61.8,87.4,1.0,88.4
70 - 79,73.1,90.8,0.7,91.5
80+,73.8,94.4,1.7,96.10000000000001
