altersklasse_covid19,COVID19FirstBoosterPersons,COVID19FullyVaccPersons,COVID19PartiallyVaccPersons,fully+partiallyVacc
0 - 9,0.0,1.5,1.9,3.4
10 - 19,12.0,47.2,2.9,50.1
20 - 29,28.8,71.1,1.3,72.39999999999999
30 - 39,34.5,72.9,1.2,74.10000000000001
40 - 49,42.2,77.1,1.0,78.1
50 - 59,51.3,80.3,1.0,81.3
60 - 69,65.3,86.0,0.9,86.9
70 - 79,77.1,90.7,0.8,91.5
80+,77.9,94.0,1.5,95.5
