altersklasse_covid19,COVID19FirstBoosterPersons,COVID19FullyVaccPersons,COVID19PartiallyVaccPersons,fully+partiallyVacc
0 - 9,0.1,0.1,1.4,1.5
10 - 19,10.5,41.4,2.0,43.4
20 - 29,27.4,68.6,1.2,69.8
30 - 39,28.3,65.6,0.8,66.39999999999999
40 - 49,34.9,69.0,0.8,69.8
50 - 59,45.0,74.3,0.8,75.1
60 - 69,59.6,81.6,0.4,82.0
70 - 79,74.4,89.6,0.4,90.0
80+,76.6,93.9,0.4,94.30000000000001
