altersklasse_covid19,COVID19FirstBoosterPersons,COVID19FullyVaccPersons,COVID19PartiallyVaccPersons,fully+partiallyVacc
0 - 9,0.0,0.0,0.0,0.0
10 - 19,0.5,33.0,2.2,35.2
20 - 29,2.8,54.2,1.7,55.900000000000006
30 - 39,4.6,58.3,2.0,60.3
40 - 49,8.4,65.0,1.3,66.3
50 - 59,12.1,69.7,1.2,70.9
60 - 69,25.0,76.9,1.4,78.30000000000001
70 - 79,45.8,83.6,1.4,85.0
80+,47.2,84.1,2.0,86.1
