altersklasse_covid19,COVID19FirstBoosterPersons,COVID19FullyVaccPersons,COVID19PartiallyVaccPersons,fully+partiallyVacc
0 - 9,0.0,1.8,0.8,2.6
10 - 19,12.4,44.7,2.1,46.800000000000004
20 - 29,28.8,64.7,1.3,66.0
30 - 39,34.3,69.6,1.6,71.19999999999999
40 - 49,42.8,72.8,0.8,73.6
50 - 59,51.2,75.8,0.8,76.6
60 - 69,67.2,83.6,0.8,84.39999999999999
70 - 79,76.6,90.4,0.4,90.80000000000001
80+,75.7,95.4,1.3,96.7
