altersklasse_covid19,COVID19FirstBoosterPersons,COVID19FullyVaccPersons,COVID19PartiallyVaccPersons,fully+partiallyVacc
0 - 9,0.1,2.6,1.8,4.4
10 - 19,14.2,50.2,2.3,52.5
20 - 29,29.8,69.8,0.9,70.7
30 - 39,34.3,70.8,0.8,71.6
40 - 49,44.0,76.5,0.5,77.0
50 - 59,54.0,80.4,0.3,80.7
60 - 69,68.9,86.7,0.4,87.10000000000001
70 - 79,81.1,92.1,0.8,92.89999999999999
80+,81.2,94.6,1.6,96.19999999999999
