altersklasse_covid19,COVID19FirstBoosterPersons,COVID19FullyVaccPersons,COVID19PartiallyVaccPersons,fully+partiallyVacc
0 - 9,0.0,0.5,4.8,5.3
10 - 19,14.7,50.6,4.0,54.6
20 - 29,30.0,69.5,0.9,70.4
30 - 39,38.0,72.9,0.7,73.60000000000001
40 - 49,49.4,77.9,0.6,78.5
50 - 59,55.2,80.4,0.4,80.80000000000001
60 - 69,65.1,85.2,0.5,85.7
70 - 79,76.4,88.8,0.8,89.6
80+,78.2,95.4,1.3,96.7
