altersklasse_covid19,COVID19FirstBoosterPersons,COVID19FullyVaccPersons,COVID19PartiallyVaccPersons,fully+partiallyVacc
0 - 9,0.0,0.2,0.0,0.2
10 - 19,1.5,40.4,3.1,43.5
20 - 29,5.6,62.3,2.5,64.8
30 - 39,8.3,67.7,2.6,70.3
40 - 49,13.2,71.7,1.7,73.4
5 - 11,0.0,0.2,0.2,0.4
50 - 59,22.2,75.2,1.4,76.60000000000001
60 - 69,43.8,82.9,1.4,84.30000000000001
70 - 79,63.7,90.0,0.6,90.6
80+,64.7,94.4,2.1,96.5
