altersklasse_covid19,COVID19FirstBoosterPersons,COVID19FullyVaccPersons,COVID19PartiallyVaccPersons,fully+partiallyVacc
0 - 9,0.0,2.1,0.4,2.5
10 - 19,11.6,39.0,1.1,40.1
20 - 29,23.8,59.0,0.8,59.8
30 - 39,29.8,60.2,0.7,60.900000000000006
40 - 49,40.6,68.7,0.7,69.4
50 - 59,47.5,71.5,0.4,71.9
60 - 69,62.5,81.8,0.5,82.3
70 - 79,69.1,88.1,1.0,89.1
80+,62.1,94.1,2.8,96.89999999999999
