altersklasse_covid19,COVID19FirstBoosterPersons,COVID19FullyVaccPersons,COVID19PartiallyVaccPersons,fully+partiallyVacc
0 - 9,0.0,0.9,1.4,2.3
10 - 19,9.9,37.4,2.1,39.5
20 - 29,21.7,58.6,1.0,59.6
30 - 39,27.4,59.9,0.8,60.699999999999996
40 - 49,38.1,68.5,0.7,69.2
50 - 59,44.8,71.2,0.5,71.7
60 - 69,60.1,81.6,0.6,82.19999999999999
70 - 79,67.4,88.0,1.0,89.0
80+,60.2,93.9,2.9,96.80000000000001
