altersklasse_covid19,COVID19FirstBoosterPersons,COVID19FullyVaccPersons,COVID19PartiallyVaccPersons,fully+partiallyVacc
0 - 9,0.1,0.1,0.1,0.2
10 - 19,3.6,40.1,3.2,43.300000000000004
20 - 29,15.4,66.5,2.7,69.2
30 - 39,21.2,71.1,2.3,73.39999999999999
40 - 49,27.5,75.5,2.0,77.5
50 - 59,35.5,78.3,2.0,80.3
60 - 69,53.8,85.8,1.6,87.39999999999999
70 - 79,67.2,90.3,1.1,91.39999999999999
80+,65.6,94.0,1.4,95.4
