altersklasse_covid19,COVID19FirstBoosterPersons,COVID19FullyVaccPersons,COVID19PartiallyVaccPersons,fully+partiallyVacc
0 - 9,0.1,0.2,3.4,3.6
10 - 19,9.9,47.4,4.1,51.5
20 - 29,24.9,68.9,1.5,70.4
30 - 39,29.6,70.0,1.3,71.3
40 - 49,39.1,76.1,0.8,76.89999999999999
50 - 59,48.4,80.1,0.5,80.6
60 - 69,64.0,86.5,0.6,87.1
70 - 79,78.0,91.9,0.9,92.80000000000001
80+,78.4,94.2,1.8,96.0
