altersklasse_covid19,COVID19FirstBoosterPersons,COVID19FullyVaccPersons,COVID19PartiallyVaccPersons,fully+partiallyVacc
0 - 9,0.0,1.8,0.7,2.5
10 - 19,11.0,41.2,1.7,42.900000000000006
20 - 29,24.4,60.3,1.5,61.8
30 - 39,30.4,62.4,1.3,63.699999999999996
40 - 49,39.7,69.1,1.3,70.39999999999999
50 - 59,49.4,74.2,1.7,75.9
60 - 69,65.0,83.1,1.9,85.0
70 - 79,76.2,89.8,1.4,91.2
80+,74.5,89.7,2.8,92.5
