altersklasse_covid19,COVID19FirstBoosterPersons,COVID19FullyVaccPersons,COVID19PartiallyVaccPersons,fully+partiallyVacc
0 - 9,0.1,0.0,0.0,0.0
10 - 19,2.1,45.1,2.6,47.7
20 - 29,8.3,66.7,2.4,69.10000000000001
30 - 39,10.6,68.2,2.0,70.2
40 - 49,16.4,74.9,1.4,76.30000000000001
5 - 11,0.0,0.0,0.0,0.0
50 - 59,23.6,79.1,1.1,80.19999999999999
60 - 69,42.7,85.7,1.0,86.7
70 - 79,67.0,91.3,1.2,92.5
80+,68.9,93.6,2.1,95.69999999999999
