altersklasse_covid19,COVID19FirstBoosterPersons,COVID19FullyVaccPersons,COVID19PartiallyVaccPersons,fully+partiallyVacc
0 - 9,0.1,0.1,1.4,1.5
10 - 19,10.7,41.4,2.0,43.4
20 - 29,27.7,68.6,1.1,69.69999999999999
30 - 39,28.5,65.7,0.8,66.5
40 - 49,35.2,69.0,0.8,69.8
50 - 59,45.2,74.4,0.7,75.10000000000001
60 - 69,59.7,81.6,0.4,82.0
70 - 79,74.5,89.6,0.4,90.0
80+,76.6,93.9,0.4,94.30000000000001
