altersklasse_covid19,COVID19FirstBoosterPersons,COVID19FullyVaccPersons,COVID19PartiallyVaccPersons,fully+partiallyVacc
0 - 9,0.0,0.2,1.8,2.0
10 - 19,8.0,36.1,3.0,39.1
20 - 29,18.8,58.0,1.4,59.4
30 - 39,25.7,59.4,1.3,60.699999999999996
40 - 49,35.8,68.3,0.8,69.1
50 - 59,42.6,71.0,0.6,71.6
60 - 69,58.1,81.5,0.6,82.1
70 - 79,65.9,87.9,1.2,89.10000000000001
80+,59.2,93.8,3.0,96.8
