altersklasse_covid19,COVID19FirstBoosterPersons,COVID19FullyVaccPersons,COVID19PartiallyVaccPersons,fully+partiallyVacc
0 - 9,0.0,0.0,0.0,0.0
10 - 19,0.7,42.8,2.8,45.599999999999994
20 - 29,4.6,68.3,2.4,70.7
30 - 39,7.2,70.5,2.2,72.7
40 - 49,10.9,75.5,1.7,77.2
50 - 59,19.9,79.1,1.6,80.69999999999999
60 - 69,37.4,84.9,1.4,86.30000000000001
70 - 79,59.9,90.0,1.2,91.2
80+,63.4,93.2,2.0,95.2
