altersklasse_covid19,COVID19FirstBoosterPersons,COVID19FullyVaccPersons,COVID19PartiallyVaccPersons,fully+partiallyVacc
0 - 9,0.1,1.9,2.4,4.3
10 - 19,13.9,49.5,2.8,52.3
20 - 29,29.4,69.7,1.0,70.7
30 - 39,34.0,70.7,0.8,71.5
40 - 49,43.6,76.5,0.6,77.1
50 - 59,53.5,80.3,0.4,80.7
60 - 69,68.5,86.7,0.4,87.10000000000001
70 - 79,80.8,92.1,0.8,92.89999999999999
80+,80.9,94.5,1.6,96.1
