altersklasse_covid19,COVID19FirstBoosterPersons,COVID19FullyVaccPersons,COVID19PartiallyVaccPersons,fully+partiallyVacc
0 - 9,0.1,0.1,0.2,0.30000000000000004
10 - 19,4.8,40.4,3.3,43.699999999999996
20 - 29,19.0,67.0,2.6,69.6
30 - 39,26.0,71.4,2.2,73.60000000000001
40 - 49,32.9,75.7,1.9,77.60000000000001
50 - 59,40.4,78.5,1.9,80.4
60 - 69,57.2,85.9,1.5,87.4
70 - 79,69.3,90.4,1.1,91.5
80+,67.4,94.2,1.3,95.5
