altersklasse_covid19,COVID19FirstBoosterPersons,COVID19FullyVaccPersons,COVID19PartiallyVaccPersons,fully+partiallyVacc
0 - 9,0.1,1.4,2.8,4.199999999999999
10 - 19,12.3,46.9,3.2,50.1
20 - 29,27.6,69.2,1.3,70.5
30 - 39,32.6,71.3,1.1,72.39999999999999
40 - 49,41.3,75.9,0.9,76.80000000000001
50 - 59,51.0,80.7,0.6,81.3
60 - 69,66.4,87.7,0.8,88.5
70 - 79,78.1,93.5,0.5,94.0
80+,78.7,96.6,1.5,98.1
