altersklasse_covid19,COVID19FirstBoosterPersons,COVID19FullyVaccPersons,COVID19PartiallyVaccPersons,fully+partiallyVacc
0 - 9,0.0,0.1,0.5,0.6
10 - 19,4.7,48.9,2.1,51.0
20 - 29,14.9,68.3,1.5,69.8
30 - 39,20.4,71.9,1.2,73.10000000000001
40 - 49,32.3,77.3,0.9,78.2
50 - 59,42.6,80.0,0.7,80.7
60 - 69,55.8,84.9,0.7,85.60000000000001
70 - 79,72.0,88.6,0.9,89.5
80+,74.8,95.0,1.6,96.6
