altersklasse_covid19,COVID19FirstBoosterPersons,COVID19FullyVaccPersons,COVID19PartiallyVaccPersons,fully+partiallyVacc
0 - 9,0.0,0.1,2.2,2.3000000000000003
10 - 19,7.4,45.1,3.7,48.800000000000004
20 - 29,22.9,70.2,1.8,72.0
30 - 39,29.0,72.3,1.6,73.89999999999999
40 - 49,36.5,76.7,1.3,78.0
50 - 59,45.4,80.0,1.2,81.2
60 - 69,60.4,85.8,1.1,86.89999999999999
70 - 79,74.0,90.6,1.0,91.6
80+,75.2,94.0,1.7,95.7
