altersklasse_covid19,COVID19FirstBoosterPersons,COVID19FullyVaccPersons,COVID19PartiallyVaccPersons,fully+partiallyVacc
0 - 4,0.0,0.0,0.0,0.0
0 - 9,0.0,1.2,0.2,1.4
10 - 19,8.4,36.9,1.2,38.1
20 - 29,25.2,62.5,0.6,63.1
30 - 39,28.8,64.3,0.6,64.89999999999999
40 - 49,36.7,70.6,0.3,70.89999999999999
50 - 59,46.5,76.9,0.1,77.0
60 - 69,62.9,83.2,-0.2,83.0
70 - 79,77.6,89.2,-0.0,89.2
80+,86.4,90.7,0.4,91.10000000000001
