altersklasse_covid19,COVID19FirstBoosterPersons,COVID19FullyVaccPersons,COVID19PartiallyVaccPersons,fully+partiallyVacc
0 - 9,0.0,0.1,1.5,1.6
10 - 19,8.0,49.4,2.7,52.1
20 - 29,22.0,68.8,1.3,70.1
30 - 39,30.9,72.3,1.0,73.3
40 - 49,42.9,77.5,0.7,78.2
50 - 59,50.0,80.2,0.6,80.8
60 - 69,61.0,85.1,0.6,85.69999999999999
70 - 79,74.2,88.7,0.9,89.60000000000001
80+,76.4,95.1,1.5,96.6
