altersklasse_covid19,COVID19FirstBoosterPersons,COVID19FullyVaccPersons,COVID19PartiallyVaccPersons,fully+partiallyVacc
0 - 9,0.1,0.0,0.0,0.0
10 - 19,2.4,39.6,3.2,42.800000000000004
20 - 29,11.1,66.0,2.9,68.9
30 - 39,15.5,70.6,2.5,73.1
40 - 49,21.2,75.2,2.1,77.3
50 - 59,29.6,78.1,2.1,80.19999999999999
60 - 69,49.1,85.6,1.6,87.19999999999999
70 - 79,64.4,90.1,1.2,91.3
80+,63.5,93.9,1.4,95.30000000000001
