altersklasse_covid19,COVID19FirstBoosterPersons,COVID19FullyVaccPersons,COVID19PartiallyVaccPersons,fully+partiallyVacc
0 - 9,0.1,0.0,0.0,0.0
10 - 19,4.3,39.6,1.8,41.4
20 - 29,14.5,66.8,2.0,68.8
30 - 39,15.2,63.9,1.9,65.8
40 - 49,20.2,68.4,1.2,69.60000000000001
5 - 11,0.0,0.0,-0.0,0.0
50 - 59,31.5,73.7,1.1,74.8
60 - 69,47.9,80.7,1.0,81.7
70 - 79,65.3,88.9,0.7,89.60000000000001
80+,69.3,93.4,0.5,93.9
