altersklasse_covid19,COVID19FirstBoosterPersons,COVID19FullyVaccPersons,COVID19PartiallyVaccPersons,fully+partiallyVacc
0 - 9,0.0,1.9,0.8,2.7
10 - 19,13.3,45.1,2.0,47.1
20 - 29,29.7,65.0,1.2,66.2
30 - 39,34.8,69.6,1.5,71.1
40 - 49,43.6,72.8,0.8,73.6
50 - 59,51.6,75.8,0.9,76.7
60 - 69,67.5,83.7,0.8,84.5
70 - 79,76.8,90.4,0.4,90.80000000000001
80+,77.7,95.4,1.4,96.80000000000001
