altersklasse_covid19,COVID19FirstBoosterPersons,COVID19FullyVaccPersons,COVID19PartiallyVaccPersons,fully+partiallyVacc
0 - 9,0.0,1.8,0.5,2.3
10 - 19,10.5,38.2,1.4,39.6
20 - 29,22.4,58.8,0.8,59.599999999999994
30 - 39,28.2,60.1,0.7,60.800000000000004
40 - 49,38.8,68.6,0.7,69.3
50 - 59,45.3,71.3,0.4,71.7
60 - 69,60.7,81.7,0.5,82.2
70 - 79,67.9,88.1,1.0,89.1
80+,60.6,94.0,2.9,96.9
