altersklasse_covid19,COVID19FirstBoosterPersons,COVID19FullyVaccPersons,COVID19PartiallyVaccPersons,fully+partiallyVacc
0 - 9,0.1,0.5,3.7,4.2
10 - 19,12.1,46.2,3.8,50.0
20 - 29,27.1,69.0,1.4,70.4
30 - 39,32.0,71.2,1.2,72.4
40 - 49,40.8,75.8,1.0,76.8
50 - 59,50.4,80.6,0.6,81.19999999999999
60 - 69,65.8,87.7,0.8,88.5
70 - 79,77.8,93.5,0.5,94.0
80+,78.3,96.6,1.6,98.19999999999999
