altersklasse_covid19,COVID19FirstBoosterPersons,COVID19FullyVaccPersons,COVID19PartiallyVaccPersons,fully+partiallyVacc
0 - 9,0.0,0.8,1.6,2.4000000000000004
10 - 19,7.5,36.5,2.5,39.0
20 - 29,20.1,57.2,1.0,58.2
30 - 39,26.1,60.8,1.2,62.0
40 - 49,35.5,66.4,0.8,67.2
50 - 59,42.6,70.9,0.8,71.7
60 - 69,55.8,78.2,0.9,79.10000000000001
70 - 79,67.6,84.6,0.9,85.5
80+,65.8,85.3,1.5,86.8
