altersklasse_covid19,COVID19FirstBoosterPersons,COVID19FullyVaccPersons,COVID19PartiallyVaccPersons,fully+partiallyVacc
0 - 9,0.0,0.2,1.3,1.5
10 - 19,7.4,36.3,2.7,39.0
20 - 29,21.2,61.0,1.2,62.2
30 - 39,25.8,64.7,0.9,65.60000000000001
40 - 49,33.2,70.1,0.6,70.69999999999999
50 - 59,43.4,76.2,0.2,76.4
60 - 69,59.5,84.6,0.1,84.69999999999999
70 - 79,73.5,89.8,0.1,89.89999999999999
80+,73.9,92.1,0.5,92.6
