altersklasse_covid19,COVID19FirstBoosterPersons,COVID19FullyVaccPersons,COVID19PartiallyVaccPersons,fully+partiallyVacc
0 - 9,0.0,1.5,0.9,2.4
10 - 19,10.7,40.7,2.1,42.800000000000004
20 - 29,23.8,60.1,1.6,61.7
30 - 39,29.8,62.3,1.4,63.699999999999996
40 - 49,39.2,69.1,1.3,70.39999999999999
50 - 59,48.7,74.1,1.7,75.8
60 - 69,64.4,83.0,2.0,85.0
70 - 79,75.7,89.8,1.4,91.2
80+,74.0,89.6,2.9,92.5
