altersklasse_covid19,COVID19FirstBoosterPersons,COVID19FullyVaccPersons,COVID19PartiallyVaccPersons,fully+partiallyVacc
0 - 9,0.0,2.1,0.4,2.5
10 - 19,11.8,38.8,1.0,39.8
20 - 29,25.0,60.7,0.8,61.5
30 - 39,30.3,60.3,0.6,60.9
40 - 49,41.0,68.1,0.6,68.69999999999999
50 - 59,49.2,72.8,0.4,73.2
60 - 69,61.6,79.6,0.4,80.0
70 - 79,69.3,86.8,1.1,87.89999999999999
80+,65.7,91.9,2.9,94.80000000000001
