altersklasse_covid19,COVID19FirstBoosterPersons,COVID19FullyVaccPersons,COVID19PartiallyVaccPersons,fully+partiallyVacc
0 - 4,0.1,0.1,0.0,0.1
0 - 9,0.0,1.8,0.7,2.5
10 - 19,10.2,37.9,1.6,39.5
20 - 29,23.5,58.9,0.8,59.699999999999996
30 - 39,29.2,60.4,0.9,61.3
40 - 49,39.1,67.0,0.7,67.7
50 - 59,46.1,70.9,0.7,71.60000000000001
60 - 69,57.2,75.7,0.7,76.4
70 - 79,69.1,83.4,0.8,84.2
80+,67.7,83.4,1.4,84.80000000000001
