altersklasse_covid19,COVID19FirstBoosterPersons,COVID19FullyVaccPersons,COVID19PartiallyVaccPersons,fully+partiallyVacc
0 - 9,0.0,0.9,0.5,1.4
10 - 19,8.4,32.0,1.8,33.8
20 - 29,20.2,53.9,0.4,54.3
30 - 39,23.2,55.8,1.0,56.8
40 - 49,32.3,62.5,0.7,63.2
50 - 59,40.8,68.4,0.4,68.80000000000001
60 - 69,55.9,77.7,-0.4,77.3
70 - 79,66.6,87.2,-0.1,87.10000000000001
80+,59.8,84.0,0.4,84.4
