altersklasse_covid19,COVID19FirstBoosterPersons,COVID19FullyVaccPersons,COVID19PartiallyVaccPersons,fully+partiallyVacc
0 - 9,0.0,0.2,0.0,0.2
10 - 19,1.3,40.3,3.2,43.5
20 - 29,4.8,62.2,2.4,64.60000000000001
30 - 39,7.5,67.6,2.6,70.19999999999999
40 - 49,12.0,71.7,1.7,73.4
5 - 11,0.0,0.2,0.2,0.4
50 - 59,20.8,75.2,1.4,76.60000000000001
60 - 69,42.7,82.9,1.4,84.30000000000001
70 - 79,63.2,90.0,0.6,90.6
80+,64.6,94.4,2.0,96.4
