altersklasse_covid19,COVID19FirstBoosterPersons,COVID19FullyVaccPersons,COVID19PartiallyVaccPersons,fully+partiallyVacc
0 - 9,0.1,0.1,1.7,1.8
10 - 19,7.2,46.7,3.2,49.900000000000006
20 - 29,20.5,68.3,1.7,70.0
30 - 39,24.5,69.6,1.4,71.0
40 - 49,33.0,75.8,1.0,76.8
50 - 59,41.9,79.8,0.7,80.5
60 - 69,58.8,86.3,0.7,87.0
70 - 79,75.1,91.8,1.0,92.8
80+,75.8,94.1,1.8,95.89999999999999
