altersklasse_covid19,COVID19FirstBoosterPersons,COVID19FullyVaccPersons,COVID19PartiallyVaccPersons,fully+partiallyVacc
0 - 9,0.0,2.8,0.9,3.6999999999999997
10 - 19,14.0,48.9,1.9,50.8
20 - 29,31.7,71.4,1.2,72.60000000000001
30 - 39,37.5,73.2,1.0,74.2
40 - 49,45.2,77.3,0.9,78.2
50 - 59,54.2,80.5,0.8,81.3
60 - 69,67.8,86.1,0.7,86.8
70 - 79,78.8,90.9,0.6,91.5
80+,80.4,94.4,1.3,95.7
