altersklasse_covid19,COVID19FirstBoosterPersons,COVID19FullyVaccPersons,COVID19PartiallyVaccPersons,fully+partiallyVacc
0 - 9,0.0,0.1,2.1,2.2
10 - 19,9.2,38.8,3.6,42.4
20 - 29,21.7,59.4,2.2,61.6
30 - 39,27.9,61.8,1.8,63.599999999999994
40 - 49,37.4,68.8,1.5,70.3
50 - 59,46.5,73.9,1.9,75.80000000000001
60 - 69,62.2,82.8,2.1,84.89999999999999
70 - 79,73.8,89.6,1.5,91.1
80+,72.4,89.6,3.0,92.6
