altersklasse_covid19,COVID19FirstBoosterPersons,COVID19FullyVaccPersons,COVID19PartiallyVaccPersons,fully+partiallyVacc
0 - 9,0.0,0.1,1.1,1.2000000000000002
10 - 19,6.7,49.2,2.4,51.6
20 - 29,18.9,68.6,1.3,69.89999999999999
30 - 39,26.4,72.2,1.0,73.2
40 - 49,38.3,77.5,0.8,78.3
50 - 59,46.6,80.1,0.6,80.69999999999999
60 - 69,58.7,85.0,0.6,85.6
70 - 79,73.4,88.6,0.8,89.39999999999999
80+,75.8,95.0,1.6,96.6
