altersklasse_covid19,COVID19FirstBoosterPersons,COVID19FullyVaccPersons,COVID19PartiallyVaccPersons,fully+partiallyVacc
0 - 9,0.1,0.0,0.0,0.0
10 - 19,1.1,39.2,3.1,42.300000000000004
20 - 29,5.8,65.6,3.0,68.6
30 - 39,9.7,70.3,2.5,72.8
40 - 49,14.2,75.0,2.2,77.2
50 - 59,22.2,77.9,2.1,80.0
60 - 69,43.4,85.4,1.7,87.10000000000001
70 - 79,61.6,90.0,1.2,91.2
80+,60.9,93.8,1.3,95.1
