altersklasse_covid19,COVID19FirstBoosterPersons,COVID19FullyVaccPersons,COVID19PartiallyVaccPersons,fully+partiallyVacc
0 - 9,0.0,1.4,1.0,2.4
10 - 19,10.6,40.6,2.2,42.800000000000004
20 - 29,23.7,60.1,1.7,61.800000000000004
30 - 39,29.8,62.3,1.4,63.699999999999996
40 - 49,39.1,69.0,1.3,70.3
50 - 59,48.6,74.1,1.8,75.89999999999999
60 - 69,64.3,83.0,2.0,85.0
70 - 79,75.7,89.8,1.4,91.2
80+,74.0,89.6,2.9,92.5
