altersklasse_covid19,COVID19FirstBoosterPersons,COVID19FullyVaccPersons,COVID19PartiallyVaccPersons,fully+partiallyVacc
0 - 9,0.0,4.3,1.6,5.9
10 - 19,17.6,53.9,1.6,55.5
20 - 29,33.1,69.9,0.7,70.60000000000001
30 - 39,41.7,73.4,0.4,73.80000000000001
40 - 49,52.7,78.0,0.5,78.5
50 - 59,58.2,80.5,0.4,80.9
60 - 69,67.6,85.4,0.4,85.80000000000001
70 - 79,77.9,89.0,0.7,89.7
80+,79.4,95.5,1.3,96.8
