altersklasse_covid19,COVID19FirstBoosterPersons,COVID19FullyVaccPersons,COVID19PartiallyVaccPersons,fully+partiallyVacc
0 - 9,0.0,1.5,0.3,1.8
10 - 19,10.2,38.9,1.1,40.0
20 - 29,25.3,62.0,0.6,62.6
30 - 39,29.4,65.3,0.6,65.89999999999999
40 - 49,36.9,70.5,0.4,70.9
50 - 59,47.4,76.6,0.1,76.69999999999999
60 - 69,63.2,84.9,-0.1,84.80000000000001
70 - 79,76.6,90.0,0.0,90.0
80+,84.2,92.3,0.4,92.7
