altersklasse_covid19,COVID19FirstBoosterPersons,COVID19FullyVaccPersons,COVID19PartiallyVaccPersons,fully+partiallyVacc
0 - 9,0.0,0.0,0.0,0.0
10 - 19,0.9,47.7,2.2,49.900000000000006
20 - 29,5.1,67.5,1.8,69.3
30 - 39,6.8,71.2,1.4,72.60000000000001
40 - 49,17.1,77.0,1.0,78.0
50 - 59,29.9,79.6,0.9,80.5
60 - 69,46.4,84.5,0.9,85.4
70 - 79,68.0,88.4,1.0,89.4
80+,72.2,94.6,1.7,96.3
