altersklasse_covid19,COVID19FirstBoosterPersons,COVID19FullyVaccPersons,COVID19PartiallyVaccPersons,fully+partiallyVacc
0 - 4,0.0,0.2,0.0,0.2
0 - 9,0.0,1.9,0.8,2.7
10 - 19,13.4,45.1,2.0,47.1
20 - 29,31.6,67.3,1.2,68.5
30 - 39,34.9,68.2,1.4,69.60000000000001
40 - 49,44.4,73.0,0.8,73.8
50 - 59,52.3,75.6,0.8,76.39999999999999
60 - 69,66.8,80.6,0.7,81.3
70 - 79,79.4,89.3,0.4,89.7
80+,77.6,91.5,1.3,92.8
