altersklasse_covid19,COVID19FirstBoosterPersons,COVID19FullyVaccPersons,COVID19PartiallyVaccPersons,fully+partiallyVacc
0 - 9,0.0,1.9,0.6,2.5
10 - 19,11.8,41.7,1.6,43.300000000000004
20 - 29,25.4,60.4,1.5,61.9
30 - 39,31.5,62.6,1.2,63.800000000000004
40 - 49,40.8,69.2,1.3,70.5
50 - 59,50.5,74.2,1.7,75.9
60 - 69,66.1,83.1,1.9,85.0
70 - 79,77.0,89.8,1.3,91.1
80+,74.9,89.7,2.8,92.5
