altersklasse_covid19,COVID19FirstBoosterPersons,COVID19FullyVaccPersons,COVID19PartiallyVaccPersons,fully+partiallyVacc
0 - 9,0.0,0.1,1.0,1.1
10 - 19,7.0,30.6,2.9,33.5
20 - 29,17.9,53.3,0.8,54.099999999999994
30 - 39,21.2,55.4,1.1,56.5
40 - 49,30.3,62.2,0.8,63.0
50 - 59,39.4,68.2,0.4,68.60000000000001
60 - 69,53.8,77.6,-0.2,77.39999999999999
70 - 79,65.7,86.8,0.2,87.0
80+,58.7,83.7,0.7,84.4
