altersklasse_covid19,COVID19FirstBoosterPersons,COVID19FullyVaccPersons,COVID19PartiallyVaccPersons,fully+partiallyVacc
0 - 9,0.0,0.0,0.0,0.0
10 - 19,1.6,34.0,2.5,36.5
20 - 29,5.8,55.8,2.4,58.199999999999996
30 - 39,10.2,57.6,1.9,59.5
40 - 49,17.7,67.3,1.3,68.6
5 - 11,0.0,0.0,0.0,0.0
50 - 59,23.8,70.1,1.1,71.19999999999999
60 - 69,43.0,80.8,1.1,81.89999999999999
70 - 79,58.3,87.2,1.6,88.8
80+,54.2,93.1,3.4,96.5
