altersklasse_covid19,COVID19FirstBoosterPersons,COVID19FullyVaccPersons,COVID19PartiallyVaccPersons,fully+partiallyVacc
0 - 9,0.1,0.1,1.4,1.5
10 - 19,6.0,46.2,3.3,49.5
20 - 29,17.1,67.9,1.9,69.80000000000001
30 - 39,20.4,69.2,1.6,70.8
40 - 49,28.5,75.6,1.1,76.69999999999999
50 - 59,36.9,79.6,0.8,80.39999999999999
60 - 69,54.0,86.1,0.8,86.89999999999999
70 - 79,72.6,91.7,1.0,92.7
80+,73.7,93.9,1.9,95.80000000000001
