altersklasse_covid19,COVID19FirstBoosterPersons,COVID19FullyVaccPersons,COVID19PartiallyVaccPersons,fully+partiallyVacc
0 - 9,0.1,2.0,2.3,4.3
10 - 19,14.0,49.6,2.7,52.300000000000004
20 - 29,29.6,69.7,0.9,70.60000000000001
30 - 39,34.1,70.7,0.8,71.5
40 - 49,43.8,76.5,0.6,77.1
50 - 59,53.7,80.3,0.4,80.7
60 - 69,68.6,86.7,0.4,87.10000000000001
70 - 79,80.9,92.1,0.8,92.89999999999999
80+,81.1,94.5,1.6,96.1
