altersklasse_covid19,COVID19FirstBoosterPersons,COVID19FullyVaccPersons,COVID19PartiallyVaccPersons,fully+partiallyVacc
0 - 9,0.1,0.0,0.0,0.0
10 - 19,1.3,42.4,2.7,45.1
20 - 29,6.5,66.0,2.5,68.5
30 - 39,8.4,68.6,2.3,70.89999999999999
40 - 49,12.9,74.2,1.7,75.9
5 - 11,0.0,0.0,0.0,0.0
50 - 59,18.8,79.3,1.3,80.6
60 - 69,37.1,86.8,1.2,88.0
70 - 79,63.2,92.9,0.7,93.60000000000001
80+,67.1,95.7,2.0,97.7
