altersklasse_covid19,COVID19FirstBoosterPersons,COVID19FullyVaccPersons,COVID19PartiallyVaccPersons,fully+partiallyVacc
0 - 9,0.1,3.6,1.0,4.6
10 - 19,16.1,50.8,1.3,52.099999999999994
20 - 29,33.1,70.8,0.8,71.6
30 - 39,36.7,70.2,0.6,70.8
40 - 49,46.4,75.7,0.5,76.2
50 - 59,57.1,80.5,0.3,80.8
60 - 69,70.0,84.4,0.4,84.80000000000001
70 - 79,82.1,90.5,0.7,91.2
80+,83.6,91.6,1.4,93.0
