altersklasse_covid19,COVID19FirstBoosterPersons,COVID19FullyVaccPersons,COVID19PartiallyVaccPersons,fully+partiallyVacc
0 - 9,0.0,0.1,1.8,1.9000000000000001
10 - 19,6.6,44.8,3.6,48.4
20 - 29,21.0,70.0,1.9,71.9
30 - 39,26.9,72.1,1.7,73.8
40 - 49,34.2,76.6,1.4,78.0
50 - 59,43.2,79.9,1.2,81.10000000000001
60 - 69,58.4,85.7,1.2,86.9
70 - 79,72.8,90.6,1.0,91.6
80+,74.1,93.9,1.7,95.60000000000001
