altersklasse_covid19,COVID19FirstBoosterPersons,COVID19FullyVaccPersons,COVID19PartiallyVaccPersons,fully+partiallyVacc
0 - 9,0.0,0.4,2.0,2.4
10 - 19,7.2,36.0,3.0,39.0
20 - 29,19.9,57.1,1.1,58.2
30 - 39,26.0,60.8,1.2,62.0
40 - 49,35.3,66.4,0.9,67.30000000000001
50 - 59,42.3,70.9,0.8,71.7
60 - 69,55.5,78.3,0.9,79.2
70 - 79,67.4,84.6,0.9,85.5
80+,65.6,85.3,1.6,86.89999999999999
