altersklasse_covid19,COVID19FirstBoosterPersons,COVID19FullyVaccPersons,COVID19PartiallyVaccPersons,fully+partiallyVacc
0 - 4,0.0,0.1,0.0,0.1
0 - 9,0.0,4.7,1.4,6.1
10 - 19,19.7,54.3,1.4,55.699999999999996
20 - 29,36.1,70.9,0.7,71.60000000000001
30 - 39,43.6,73.0,0.4,73.4
40 - 49,54.8,78.1,0.5,78.6
50 - 59,59.5,80.2,0.4,80.60000000000001
60 - 69,67.0,83.0,0.4,83.4
70 - 79,79.0,88.9,0.8,89.7
80+,79.3,91.8,1.2,93.0
