altersklasse_covid19,COVID19FirstBoosterPersons,COVID19FullyVaccPersons,COVID19PartiallyVaccPersons,fully+partiallyVacc
0 - 9,0.0,4.6,1.4,6.0
10 - 19,18.3,54.1,1.6,55.7
20 - 29,33.6,70.0,0.7,70.7
30 - 39,42.2,73.4,0.4,73.80000000000001
40 - 49,53.1,78.0,0.5,78.5
50 - 59,58.6,80.5,0.4,80.9
60 - 69,67.8,85.4,0.4,85.80000000000001
70 - 79,78.0,89.0,0.7,89.7
80+,79.5,95.6,1.3,96.89999999999999
