altersklasse_covid19,COVID19FirstBoosterPersons,COVID19FullyVaccPersons,COVID19PartiallyVaccPersons,fully+partiallyVacc
0 - 9,0.0,1.0,4.4,5.4
10 - 19,15.3,51.1,3.6,54.7
20 - 29,30.6,69.6,0.8,70.39999999999999
30 - 39,38.6,73.0,0.6,73.6
40 - 49,49.9,77.9,0.6,78.5
50 - 59,55.6,80.4,0.4,80.80000000000001
60 - 69,65.4,85.2,0.5,85.7
70 - 79,76.6,88.8,0.8,89.6
80+,78.4,95.4,1.3,96.7
