altersklasse_covid19,COVID19FirstBoosterPersons,COVID19FullyVaccPersons,COVID19PartiallyVaccPersons,fully+partiallyVacc
0 - 9,0.1,0.1,2.0,2.1
10 - 19,6.0,41.1,4.5,45.6
20 - 29,22.2,67.4,2.4,69.80000000000001
30 - 39,29.8,71.8,2.0,73.8
40 - 49,36.8,75.9,1.8,77.7
50 - 59,44.2,78.7,1.8,80.5
60 - 69,60.0,86.0,1.4,87.4
70 - 79,71.1,90.5,1.0,91.5
80+,69.1,94.4,1.2,95.60000000000001
