altersklasse_covid19,COVID19FirstBoosterPersons,COVID19FullyVaccPersons,COVID19PartiallyVaccPersons,fully+partiallyVacc
0 - 9,0.0,0.1,0.0,0.1
10 - 19,4.4,34.7,2.3,37.0
20 - 29,10.9,56.4,2.2,58.6
30 - 39,16.2,58.2,1.7,59.900000000000006
40 - 49,24.8,67.6,1.2,68.8
50 - 59,31.1,70.3,1.1,71.39999999999999
60 - 69,49.3,81.0,1.0,82.0
70 - 79,60.8,87.3,1.6,88.89999999999999
80+,56.1,93.2,3.4,96.60000000000001
