altersklasse_covid19,COVID19FirstBoosterPersons,COVID19FullyVaccPersons,COVID19PartiallyVaccPersons,fully+partiallyVacc
0 - 9,0.1,3.2,1.2,4.4
10 - 19,14.1,48.7,1.9,50.6
20 - 29,30.0,69.7,1.0,70.7
30 - 39,35.0,71.7,0.9,72.60000000000001
40 - 49,43.6,76.1,0.8,76.89999999999999
50 - 59,53.6,80.9,0.5,81.4
60 - 69,68.8,88.0,0.7,88.7
70 - 79,79.5,93.6,0.4,94.0
80+,79.9,96.9,1.4,98.30000000000001
