altersklasse_covid19,COVID19FirstBoosterPersons,COVID19FullyVaccPersons,COVID19PartiallyVaccPersons,fully+partiallyVacc
0 - 9,0.0,0.0,0.0,0.0
10 - 19,0.3,42.0,2.9,44.9
20 - 29,2.1,67.7,2.4,70.10000000000001
30 - 39,3.5,69.9,2.2,72.10000000000001
40 - 49,5.5,75.1,1.8,76.89999999999999
50 - 59,10.3,78.8,1.6,80.39999999999999
60 - 69,25.6,84.6,1.5,86.1
70 - 79,49.3,89.8,1.2,91.0
80+,53.7,92.6,1.9,94.5
