altersklasse_covid19,COVID19FirstBoosterPersons,COVID19FullyVaccPersons,COVID19PartiallyVaccPersons,fully+partiallyVacc
0 - 9,0.1,0.1,1.6,1.7000000000000002
10 - 19,6.9,46.6,3.2,49.800000000000004
20 - 29,19.8,68.2,1.7,69.9
30 - 39,23.5,69.5,1.5,71.0
40 - 49,32.0,75.7,1.0,76.7
50 - 59,40.6,79.8,0.7,80.5
60 - 69,57.6,86.2,0.7,86.9
70 - 79,74.4,91.8,1.0,92.8
80+,75.1,94.0,1.8,95.8
