altersklasse_covid19,COVID19FirstBoosterPersons,COVID19FullyVaccPersons,COVID19PartiallyVaccPersons,fully+partiallyVacc
0 - 9,0.0,1.1,0.7,1.8
10 - 19,8.3,37.4,2.6,40.0
20 - 29,21.9,59.9,3.8,63.699999999999996
30 - 39,26.5,65.1,2.9,68.0
40 - 49,34.9,67.1,2.8,69.89999999999999
50 - 59,41.6,69.8,2.5,72.3
60 - 69,57.8,79.9,1.3,81.2
70 - 79,73.9,87.4,1.3,88.7
80+,74.8,87.4,1.2,88.60000000000001
