altersklasse_covid19,COVID19FirstBoosterPersons,COVID19FullyVaccPersons,COVID19PartiallyVaccPersons,fully+partiallyVacc
0 - 9,0.0,1.8,0.8,2.6
10 - 19,11.7,44.3,2.3,46.599999999999994
20 - 29,27.4,64.7,1.5,66.2
30 - 39,33.0,69.9,1.5,71.4
40 - 49,41.3,73.0,0.9,73.9
50 - 59,49.7,76.2,0.9,77.10000000000001
60 - 69,66.2,83.7,0.9,84.60000000000001
70 - 79,76.1,90.6,0.4,91.0
80+,75.5,95.5,1.4,96.9
