altersklasse_covid19,COVID19FirstBoosterPersons,COVID19FullyVaccPersons,COVID19PartiallyVaccPersons,fully+partiallyVacc
0 - 9,0.0,3.7,1.9,5.6
10 - 19,16.3,53.0,1.9,54.9
20 - 29,31.8,69.8,0.7,70.5
30 - 39,39.7,73.2,0.4,73.60000000000001
40 - 49,51.0,78.0,0.5,78.5
50 - 59,56.6,80.4,0.4,80.80000000000001
60 - 69,66.4,85.3,0.5,85.8
70 - 79,77.1,88.9,0.7,89.60000000000001
80+,78.8,95.5,1.3,96.8
