altersklasse_covid19,COVID19FirstBoosterPersons,COVID19FullyVaccPersons,COVID19PartiallyVaccPersons,fully+partiallyVacc
0 - 9,0.1,0.8,2.4,3.2
10 - 19,10.1,42.8,4.1,46.9
20 - 29,27.6,68.2,2.0,70.2
30 - 39,34.6,72.5,1.6,74.1
40 - 49,41.6,76.4,1.5,77.9
50 - 59,48.7,79.0,1.6,80.6
60 - 69,64.0,86.4,1.2,87.60000000000001
70 - 79,73.8,90.7,0.9,91.60000000000001
80+,71.9,94.7,1.1,95.8
