altersklasse_covid19,COVID19FirstBoosterPersons,COVID19FullyVaccPersons,COVID19PartiallyVaccPersons,fully+partiallyVacc
0 - 9,0.0,0.0,0.1,0.1
10 - 19,3.3,34.8,2.2,37.0
20 - 29,13.1,59.5,1.8,61.3
30 - 39,17.0,63.4,1.6,65.0
40 - 49,23.4,69.3,1.0,70.3
50 - 59,34.1,75.6,0.6,76.19999999999999
60 - 69,51.8,84.0,0.4,84.4
70 - 79,68.7,89.4,0.4,89.80000000000001
80+,70.6,91.5,0.9,92.4
