altersklasse_covid19,COVID19FirstBoosterPersons,COVID19FullyVaccPersons,COVID19PartiallyVaccPersons,fully+partiallyVacc
0 - 9,0.0,0.0,0.0,0.0
10 - 19,2.2,43.4,2.8,46.199999999999996
20 - 29,9.5,68.8,2.4,71.2
30 - 39,12.6,71.0,2.2,73.2
40 - 49,17.8,75.8,1.7,77.5
5 - 11,0.0,0.0,0.0,0.0
50 - 59,28.2,79.4,1.5,80.9
60 - 69,45.5,85.2,1.4,86.60000000000001
70 - 79,65.6,90.2,1.2,91.4
80+,68.3,93.5,1.9,95.4
