altersklasse_covid19,COVID19FirstBoosterPersons,COVID19FullyVaccPersons,COVID19PartiallyVaccPersons,fully+partiallyVacc
0 - 9,0.0,0.0,0.0,0.0
10 - 19,2.6,48.2,2.1,50.300000000000004
20 - 29,8.9,67.8,1.8,69.6
30 - 39,11.5,71.5,1.3,72.8
40 - 49,22.9,77.2,1.0,78.2
5 - 11,0.0,0.0,0.0,0.0
50 - 59,35.6,79.7,0.9,80.60000000000001
60 - 69,50.7,84.7,0.8,85.5
70 - 79,69.6,88.4,1.0,89.4
80+,73.2,94.7,1.6,96.3
