altersklasse_covid19,COVID19FirstBoosterPersons,COVID19FullyVaccPersons,COVID19PartiallyVaccPersons,fully+partiallyVacc
0 - 9,0.0,0.1,0.1,0.2
10 - 19,0.3,37.3,2.5,39.8
20 - 29,1.6,61.2,2.2,63.400000000000006
30 - 39,3.3,66.5,2.6,69.1
40 - 49,5.6,70.9,1.7,72.60000000000001
50 - 59,10.0,74.2,1.3,75.5
60 - 69,27.9,82.3,1.3,83.6
70 - 79,52.1,89.7,0.5,90.2
80+,57.0,94.1,1.9,96.0
