altersklasse_covid19,COVID19FirstBoosterPersons,COVID19FullyVaccPersons,COVID19PartiallyVaccPersons,fully+partiallyVacc
0 - 9,0.0,0.0,0.0,0.0
10 - 19,0.0,32.8,2.3,35.099999999999994
20 - 29,0.7,54.3,2.0,56.3
30 - 39,1.2,56.6,1.8,58.4
40 - 49,2.6,66.2,1.3,67.5
50 - 59,4.2,69.4,1.0,70.4
60 - 69,18.1,80.1,0.9,81.0
70 - 79,40.2,86.6,1.2,87.8
80+,36.7,92.1,3.3,95.39999999999999
