altersklasse_covid19,COVID19FirstBoosterPersons,COVID19FullyVaccPersons,COVID19PartiallyVaccPersons,fully+partiallyVacc
0 - 9,0.1,0.2,3.9,4.1
10 - 19,11.4,45.7,4.2,49.900000000000006
20 - 29,26.2,68.7,1.7,70.4
30 - 39,31.2,70.9,1.4,72.30000000000001
40 - 49,40.1,75.7,1.1,76.8
50 - 59,49.6,80.5,0.7,81.2
60 - 69,65.1,87.6,0.9,88.5
70 - 79,77.3,93.4,0.5,93.9
80+,78.0,96.5,1.6,98.1
