altersklasse_covid19,COVID19FirstBoosterPersons,COVID19FullyVaccPersons,COVID19PartiallyVaccPersons,fully+partiallyVacc
0 - 9,0.0,0.1,1.8,1.9000000000000001
10 - 19,7.2,38.2,3.7,41.900000000000006
20 - 29,19.4,59.0,2.3,61.3
30 - 39,25.5,61.5,1.9,63.4
40 - 49,34.9,68.6,1.6,70.19999999999999
50 - 59,43.9,73.7,2.0,75.7
60 - 69,59.9,82.7,2.2,84.9
70 - 79,72.2,89.5,1.6,91.1
80+,70.7,89.4,3.1,92.5
