altersklasse_covid19,COVID19FirstBoosterPersons,COVID19FullyVaccPersons,COVID19PartiallyVaccPersons,fully+partiallyVacc
0 - 9,0.0,1.7,0.8,2.5
10 - 19,8.2,37.3,1.8,39.099999999999994
20 - 29,20.8,57.4,0.8,58.199999999999996
30 - 39,26.9,61.1,1.0,62.1
40 - 49,36.5,66.6,0.7,67.3
50 - 59,43.5,71.1,0.7,71.8
60 - 69,56.7,78.4,0.8,79.2
70 - 79,68.2,84.7,0.8,85.5
80+,66.3,85.5,1.4,86.9
