altersklasse_covid19,COVID19FirstBoosterPersons,COVID19FullyVaccPersons,COVID19PartiallyVaccPersons,fully+partiallyVacc
0 - 9,0.1,0.0,0.0,0.0
10 - 19,1.6,39.1,2.0,41.1
20 - 29,5.5,66.4,2.2,68.60000000000001
30 - 39,7.2,63.6,1.9,65.5
40 - 49,9.9,68.3,1.2,69.5
50 - 59,17.5,73.6,1.1,74.69999999999999
60 - 69,26.9,80.6,1.0,81.6
70 - 79,33.5,88.8,0.8,89.6
80+,35.9,93.3,0.5,93.8
