altersklasse_covid19,COVID19FirstBoosterPersons,COVID19FullyVaccPersons,COVID19PartiallyVaccPersons,fully+partiallyVacc
0 - 9,0.0,0.0,2.2,2.2
10 - 19,3.8,47.3,4.9,52.199999999999996
20 - 29,12.7,68.0,2.5,70.5
30 - 39,18.2,70.5,2.3,72.8
40 - 49,26.0,76.8,1.7,78.5
50 - 59,40.9,81.1,1.3,82.39999999999999
60 - 69,58.4,87.2,1.1,88.3
70 - 79,70.5,90.7,0.9,91.60000000000001
80+,71.7,94.2,1.8,96.0
