altersklasse_covid19,COVID19FirstBoosterPersons,COVID19FullyVaccPersons,COVID19PartiallyVaccPersons,fully+partiallyVacc
0 - 9,0.0,2.3,1.2,3.5
10 - 19,12.5,48.1,2.1,50.2
20 - 29,29.3,71.3,1.1,72.39999999999999
30 - 39,35.1,73.1,1.0,74.1
40 - 49,42.7,77.2,0.9,78.10000000000001
50 - 59,51.9,80.5,0.8,81.3
60 - 69,65.8,86.1,0.7,86.8
70 - 79,77.4,90.9,0.7,91.60000000000001
80+,78.2,94.3,1.3,95.6
