altersklasse_covid19,COVID19FirstBoosterPersons,COVID19FullyVaccPersons,COVID19PartiallyVaccPersons,fully+partiallyVacc
0 - 9,0.0,1.7,0.8,2.5
10 - 19,10.9,41.0,1.8,42.8
20 - 29,24.1,60.2,1.5,61.7
30 - 39,30.1,62.4,1.3,63.699999999999996
40 - 49,39.4,69.1,1.3,70.39999999999999
50 - 59,49.1,74.1,1.7,75.8
60 - 69,64.8,83.0,2.0,85.0
70 - 79,76.0,89.8,1.4,91.2
80+,74.2,89.7,2.8,92.5
