altersklasse_covid19,COVID19FirstBoosterPersons,COVID19FullyVaccPersons,COVID19PartiallyVaccPersons,fully+partiallyVacc
0 - 9,0.0,0.1,2.1,2.2
10 - 19,7.1,45.0,3.7,48.7
20 - 29,22.3,70.2,1.9,72.10000000000001
30 - 39,28.3,72.2,1.6,73.8
40 - 49,35.7,76.6,1.3,77.89999999999999
50 - 59,44.7,80.0,1.2,81.2
60 - 69,59.8,85.7,1.1,86.8
70 - 79,73.6,90.6,1.0,91.6
80+,74.8,94.0,1.7,95.7
