altersklasse_covid19,COVID19FirstBoosterPersons,COVID19FullyVaccPersons,COVID19PartiallyVaccPersons,fully+partiallyVacc
0 - 9,0.1,0.3,3.8,4.1
10 - 19,12.4,47.9,4.2,52.1
20 - 29,27.4,69.2,1.4,70.60000000000001
30 - 39,32.1,70.3,1.1,71.39999999999999
40 - 49,41.7,76.3,0.7,77.0
50 - 59,51.4,80.2,0.5,80.7
60 - 69,66.5,86.6,0.5,87.1
70 - 79,79.5,92.0,0.8,92.8
80+,79.8,94.3,1.7,96.0
