altersklasse_covid19,COVID19FirstBoosterPersons,COVID19FullyVaccPersons,COVID19PartiallyVaccPersons,fully+partiallyVacc
0 - 9,0.0,1.3,2.1,3.4000000000000004
10 - 19,11.8,47.0,3.1,50.1
20 - 29,28.5,71.0,1.4,72.4
30 - 39,34.3,72.8,1.3,74.1
40 - 49,41.9,77.0,1.1,78.1
50 - 59,51.1,80.3,1.0,81.3
60 - 69,65.1,85.9,0.9,86.80000000000001
70 - 79,76.9,90.7,0.8,91.5
80+,77.7,94.0,1.5,95.5
