altersklasse_covid19,COVID19FirstBoosterPersons,COVID19FullyVaccPersons,COVID19PartiallyVaccPersons,fully+partiallyVacc
0 - 9,0.0,1.2,0.6,1.7999999999999998
10 - 19,9.4,38.1,2.4,40.5
20 - 29,23.3,60.3,3.6,63.9
30 - 39,27.7,65.3,2.8,68.1
40 - 49,36.1,67.3,2.6,69.89999999999999
50 - 59,43.0,69.8,2.4,72.2
60 - 69,58.8,79.8,1.3,81.1
70 - 79,74.8,87.8,1.2,89.0
80+,75.4,87.9,1.3,89.2
