altersklasse_covid19,COVID19FirstBoosterPersons,COVID19FullyVaccPersons,COVID19PartiallyVaccPersons,fully+partiallyVacc
0 - 9,0.1,0.0,0.0,0.0
10 - 19,2.3,42.9,3.0,45.9
20 - 29,10.0,66.6,2.6,69.19999999999999
30 - 39,12.7,69.0,2.2,71.2
40 - 49,18.5,74.4,1.7,76.10000000000001
50 - 59,26.0,79.6,1.2,80.8
60 - 69,44.1,87.0,1.2,88.2
70 - 79,67.1,93.0,0.7,93.7
80+,70.3,95.9,1.9,97.80000000000001
