altersklasse_covid19,COVID19FirstBoosterPersons,COVID19FullyVaccPersons,COVID19PartiallyVaccPersons,fully+partiallyVacc
0 - 9,0.1,0.1,1.3,1.4000000000000001
10 - 19,8.9,40.8,2.2,43.0
20 - 29,23.9,68.0,1.5,69.5
30 - 39,25.7,65.2,1.2,66.4
40 - 49,31.4,68.9,0.9,69.80000000000001
50 - 59,42.0,74.2,0.9,75.10000000000001
60 - 69,57.0,81.3,0.7,82.0
70 - 79,71.0,89.4,0.5,89.9
80+,74.8,93.8,0.4,94.2
