altersklasse_covid19,COVID19FirstBoosterPersons,COVID19FullyVaccPersons,COVID19PartiallyVaccPersons,fully+partiallyVacc
0 - 9,0.1,3.2,1.2,4.4
10 - 19,14.8,48.4,1.8,50.199999999999996
20 - 29,31.5,70.9,1.1,72.0
30 - 39,35.1,70.6,0.9,71.5
40 - 49,44.0,75.6,0.8,76.39999999999999
50 - 59,54.6,81.4,0.5,81.9
60 - 69,67.5,85.5,0.6,86.1
70 - 79,78.8,91.9,0.4,92.30000000000001
80+,80.7,94.2,1.4,95.60000000000001
