altersklasse_covid19,COVID19FirstBoosterPersons,COVID19FullyVaccPersons,COVID19PartiallyVaccPersons,fully+partiallyVacc
0 - 9,0.0,0.6,2.7,3.3000000000000003
10 - 19,11.2,46.2,3.7,49.900000000000006
20 - 29,27.7,70.8,1.6,72.39999999999999
30 - 39,33.6,72.7,1.4,74.10000000000001
40 - 49,41.3,77.0,1.2,78.2
50 - 59,50.4,80.3,1.0,81.3
60 - 69,64.4,86.0,1.0,87.0
70 - 79,76.4,90.8,0.9,91.7
80+,77.3,94.2,1.6,95.8
