altersklasse_covid19,COVID19FirstBoosterPersons,COVID19FullyVaccPersons,COVID19PartiallyVaccPersons,fully+partiallyVacc
0 - 9,0.0,1.4,0.3,1.7
10 - 19,10.0,38.8,1.1,39.9
20 - 29,24.9,61.9,0.6,62.5
30 - 39,29.0,65.3,0.6,65.89999999999999
40 - 49,36.6,70.4,0.4,70.80000000000001
50 - 59,46.8,76.6,0.1,76.69999999999999
60 - 69,62.4,84.8,-0.1,84.7
70 - 79,75.4,89.9,0.0,89.9
80+,75.8,92.2,0.4,92.60000000000001
