altersklasse_covid19,COVID19FirstBoosterPersons,COVID19FullyVaccPersons,COVID19PartiallyVaccPersons,fully+partiallyVacc
0 - 9,0.0,0.1,4.4,4.5
10 - 19,8.8,48.3,5.4,53.699999999999996
20 - 29,30.8,74.2,1.9,76.10000000000001
30 - 39,38.1,78.6,1.6,80.19999999999999
40 - 49,43.2,80.8,1.5,82.3
50 - 59,53.7,81.0,1.0,82.0
60 - 69,64.9,85.4,0.8,86.2
70 - 79,74.8,89.0,1.1,90.1
80+,76.1,92.4,1.8,94.2
