altersklasse_covid19,COVID19FirstBoosterPersons,COVID19FullyVaccPersons,COVID19PartiallyVaccPersons,fully+partiallyVacc
0 - 9,0.1,0.0,0.7,0.7
10 - 19,8.0,40.4,2.0,42.4
20 - 29,22.0,67.8,1.6,69.39999999999999
30 - 39,23.7,64.9,1.3,66.2
40 - 49,29.4,68.8,1.0,69.8
50 - 59,40.3,74.0,1.0,75.0
60 - 69,55.8,81.1,0.8,81.89999999999999
70 - 79,70.5,89.4,0.5,89.9
80+,73.9,93.7,0.5,94.2
