altersklasse_covid19,COVID19FirstBoosterPersons,COVID19FullyVaccPersons,COVID19PartiallyVaccPersons,fully+partiallyVacc
0 - 9,0.0,0.2,0.0,0.2
10 - 19,1.6,40.4,3.1,43.5
20 - 29,6.1,62.4,2.5,64.9
30 - 39,9.0,67.7,2.6,70.3
40 - 49,14.0,71.7,1.7,73.4
5 - 11,0.0,0.2,0.2,0.4
50 - 59,22.9,75.2,1.4,76.60000000000001
60 - 69,44.5,82.9,1.4,84.30000000000001
70 - 79,64.0,90.0,0.6,90.6
80+,64.9,94.4,2.1,96.5
