altersklasse_covid19,COVID19FirstBoosterPersons,COVID19FullyVaccPersons,COVID19PartiallyVaccPersons,fully+partiallyVacc
0 - 9,0.0,0.0,0.0,0.0
10 - 19,2.6,43.4,2.8,46.199999999999996
20 - 29,10.5,68.9,2.4,71.30000000000001
30 - 39,13.8,71.1,2.1,73.19999999999999
40 - 49,19.3,75.9,1.7,77.60000000000001
50 - 59,29.6,79.4,1.5,80.9
60 - 69,46.8,85.2,1.4,86.60000000000001
70 - 79,66.2,90.3,1.2,91.5
80+,68.8,93.5,1.9,95.4
