altersklasse_covid19,COVID19FirstBoosterPersons,COVID19FullyVaccPersons,COVID19PartiallyVaccPersons,fully+partiallyVacc
0 - 9,0.0,0.0,0.0,0.0
10 - 19,5.2,47.0,3.5,50.5
20 - 29,18.8,73.4,2.3,75.7
30 - 39,22.2,77.9,1.9,79.80000000000001
40 - 49,27.9,80.2,1.8,82.0
50 - 59,44.4,80.6,1.1,81.69999999999999
60 - 69,57.9,85.0,1.0,86.0
70 - 79,71.2,88.7,1.2,89.9
80+,73.8,91.9,2.1,94.0
