altersklasse_covid19,COVID19FirstBoosterPersons,COVID19FullyVaccPersons,COVID19PartiallyVaccPersons,fully+partiallyVacc
0 - 9,0.1,0.2,2.7,2.9000000000000004
10 - 19,7.7,41.6,4.9,46.5
20 - 29,25.0,67.8,2.3,70.1
30 - 39,32.5,72.1,1.9,74.0
40 - 49,39.4,76.1,1.7,77.8
50 - 59,46.5,78.9,1.7,80.60000000000001
60 - 69,62.0,86.2,1.4,87.60000000000001
70 - 79,72.4,90.6,0.9,91.5
80+,70.5,94.5,1.2,95.7
