altersklasse_covid19,COVID19FirstBoosterPersons,COVID19FullyVaccPersons,COVID19PartiallyVaccPersons,fully+partiallyVacc
0 - 9,0.1,1.1,3.1,4.2
10 - 19,13.5,48.8,3.5,52.3
20 - 29,28.8,69.5,1.2,70.7
30 - 39,33.4,70.6,0.9,71.5
40 - 49,43.0,76.4,0.6,77.0
50 - 59,52.9,80.3,0.4,80.7
60 - 69,67.9,86.6,0.5,87.1
70 - 79,80.5,92.1,0.8,92.89999999999999
80+,80.5,94.4,1.7,96.10000000000001
