altersklasse_covid19,COVID19FirstBoosterPersons,COVID19FullyVaccPersons,COVID19PartiallyVaccPersons,fully+partiallyVacc
0 - 9,0.0,0.0,0.0,0.0
10 - 19,0.6,42.8,2.8,45.599999999999994
20 - 29,4.1,68.2,2.4,70.60000000000001
30 - 39,6.4,70.4,2.2,72.60000000000001
40 - 49,9.9,75.5,1.7,77.2
50 - 59,18.4,79.1,1.6,80.69999999999999
60 - 69,35.9,84.9,1.4,86.30000000000001
70 - 79,58.8,90.0,1.2,91.2
80+,62.0,92.8,1.9,94.7
