altersklasse_covid19,COVID19FirstBoosterPersons,COVID19FullyVaccPersons,COVID19PartiallyVaccPersons,fully+partiallyVacc
0 - 9,0.1,2.1,2.2,4.300000000000001
10 - 19,14.1,49.8,2.6,52.4
20 - 29,29.7,69.7,0.9,70.60000000000001
30 - 39,34.2,70.7,0.8,71.5
40 - 49,43.9,76.5,0.6,77.1
50 - 59,53.8,80.4,0.4,80.80000000000001
60 - 69,68.8,86.7,0.4,87.10000000000001
70 - 79,81.0,92.1,0.8,92.89999999999999
80+,81.2,94.5,1.6,96.1
