altersklasse_covid19,COVID19FirstBoosterPersons,COVID19FullyVaccPersons,COVID19PartiallyVaccPersons,fully+partiallyVacc
0 - 9,0.0,1.3,0.4,1.7000000000000002
10 - 19,8.7,38.1,1.3,39.4
20 - 29,23.2,61.7,0.7,62.400000000000006
30 - 39,27.6,65.1,0.6,65.69999999999999
40 - 49,34.8,70.4,0.4,70.80000000000001
50 - 59,45.2,76.5,0.1,76.6
60 - 69,61.2,84.8,-0.0,84.8
70 - 79,74.6,89.9,0.0,89.9
80+,74.6,92.2,0.4,92.60000000000001
