altersklasse_covid19,COVID19FirstBoosterPersons,COVID19FullyVaccPersons,COVID19PartiallyVaccPersons,fully+partiallyVacc
0 - 4,0.1,0.1,0.0,0.1
0 - 9,0.0,1.8,0.7,2.5
10 - 19,10.2,37.9,1.6,39.5
20 - 29,23.6,58.9,0.7,59.6
30 - 39,29.3,60.3,0.9,61.199999999999996
40 - 49,39.2,67.0,0.7,67.7
50 - 59,46.2,70.9,0.6,71.5
60 - 69,57.4,75.6,0.8,76.39999999999999
70 - 79,69.2,83.4,0.8,84.2
80+,68.0,83.4,1.4,84.80000000000001
