altersklasse_covid19,COVID19FirstBoosterPersons,COVID19FullyVaccPersons,COVID19PartiallyVaccPersons,fully+partiallyVacc
0 - 9,0.1,0.1,3.7,3.8000000000000003
10 - 19,9.0,45.1,4.6,49.7
20 - 29,24.7,68.4,1.9,70.30000000000001
30 - 39,29.8,70.7,1.6,72.3
40 - 49,38.4,75.6,1.2,76.8
50 - 59,47.7,80.4,0.8,81.2
60 - 69,63.5,87.6,0.9,88.5
70 - 79,76.4,93.4,0.6,94.0
80+,77.2,96.4,1.7,98.10000000000001
