altersklasse_covid19,COVID19FirstBoosterPersons,COVID19FullyVaccPersons,COVID19PartiallyVaccPersons,fully+partiallyVacc
0 - 9,0.0,0.3,1.2,1.5
10 - 19,7.7,36.5,2.6,39.1
20 - 29,21.6,61.1,1.1,62.2
30 - 39,26.1,64.7,0.9,65.60000000000001
40 - 49,33.5,70.1,0.6,70.69999999999999
50 - 59,43.6,76.3,0.2,76.5
60 - 69,59.7,84.6,0.1,84.69999999999999
70 - 79,73.6,89.8,0.1,89.89999999999999
80+,74.0,92.1,0.5,92.6
