altersklasse_covid19,COVID19FirstBoosterPersons,COVID19FullyVaccPersons,COVID19PartiallyVaccPersons,fully+partiallyVacc
0 - 9,0.0,0.1,5.0,5.1
10 - 19,8.5,49.2,5.5,54.7
20 - 29,22.7,69.1,2.1,71.19999999999999
30 - 39,27.7,71.4,1.9,73.30000000000001
40 - 49,37.3,77.3,1.5,78.8
50 - 59,48.7,81.6,1.1,82.69999999999999
60 - 69,65.2,87.6,0.9,88.5
70 - 79,75.6,91.0,0.7,91.7
80+,75.9,94.6,1.6,96.19999999999999
