altersklasse_covid19,COVID19FirstBoosterPersons,COVID19FullyVaccPersons,COVID19PartiallyVaccPersons,fully+partiallyVacc
0 - 9,0.0,0.1,2.6,2.7
10 - 19,8.5,45.4,4.0,49.4
20 - 29,24.8,70.4,1.8,72.2
30 - 39,31.0,72.4,1.6,74.0
40 - 49,38.7,76.8,1.2,78.0
50 - 59,47.6,80.1,1.1,81.19999999999999
60 - 69,62.1,85.8,1.1,86.89999999999999
70 - 79,74.9,90.7,1.0,91.7
80+,76.0,94.1,1.7,95.8
