altersklasse_covid19,COVID19FirstBoosterPersons,COVID19FullyVaccPersons,COVID19PartiallyVaccPersons,fully+partiallyVacc
0 - 9,0.1,0.0,0.1,0.1
10 - 19,3.0,43.2,2.9,46.1
20 - 29,11.4,66.8,2.5,69.3
30 - 39,14.3,69.3,2.1,71.39999999999999
40 - 49,20.4,74.6,1.6,76.19999999999999
50 - 59,28.4,79.7,1.1,80.8
60 - 69,46.5,87.0,1.2,88.2
70 - 79,68.5,93.1,0.7,93.8
80+,71.2,95.9,1.9,97.80000000000001
