altersklasse_covid19,COVID19FirstBoosterPersons,COVID19FullyVaccPersons,COVID19PartiallyVaccPersons,fully+partiallyVacc
0 - 9,0.1,1.1,0.8,1.9000000000000001
10 - 19,11.2,42.2,1.4,43.6
20 - 29,27.5,69.1,0.9,70.0
30 - 39,28.6,65.9,0.6,66.5
40 - 49,34.9,69.1,0.8,69.89999999999999
50 - 59,44.3,74.4,0.7,75.10000000000001
60 - 69,53.6,81.7,0.3,82.0
70 - 79,56.7,89.9,0.1,90.0
80+,57.4,94.0,0.3,94.3
