altersklasse_covid19,COVID19FirstBoosterPersons,COVID19FullyVaccPersons,COVID19PartiallyVaccPersons,fully+partiallyVacc
0 - 9,0.0,0.0,0.8,0.8
10 - 19,3.0,47.2,3.8,51.0
20 - 29,11.0,67.9,2.5,70.4
30 - 39,16.1,70.4,2.4,72.80000000000001
40 - 49,22.9,76.8,1.7,78.5
50 - 59,39.0,81.1,1.3,82.39999999999999
60 - 69,57.2,87.2,1.1,88.3
70 - 79,69.6,90.6,0.9,91.5
80+,71.0,94.2,1.8,96.0
