altersklasse_covid19,COVID19FirstBoosterPersons,COVID19FullyVaccPersons,COVID19PartiallyVaccPersons,fully+partiallyVacc
0 - 9,0.0,0.0,2.2,2.2
10 - 19,4.3,47.7,4.7,52.400000000000006
20 - 29,13.8,68.2,2.4,70.60000000000001
30 - 39,19.3,70.7,2.2,72.9
40 - 49,27.3,76.9,1.6,78.5
50 - 59,41.7,81.2,1.3,82.5
60 - 69,59.1,87.3,1.1,88.39999999999999
70 - 79,70.9,90.7,0.8,91.5
80+,72.0,94.3,1.8,96.1
