altersklasse_covid19,COVID19FirstBoosterPersons,COVID19FullyVaccPersons,COVID19PartiallyVaccPersons,fully+partiallyVacc
0 - 9,0.0,0.0,0.0,0.0
10 - 19,0.0,32.8,2.3,35.099999999999994
20 - 29,0.7,54.3,2.0,56.3
30 - 39,1.2,56.6,1.9,58.5
40 - 49,2.7,66.2,1.3,67.5
50 - 59,4.3,69.4,1.1,70.5
60 - 69,18.2,80.1,1.0,81.1
70 - 79,40.4,86.6,1.3,87.89999999999999
80+,37.8,92.2,3.3,95.5
