altersklasse_covid19,COVID19FirstBoosterPersons,COVID19FullyVaccPersons,COVID19PartiallyVaccPersons,fully+partiallyVacc
0 - 9,0.0,2.0,0.6,2.6
10 - 19,12.5,41.4,1.5,42.9
20 - 29,27.0,62.0,1.5,63.5
30 - 39,31.8,61.6,1.2,62.800000000000004
40 - 49,41.3,68.5,1.3,69.8
50 - 59,51.8,74.6,1.7,76.3
60 - 69,65.1,80.4,1.9,82.30000000000001
70 - 79,76.8,87.8,1.3,89.1
80+,77.5,87.4,2.7,90.10000000000001
