altersklasse_covid19,COVID19FirstBoosterPersons,COVID19FullyVaccPersons,COVID19PartiallyVaccPersons,fully+partiallyVacc
0 - 4,0.1,0.1,0.1,0.2
0 - 9,0.1,3.2,1.2,4.4
10 - 19,14.9,48.5,1.8,50.3
20 - 29,31.8,71.0,1.0,72.0
30 - 39,35.4,70.7,0.9,71.60000000000001
40 - 49,44.4,75.7,0.8,76.5
50 - 59,55.1,81.4,0.5,81.9
60 - 69,68.6,85.6,0.6,86.19999999999999
70 - 79,80.4,91.9,0.4,92.30000000000001
80+,82.2,94.2,1.3,95.5
