altersklasse_covid19,COVID19FirstBoosterPersons,COVID19FullyVaccPersons,COVID19PartiallyVaccPersons,fully+partiallyVacc
0 - 9,0.1,2.3,1.0,3.3
10 - 19,11.4,44.7,2.6,47.300000000000004
20 - 29,29.4,68.6,1.8,70.39999999999999
30 - 39,36.4,72.7,1.5,74.2
40 - 49,43.4,76.5,1.4,77.9
50 - 59,50.6,79.1,1.5,80.6
60 - 69,65.7,86.4,1.2,87.60000000000001
70 - 79,74.9,90.8,0.8,91.6
80+,73.7,94.9,1.0,95.9
