altersklasse_covid19,COVID19FirstBoosterPersons,COVID19FullyVaccPersons,COVID19PartiallyVaccPersons,fully+partiallyVacc
0 - 9,0.0,0.0,0.7,0.7
10 - 19,4.8,44.2,3.1,47.300000000000004
20 - 29,16.5,69.5,2.1,71.6
30 - 39,21.4,71.6,1.9,73.5
40 - 49,28.0,76.3,1.5,77.8
50 - 59,37.5,79.7,1.4,81.10000000000001
60 - 69,53.5,85.5,1.3,86.8
70 - 79,70.0,90.4,1.1,91.5
80+,71.8,93.7,1.8,95.5
