altersklasse_covid19,COVID19FirstBoosterPersons,COVID19FullyVaccPersons,COVID19PartiallyVaccPersons,fully+partiallyVacc
0 - 9,0.0,1.9,0.8,2.7
10 - 19,13.3,45.1,2.0,47.1
20 - 29,30.0,65.1,1.2,66.3
30 - 39,34.9,69.7,1.4,71.10000000000001
40 - 49,43.7,72.8,0.8,73.6
50 - 59,51.7,75.8,0.9,76.7
60 - 69,67.7,83.7,0.8,84.5
70 - 79,77.1,90.4,0.4,90.80000000000001
80+,78.1,95.5,1.4,96.9
