altersklasse_covid19,COVID19FirstBoosterPersons,COVID19FullyVaccPersons,COVID19PartiallyVaccPersons,fully+partiallyVacc
0 - 9,0.0,1.9,0.8,2.7
10 - 19,13.2,45.1,2.0,47.1
20 - 29,29.6,65.0,1.2,66.2
30 - 39,34.8,69.6,1.5,71.1
40 - 49,43.6,72.8,0.8,73.6
50 - 59,51.5,75.8,0.8,76.6
60 - 69,67.5,83.6,0.8,84.39999999999999
70 - 79,76.8,90.4,0.4,90.80000000000001
80+,76.8,95.4,1.3,96.7
