altersklasse_covid19,COVID19FirstBoosterPersons,COVID19FullyVaccPersons,COVID19PartiallyVaccPersons,fully+partiallyVacc
0 - 9,0.1,2.4,1.0,3.4
10 - 19,12.9,44.8,2.4,47.199999999999996
20 - 29,32.2,70.1,1.7,71.8
30 - 39,37.6,71.6,1.4,73.0
40 - 49,45.0,76.4,1.4,77.80000000000001
50 - 59,52.3,79.3,1.4,80.7
60 - 69,65.1,83.9,1.1,85.0
70 - 79,74.8,89.6,0.8,90.39999999999999
80+,73.9,92.7,1.0,93.7
