altersklasse_covid19,COVID19FirstBoosterPersons,COVID19FullyVaccPersons,COVID19PartiallyVaccPersons,fully+partiallyVacc
0 - 9,0.0,0.1,0.1,0.2
10 - 19,5.1,30.2,2.2,32.4
20 - 29,14.0,52.5,1.3,53.8
30 - 39,16.8,54.6,1.8,56.4
40 - 49,25.6,61.9,0.8,62.699999999999996
50 - 59,35.0,67.8,0.4,68.2
60 - 69,50.5,77.4,-0.2,77.2
70 - 79,64.4,86.6,0.4,87.0
80+,57.7,83.4,0.9,84.30000000000001
