altersklasse_covid19,COVID19FirstBoosterPersons,COVID19FullyVaccPersons,COVID19PartiallyVaccPersons,fully+partiallyVacc
0 - 9,0.0,0.0,0.0,0.0
10 - 19,0.4,41.7,2.6,44.300000000000004
20 - 29,2.9,65.3,2.6,67.89999999999999
30 - 39,4.1,68.0,2.3,70.3
40 - 49,6.7,73.8,1.7,75.5
50 - 59,10.1,79.0,1.3,80.3
60 - 69,25.2,86.6,1.2,87.8
70 - 79,52.3,92.7,0.8,93.5
80+,57.9,95.4,2.0,97.4
